analysis_scope,method,dataset_name,dataset_family,language,sample_id,question_key,question_index,difficulty,ground_truth,selected_answer_counts,n_evaluation_units,correct_count_equivalent,question_mean_correct,has_answer_letters,source_artifact
main_panel150_gpt54nano,CoT (medium reasoning),medqa_test,medqa,en,medqa_panel4_150_116,test:100,100,medium,E,,3,3.0,1.0,False,thesis_github/data/evals/failure_prediction/panel150_gpt54nano_delta_ci_plot_v1/panel150_gpt54nano_per_question_method_accuracy_with_difficulty.csv
main_panel150_gpt54nano,CoT (medium reasoning),medqa_test,medqa,en,medqa_panel4_150_016,test:1000,1000,easy,C,,3,3.0,1.0,False,thesis_github/data/evals/failure_prediction/panel150_gpt54nano_delta_ci_plot_v1/panel150_gpt54nano_per_question_method_accuracy_with_difficulty.csv
main_panel150_gpt54nano,CoT (medium reasoning),medqa_test,medqa,en,medqa_panel4_150_117,test:1008,1008,medium,E,,3,0.0,0.0,False,thesis_github/data/evals/failure_prediction/panel150_gpt54nano_delta_ci_plot_v1/panel150_gpt54nano_per_question_method_accuracy_with_difficulty.csv
main_panel150_gpt54nano,CoT (medium reasoning),medqa_test,medqa,en,medqa_panel4_150_101,test:1010,1010,medium,C,,3,3.0,1.0,False,thesis_github/data/evals/failure_prediction/panel150_gpt54nano_delta_ci_plot_v1/panel150_gpt54nano_per_question_method_accuracy_with_difficulty.csv
main_panel150_gpt54nano,CoT (medium reasoning),medqa_test,medqa,en,medqa_panel4_150_118,test:1030,1030,medium,A,,3,3.0,1.0,False,thesis_github/data/evals/failure_prediction/panel150_gpt54nano_delta_ci_plot_v1/panel150_gpt54nano_per_question_method_accuracy_with_difficulty.csv
main_panel150_gpt54nano,CoT (medium reasoning),medqa_test,medqa,en,medqa_panel4_150_017,test:105,105,easy,B,,3,3.0,1.0,False,thesis_github/data/evals/failure_prediction/panel150_gpt54nano_delta_ci_plot_v1/panel150_gpt54nano_per_question_method_accuracy_with_difficulty.csv
main_panel150_gpt54nano,CoT (medium reasoning),medqa_test,medqa,en,medqa_panel4_150_119,test:1054,1054,medium,A,,3,3.0,1.0,False,thesis_github/data/evals/failure_prediction/panel150_gpt54nano_delta_ci_plot_v1/panel150_gpt54nano_per_question_method_accuracy_with_difficulty.csv
main_panel150_gpt54nano,CoT (medium reasoning),medqa_test,medqa,en,medqa_panel4_150_102,test:1057,1057,medium,B,,3,1.0,0.3333333333333333,False,thesis_github/data/evals/failure_prediction/panel150_gpt54nano_delta_ci_plot_v1/panel150_gpt54nano_per_question_method_accuracy_with_difficulty.csv
main_panel150_gpt54nano,CoT (medium reasoning),medqa_test,medqa,en,medqa_panel4_150_066,test:106,106,hard,C,,3,0.0,0.0,False,thesis_github/data/evals/failure_prediction/panel150_gpt54nano_delta_ci_plot_v1/panel150_gpt54nano_per_question_method_accuracy_with_difficulty.csv
main_panel150_gpt54nano,CoT (medium reasoning),medqa_test,medqa,en,medqa_panel4_150_120,test:1074,1074,medium,C,,3,3.0,1.0,False,thesis_github/data/evals/failure_prediction/panel150_gpt54nano_delta_ci_plot_v1/panel150_gpt54nano_per_question_method_accuracy_with_difficulty.csv
main_panel150_gpt54nano,CoT (medium reasoning),medqa_test,medqa,en,medqa_panel4_150_051,test:1076,1076,hard,B,,3,0.0,0.0,False,thesis_github/data/evals/failure_prediction/panel150_gpt54nano_delta_ci_plot_v1/panel150_gpt54nano_per_question_method_accuracy_with_difficulty.csv
main_panel150_gpt54nano,CoT (medium reasoning),medqa_test,medqa,en,medqa_panel4_150_018,test:1083,1083,easy,A,,3,3.0,1.0,False,thesis_github/data/evals/failure_prediction/panel150_gpt54nano_delta_ci_plot_v1/panel150_gpt54nano_per_question_method_accuracy_with_difficulty.csv
main_panel150_gpt54nano,CoT (medium reasoning),medqa_test,medqa,en,medqa_panel4_150_052,test:1100,1100,hard,B,,3,1.0,0.3333333333333333,False,thesis_github/data/evals/failure_prediction/panel150_gpt54nano_delta_ci_plot_v1/panel150_gpt54nano_per_question_method_accuracy_with_difficulty.csv
main_panel150_gpt54nano,CoT (medium reasoning),medqa_test,medqa,en,medqa_panel4_150_053,test:1106,1106,hard,C,,3,0.0,0.0,False,thesis_github/data/evals/failure_prediction/panel150_gpt54nano_delta_ci_plot_v1/panel150_gpt54nano_per_question_method_accuracy_with_difficulty.csv
main_panel150_gpt54nano,CoT (medium reasoning),medqa_test,medqa,en,medqa_panel4_150_001,test:1108,1108,easy,D,,3,3.0,1.0,False,thesis_github/data/evals/failure_prediction/panel150_gpt54nano_delta_ci_plot_v1/panel150_gpt54nano_per_question_method_accuracy_with_difficulty.csv
main_panel150_gpt54nano,CoT (medium reasoning),medqa_test,medqa,en,medqa_panel4_150_054,test:1135,1135,hard,E,,3,0.0,0.0,False,thesis_github/data/evals/failure_prediction/panel150_gpt54nano_delta_ci_plot_v1/panel150_gpt54nano_per_question_method_accuracy_with_difficulty.csv
main_panel150_gpt54nano,CoT (medium reasoning),medqa_test,medqa,en,medqa_panel4_150_103,test:1140,1140,medium,C,,3,3.0,1.0,False,thesis_github/data/evals/failure_prediction/panel150_gpt54nano_delta_ci_plot_v1/panel150_gpt54nano_per_question_method_accuracy_with_difficulty.csv
main_panel150_gpt54nano,CoT (medium reasoning),medqa_test,medqa,en,medqa_panel4_150_121,test:1149,1149,medium,B,,3,3.0,1.0,False,thesis_github/data/evals/failure_prediction/panel150_gpt54nano_delta_ci_plot_v1/panel150_gpt54nano_per_question_method_accuracy_with_difficulty.csv
main_panel150_gpt54nano,CoT (medium reasoning),medqa_test,medqa,en,medqa_panel4_150_104,test:1153,1153,medium,A,,3,3.0,1.0,False,thesis_github/data/evals/failure_prediction/panel150_gpt54nano_delta_ci_plot_v1/panel150_gpt54nano_per_question_method_accuracy_with_difficulty.csv
main_panel150_gpt54nano,CoT (medium reasoning),medqa_test,medqa,en,medqa_panel4_150_002,test:1155,1155,easy,E,,3,3.0,1.0,False,thesis_github/data/evals/failure_prediction/panel150_gpt54nano_delta_ci_plot_v1/panel150_gpt54nano_per_question_method_accuracy_with_difficulty.csv
main_panel150_gpt54nano,CoT (medium reasoning),medqa_test,medqa,en,medqa_panel4_150_055,test:1161,1161,hard,B,,3,3.0,1.0,False,thesis_github/data/evals/failure_prediction/panel150_gpt54nano_delta_ci_plot_v1/panel150_gpt54nano_per_question_method_accuracy_with_difficulty.csv
main_panel150_gpt54nano,CoT (medium reasoning),medqa_test,medqa,en,medqa_panel4_150_067,test:1164,1164,hard,A,,3,0.0,0.0,False,thesis_github/data/evals/failure_prediction/panel150_gpt54nano_delta_ci_plot_v1/panel150_gpt54nano_per_question_method_accuracy_with_difficulty.csv
main_panel150_gpt54nano,CoT (medium reasoning),medqa_test,medqa,en,medqa_panel4_150_122,test:117,117,medium,D,,3,3.0,1.0,False,thesis_github/data/evals/failure_prediction/panel150_gpt54nano_delta_ci_plot_v1/panel150_gpt54nano_per_question_method_accuracy_with_difficulty.csv
main_panel150_gpt54nano,CoT (medium reasoning),medqa_test,medqa,en,medqa_panel4_150_123,test:1179,1179,medium,C,,3,1.0,0.3333333333333333,False,thesis_github/data/evals/failure_prediction/panel150_gpt54nano_delta_ci_plot_v1/panel150_gpt54nano_per_question_method_accuracy_with_difficulty.csv
main_panel150_gpt54nano,CoT (medium reasoning),medqa_test,medqa,en,medqa_panel4_150_003,test:1182,1182,easy,A,,3,3.0,1.0,False,thesis_github/data/evals/failure_prediction/panel150_gpt54nano_delta_ci_plot_v1/panel150_gpt54nano_per_question_method_accuracy_with_difficulty.csv
main_panel150_gpt54nano,CoT (medium reasoning),medqa_test,medqa,en,medqa_panel4_150_004,test:1194,1194,easy,E,,3,3.0,1.0,False,thesis_github/data/evals/failure_prediction/panel150_gpt54nano_delta_ci_plot_v1/panel150_gpt54nano_per_question_method_accuracy_with_difficulty.csv
main_panel150_gpt54nano,CoT (medium reasoning),medqa_test,medqa,en,medqa_panel4_150_124,test:1203,1203,medium,C,,3,3.0,1.0,False,thesis_github/data/evals/failure_prediction/panel150_gpt54nano_delta_ci_plot_v1/panel150_gpt54nano_per_question_method_accuracy_with_difficulty.csv
main_panel150_gpt54nano,CoT (medium reasoning),medqa_test,medqa,en,medqa_panel4_150_005,test:1207,1207,easy,B,,3,3.0,1.0,False,thesis_github/data/evals/failure_prediction/panel150_gpt54nano_delta_ci_plot_v1/panel150_gpt54nano_per_question_method_accuracy_with_difficulty.csv
main_panel150_gpt54nano,CoT (medium reasoning),medqa_test,medqa,en,medqa_panel4_150_056,test:1220,1220,hard,A,,3,0.0,0.0,False,thesis_github/data/evals/failure_prediction/panel150_gpt54nano_delta_ci_plot_v1/panel150_gpt54nano_per_question_method_accuracy_with_difficulty.csv
main_panel150_gpt54nano,CoT (medium reasoning),medqa_test,medqa,en,medqa_panel4_150_068,test:1233,1233,hard,B,,3,0.0,0.0,False,thesis_github/data/evals/failure_prediction/panel150_gpt54nano_delta_ci_plot_v1/panel150_gpt54nano_per_question_method_accuracy_with_difficulty.csv
main_panel150_gpt54nano,CoT (medium reasoning),medqa_test,medqa,en,medqa_panel4_150_019,test:1259,1259,easy,C,,3,3.0,1.0,False,thesis_github/data/evals/failure_prediction/panel150_gpt54nano_delta_ci_plot_v1/panel150_gpt54nano_per_question_method_accuracy_with_difficulty.csv
main_panel150_gpt54nano,CoT (medium reasoning),medqa_test,medqa,en,medqa_panel4_150_020,test:1264,1264,easy,B,,3,3.0,1.0,False,thesis_github/data/evals/failure_prediction/panel150_gpt54nano_delta_ci_plot_v1/panel150_gpt54nano_per_question_method_accuracy_with_difficulty.csv
main_panel150_gpt54nano,CoT (medium reasoning),medqa_test,medqa,en,medqa_panel4_150_069,test:1269,1269,hard,E,,3,3.0,1.0,False,thesis_github/data/evals/failure_prediction/panel150_gpt54nano_delta_ci_plot_v1/panel150_gpt54nano_per_question_method_accuracy_with_difficulty.csv
main_panel150_gpt54nano,CoT (medium reasoning),medqa_test,medqa,en,medqa_panel4_150_070,test:1270,1270,hard,C,,3,0.0,0.0,False,thesis_github/data/evals/failure_prediction/panel150_gpt54nano_delta_ci_plot_v1/panel150_gpt54nano_per_question_method_accuracy_with_difficulty.csv
main_panel150_gpt54nano,CoT (medium reasoning),medqa_test,medqa,en,medqa_panel4_150_021,test:1271,1271,easy,C,,3,3.0,1.0,False,thesis_github/data/evals/failure_prediction/panel150_gpt54nano_delta_ci_plot_v1/panel150_gpt54nano_per_question_method_accuracy_with_difficulty.csv
main_panel150_gpt54nano,CoT (medium reasoning),medqa_test,medqa,en,medqa_panel4_150_071,test:128,128,hard,A,,3,0.0,0.0,False,thesis_github/data/evals/failure_prediction/panel150_gpt54nano_delta_ci_plot_v1/panel150_gpt54nano_per_question_method_accuracy_with_difficulty.csv
main_panel150_gpt54nano,CoT (medium reasoning),medqa_test,medqa,en,medqa_panel4_150_022,test:133,133,easy,B,,3,3.0,1.0,False,thesis_github/data/evals/failure_prediction/panel150_gpt54nano_delta_ci_plot_v1/panel150_gpt54nano_per_question_method_accuracy_with_difficulty.csv
main_panel150_gpt54nano,CoT (medium reasoning),medqa_test,medqa,en,medqa_panel4_150_006,test:140,140,easy,D,,3,3.0,1.0,False,thesis_github/data/evals/failure_prediction/panel150_gpt54nano_delta_ci_plot_v1/panel150_gpt54nano_per_question_method_accuracy_with_difficulty.csv
main_panel150_gpt54nano,CoT (medium reasoning),medqa_test,medqa,en,medqa_panel4_150_023,test:144,144,easy,D,,3,3.0,1.0,False,thesis_github/data/evals/failure_prediction/panel150_gpt54nano_delta_ci_plot_v1/panel150_gpt54nano_per_question_method_accuracy_with_difficulty.csv
main_panel150_gpt54nano,CoT (medium reasoning),medqa_test,medqa,en,medqa_panel4_150_072,test:15,15,hard,B,,3,0.0,0.0,False,thesis_github/data/evals/failure_prediction/panel150_gpt54nano_delta_ci_plot_v1/panel150_gpt54nano_per_question_method_accuracy_with_difficulty.csv
main_panel150_gpt54nano,CoT (medium reasoning),medqa_test,medqa,en,medqa_panel4_150_073,test:155,155,hard,E,,3,0.0,0.0,False,thesis_github/data/evals/failure_prediction/panel150_gpt54nano_delta_ci_plot_v1/panel150_gpt54nano_per_question_method_accuracy_with_difficulty.csv
main_panel150_gpt54nano,CoT (medium reasoning),medqa_test,medqa,en,medqa_panel4_150_024,test:161,161,easy,B,,3,3.0,1.0,False,thesis_github/data/evals/failure_prediction/panel150_gpt54nano_delta_ci_plot_v1/panel150_gpt54nano_per_question_method_accuracy_with_difficulty.csv
main_panel150_gpt54nano,CoT (medium reasoning),medqa_test,medqa,en,medqa_panel4_150_025,test:170,170,easy,C,,3,3.0,1.0,False,thesis_github/data/evals/failure_prediction/panel150_gpt54nano_delta_ci_plot_v1/panel150_gpt54nano_per_question_method_accuracy_with_difficulty.csv
main_panel150_gpt54nano,CoT (medium reasoning),medqa_test,medqa,en,medqa_panel4_150_125,test:171,171,medium,D,,3,0.0,0.0,False,thesis_github/data/evals/failure_prediction/panel150_gpt54nano_delta_ci_plot_v1/panel150_gpt54nano_per_question_method_accuracy_with_difficulty.csv
main_panel150_gpt54nano,CoT (medium reasoning),medqa_test,medqa,en,medqa_panel4_150_126,test:185,185,medium,D,,3,3.0,1.0,False,thesis_github/data/evals/failure_prediction/panel150_gpt54nano_delta_ci_plot_v1/panel150_gpt54nano_per_question_method_accuracy_with_difficulty.csv
main_panel150_gpt54nano,CoT (medium reasoning),medqa_test,medqa,en,medqa_panel4_150_074,test:19,19,hard,E,,3,1.0,0.3333333333333333,False,thesis_github/data/evals/failure_prediction/panel150_gpt54nano_delta_ci_plot_v1/panel150_gpt54nano_per_question_method_accuracy_with_difficulty.csv
main_panel150_gpt54nano,CoT (medium reasoning),medqa_test,medqa,en,medqa_panel4_150_026,test:192,192,easy,E,,3,3.0,1.0,False,thesis_github/data/evals/failure_prediction/panel150_gpt54nano_delta_ci_plot_v1/panel150_gpt54nano_per_question_method_accuracy_with_difficulty.csv
main_panel150_gpt54nano,CoT (medium reasoning),medqa_test,medqa,en,medqa_panel4_150_105,test:196,196,medium,A,,3,0.0,0.0,False,thesis_github/data/evals/failure_prediction/panel150_gpt54nano_delta_ci_plot_v1/panel150_gpt54nano_per_question_method_accuracy_with_difficulty.csv
main_panel150_gpt54nano,CoT (medium reasoning),medqa_test,medqa,en,medqa_panel4_150_106,test:198,198,medium,E,,3,2.0,0.6666666666666666,False,thesis_github/data/evals/failure_prediction/panel150_gpt54nano_delta_ci_plot_v1/panel150_gpt54nano_per_question_method_accuracy_with_difficulty.csv
main_panel150_gpt54nano,CoT (medium reasoning),medqa_test,medqa,en,medqa_panel4_150_027,test:2,2,easy,C,,3,3.0,1.0,False,thesis_github/data/evals/failure_prediction/panel150_gpt54nano_delta_ci_plot_v1/panel150_gpt54nano_per_question_method_accuracy_with_difficulty.csv
main_panel150_gpt54nano,CoT (medium reasoning),medqa_test,medqa,en,medqa_panel4_150_107,test:204,204,medium,C,,3,3.0,1.0,False,thesis_github/data/evals/failure_prediction/panel150_gpt54nano_delta_ci_plot_v1/panel150_gpt54nano_per_question_method_accuracy_with_difficulty.csv
main_panel150_gpt54nano,CoT (medium reasoning),medqa_test,medqa,en,medqa_panel4_150_075,test:211,211,hard,B,,3,0.0,0.0,False,thesis_github/data/evals/failure_prediction/panel150_gpt54nano_delta_ci_plot_v1/panel150_gpt54nano_per_question_method_accuracy_with_difficulty.csv
main_panel150_gpt54nano,CoT (medium reasoning),medqa_test,medqa,en,medqa_panel4_150_028,test:232,232,easy,D,,3,3.0,1.0,False,thesis_github/data/evals/failure_prediction/panel150_gpt54nano_delta_ci_plot_v1/panel150_gpt54nano_per_question_method_accuracy_with_difficulty.csv
main_panel150_gpt54nano,CoT (medium reasoning),medqa_test,medqa,en,medqa_panel4_150_127,test:241,241,medium,B,,3,3.0,1.0,False,thesis_github/data/evals/failure_prediction/panel150_gpt54nano_delta_ci_plot_v1/panel150_gpt54nano_per_question_method_accuracy_with_difficulty.csv
main_panel150_gpt54nano,CoT (medium reasoning),medqa_test,medqa,en,medqa_panel4_150_076,test:250,250,hard,A,,3,0.0,0.0,False,thesis_github/data/evals/failure_prediction/panel150_gpt54nano_delta_ci_plot_v1/panel150_gpt54nano_per_question_method_accuracy_with_difficulty.csv
main_panel150_gpt54nano,CoT (medium reasoning),medqa_test,medqa,en,medqa_panel4_150_029,test:260,260,easy,C,,3,3.0,1.0,False,thesis_github/data/evals/failure_prediction/panel150_gpt54nano_delta_ci_plot_v1/panel150_gpt54nano_per_question_method_accuracy_with_difficulty.csv
main_panel150_gpt54nano,CoT (medium reasoning),medqa_test,medqa,en,medqa_panel4_150_030,test:261,261,easy,C,,3,3.0,1.0,False,thesis_github/data/evals/failure_prediction/panel150_gpt54nano_delta_ci_plot_v1/panel150_gpt54nano_per_question_method_accuracy_with_difficulty.csv
main_panel150_gpt54nano,CoT (medium reasoning),medqa_test,medqa,en,medqa_panel4_150_077,test:271,271,hard,B,,3,3.0,1.0,False,thesis_github/data/evals/failure_prediction/panel150_gpt54nano_delta_ci_plot_v1/panel150_gpt54nano_per_question_method_accuracy_with_difficulty.csv
main_panel150_gpt54nano,CoT (medium reasoning),medqa_test,medqa,en,medqa_panel4_150_031,test:279,279,easy,B,,3,3.0,1.0,False,thesis_github/data/evals/failure_prediction/panel150_gpt54nano_delta_ci_plot_v1/panel150_gpt54nano_per_question_method_accuracy_with_difficulty.csv
main_panel150_gpt54nano,CoT (medium reasoning),medqa_test,medqa,en,medqa_panel4_150_078,test:285,285,hard,D,,3,0.0,0.0,False,thesis_github/data/evals/failure_prediction/panel150_gpt54nano_delta_ci_plot_v1/panel150_gpt54nano_per_question_method_accuracy_with_difficulty.csv
main_panel150_gpt54nano,CoT (medium reasoning),medqa_test,medqa,en,medqa_panel4_150_079,test:29,29,hard,D,,3,0.0,0.0,False,thesis_github/data/evals/failure_prediction/panel150_gpt54nano_delta_ci_plot_v1/panel150_gpt54nano_per_question_method_accuracy_with_difficulty.csv
main_panel150_gpt54nano,CoT (medium reasoning),medqa_test,medqa,en,medqa_panel4_150_032,test:316,316,easy,A,,3,3.0,1.0,False,thesis_github/data/evals/failure_prediction/panel150_gpt54nano_delta_ci_plot_v1/panel150_gpt54nano_per_question_method_accuracy_with_difficulty.csv
main_panel150_gpt54nano,CoT (medium reasoning),medqa_test,medqa,en,medqa_panel4_150_128,test:326,326,medium,B,,3,2.0,0.6666666666666666,False,thesis_github/data/evals/failure_prediction/panel150_gpt54nano_delta_ci_plot_v1/panel150_gpt54nano_per_question_method_accuracy_with_difficulty.csv
main_panel150_gpt54nano,CoT (medium reasoning),medqa_test,medqa,en,medqa_panel4_150_080,test:337,337,hard,C,,3,0.0,0.0,False,thesis_github/data/evals/failure_prediction/panel150_gpt54nano_delta_ci_plot_v1/panel150_gpt54nano_per_question_method_accuracy_with_difficulty.csv
main_panel150_gpt54nano,CoT (medium reasoning),medqa_test,medqa,en,medqa_panel4_150_129,test:345,345,medium,C,,3,3.0,1.0,False,thesis_github/data/evals/failure_prediction/panel150_gpt54nano_delta_ci_plot_v1/panel150_gpt54nano_per_question_method_accuracy_with_difficulty.csv
main_panel150_gpt54nano,CoT (medium reasoning),medqa_test,medqa,en,medqa_panel4_150_007,test:356,356,easy,A,,3,3.0,1.0,False,thesis_github/data/evals/failure_prediction/panel150_gpt54nano_delta_ci_plot_v1/panel150_gpt54nano_per_question_method_accuracy_with_difficulty.csv
main_panel150_gpt54nano,CoT (medium reasoning),medqa_test,medqa,en,medqa_panel4_150_130,test:358,358,medium,B,,3,3.0,1.0,False,thesis_github/data/evals/failure_prediction/panel150_gpt54nano_delta_ci_plot_v1/panel150_gpt54nano_per_question_method_accuracy_with_difficulty.csv
main_panel150_gpt54nano,CoT (medium reasoning),medqa_test,medqa,en,medqa_panel4_150_108,test:36,36,medium,E,,3,3.0,1.0,False,thesis_github/data/evals/failure_prediction/panel150_gpt54nano_delta_ci_plot_v1/panel150_gpt54nano_per_question_method_accuracy_with_difficulty.csv
main_panel150_gpt54nano,CoT (medium reasoning),medqa_test,medqa,en,medqa_panel4_150_131,test:372,372,medium,E,,3,3.0,1.0,False,thesis_github/data/evals/failure_prediction/panel150_gpt54nano_delta_ci_plot_v1/panel150_gpt54nano_per_question_method_accuracy_with_difficulty.csv
main_panel150_gpt54nano,CoT (medium reasoning),medqa_test,medqa,en,medqa_panel4_150_033,test:374,374,easy,D,,3,3.0,1.0,False,thesis_github/data/evals/failure_prediction/panel150_gpt54nano_delta_ci_plot_v1/panel150_gpt54nano_per_question_method_accuracy_with_difficulty.csv
main_panel150_gpt54nano,CoT (medium reasoning),medqa_test,medqa,en,medqa_panel4_150_034,test:387,387,easy,B,,3,3.0,1.0,False,thesis_github/data/evals/failure_prediction/panel150_gpt54nano_delta_ci_plot_v1/panel150_gpt54nano_per_question_method_accuracy_with_difficulty.csv
main_panel150_gpt54nano,CoT (medium reasoning),medqa_test,medqa,en,medqa_panel4_150_008,test:400,400,easy,B,,3,3.0,1.0,False,thesis_github/data/evals/failure_prediction/panel150_gpt54nano_delta_ci_plot_v1/panel150_gpt54nano_per_question_method_accuracy_with_difficulty.csv
main_panel150_gpt54nano,CoT (medium reasoning),medqa_test,medqa,en,medqa_panel4_150_132,test:401,401,medium,C,,3,3.0,1.0,False,thesis_github/data/evals/failure_prediction/panel150_gpt54nano_delta_ci_plot_v1/panel150_gpt54nano_per_question_method_accuracy_with_difficulty.csv
main_panel150_gpt54nano,CoT (medium reasoning),medqa_test,medqa,en,medqa_panel4_150_081,test:413,413,hard,B,,3,3.0,1.0,False,thesis_github/data/evals/failure_prediction/panel150_gpt54nano_delta_ci_plot_v1/panel150_gpt54nano_per_question_method_accuracy_with_difficulty.csv
main_panel150_gpt54nano,CoT (medium reasoning),medqa_test,medqa,en,medqa_panel4_150_133,test:42,42,medium,A,,3,3.0,1.0,False,thesis_github/data/evals/failure_prediction/panel150_gpt54nano_delta_ci_plot_v1/panel150_gpt54nano_per_question_method_accuracy_with_difficulty.csv
main_panel150_gpt54nano,CoT (medium reasoning),medqa_test,medqa,en,medqa_panel4_150_134,test:422,422,medium,A,,3,3.0,1.0,False,thesis_github/data/evals/failure_prediction/panel150_gpt54nano_delta_ci_plot_v1/panel150_gpt54nano_per_question_method_accuracy_with_difficulty.csv
main_panel150_gpt54nano,CoT (medium reasoning),medqa_test,medqa,en,medqa_panel4_150_082,test:423,423,hard,E,,3,1.0,0.3333333333333333,False,thesis_github/data/evals/failure_prediction/panel150_gpt54nano_delta_ci_plot_v1/panel150_gpt54nano_per_question_method_accuracy_with_difficulty.csv
main_panel150_gpt54nano,CoT (medium reasoning),medqa_test,medqa,en,medqa_panel4_150_109,test:425,425,medium,C,,3,0.0,0.0,False,thesis_github/data/evals/failure_prediction/panel150_gpt54nano_delta_ci_plot_v1/panel150_gpt54nano_per_question_method_accuracy_with_difficulty.csv
main_panel150_gpt54nano,CoT (medium reasoning),medqa_test,medqa,en,medqa_panel4_150_009,test:436,436,easy,C,,3,3.0,1.0,False,thesis_github/data/evals/failure_prediction/panel150_gpt54nano_delta_ci_plot_v1/panel150_gpt54nano_per_question_method_accuracy_with_difficulty.csv
main_panel150_gpt54nano,CoT (medium reasoning),medqa_test,medqa,en,medqa_panel4_150_083,test:44,44,hard,B,,3,3.0,1.0,False,thesis_github/data/evals/failure_prediction/panel150_gpt54nano_delta_ci_plot_v1/panel150_gpt54nano_per_question_method_accuracy_with_difficulty.csv
main_panel150_gpt54nano,CoT (medium reasoning),medqa_test,medqa,en,medqa_panel4_150_010,test:451,451,easy,E,,3,3.0,1.0,False,thesis_github/data/evals/failure_prediction/panel150_gpt54nano_delta_ci_plot_v1/panel150_gpt54nano_per_question_method_accuracy_with_difficulty.csv
main_panel150_gpt54nano,CoT (medium reasoning),medqa_test,medqa,en,medqa_panel4_150_057,test:452,452,hard,C,,3,0.0,0.0,False,thesis_github/data/evals/failure_prediction/panel150_gpt54nano_delta_ci_plot_v1/panel150_gpt54nano_per_question_method_accuracy_with_difficulty.csv
main_panel150_gpt54nano,CoT (medium reasoning),medqa_test,medqa,en,medqa_panel4_150_135,test:460,460,medium,A,,3,3.0,1.0,False,thesis_github/data/evals/failure_prediction/panel150_gpt54nano_delta_ci_plot_v1/panel150_gpt54nano_per_question_method_accuracy_with_difficulty.csv
main_panel150_gpt54nano,CoT (medium reasoning),medqa_test,medqa,en,medqa_panel4_150_084,test:461,461,hard,D,,3,0.0,0.0,False,thesis_github/data/evals/failure_prediction/panel150_gpt54nano_delta_ci_plot_v1/panel150_gpt54nano_per_question_method_accuracy_with_difficulty.csv
main_panel150_gpt54nano,CoT (medium reasoning),medqa_test,medqa,en,medqa_panel4_150_136,test:471,471,medium,D,,3,3.0,1.0,False,thesis_github/data/evals/failure_prediction/panel150_gpt54nano_delta_ci_plot_v1/panel150_gpt54nano_per_question_method_accuracy_with_difficulty.csv
main_panel150_gpt54nano,CoT (medium reasoning),medqa_test,medqa,en,medqa_panel4_150_058,test:480,480,hard,B,,3,1.0,0.3333333333333333,False,thesis_github/data/evals/failure_prediction/panel150_gpt54nano_delta_ci_plot_v1/panel150_gpt54nano_per_question_method_accuracy_with_difficulty.csv
main_panel150_gpt54nano,CoT (medium reasoning),medqa_test,medqa,en,medqa_panel4_150_085,test:483,483,hard,D,,3,0.0,0.0,False,thesis_github/data/evals/failure_prediction/panel150_gpt54nano_delta_ci_plot_v1/panel150_gpt54nano_per_question_method_accuracy_with_difficulty.csv
main_panel150_gpt54nano,CoT (medium reasoning),medqa_test,medqa,en,medqa_panel4_150_137,test:486,486,medium,C,,3,3.0,1.0,False,thesis_github/data/evals/failure_prediction/panel150_gpt54nano_delta_ci_plot_v1/panel150_gpt54nano_per_question_method_accuracy_with_difficulty.csv
main_panel150_gpt54nano,CoT (medium reasoning),medqa_test,medqa,en,medqa_panel4_150_011,test:488,488,easy,A,,3,3.0,1.0,False,thesis_github/data/evals/failure_prediction/panel150_gpt54nano_delta_ci_plot_v1/panel150_gpt54nano_per_question_method_accuracy_with_difficulty.csv
main_panel150_gpt54nano,CoT (medium reasoning),medqa_test,medqa,en,medqa_panel4_150_086,test:5,5,hard,E,,3,0.0,0.0,False,thesis_github/data/evals/failure_prediction/panel150_gpt54nano_delta_ci_plot_v1/panel150_gpt54nano_per_question_method_accuracy_with_difficulty.csv
main_panel150_gpt54nano,CoT (medium reasoning),medqa_test,medqa,en,medqa_panel4_150_035,test:504,504,easy,C,,3,3.0,1.0,False,thesis_github/data/evals/failure_prediction/panel150_gpt54nano_delta_ci_plot_v1/panel150_gpt54nano_per_question_method_accuracy_with_difficulty.csv
main_panel150_gpt54nano,CoT (medium reasoning),medqa_test,medqa,en,medqa_panel4_150_036,test:51,51,easy,A,,3,3.0,1.0,False,thesis_github/data/evals/failure_prediction/panel150_gpt54nano_delta_ci_plot_v1/panel150_gpt54nano_per_question_method_accuracy_with_difficulty.csv
main_panel150_gpt54nano,CoT (medium reasoning),medqa_test,medqa,en,medqa_panel4_150_087,test:514,514,hard,B,,3,1.0,0.3333333333333333,False,thesis_github/data/evals/failure_prediction/panel150_gpt54nano_delta_ci_plot_v1/panel150_gpt54nano_per_question_method_accuracy_with_difficulty.csv
main_panel150_gpt54nano,CoT (medium reasoning),medqa_test,medqa,en,medqa_panel4_150_110,test:524,524,medium,B,,3,2.0,0.6666666666666666,False,thesis_github/data/evals/failure_prediction/panel150_gpt54nano_delta_ci_plot_v1/panel150_gpt54nano_per_question_method_accuracy_with_difficulty.csv
main_panel150_gpt54nano,CoT (medium reasoning),medqa_test,medqa,en,medqa_panel4_150_037,test:528,528,easy,D,,3,3.0,1.0,False,thesis_github/data/evals/failure_prediction/panel150_gpt54nano_delta_ci_plot_v1/panel150_gpt54nano_per_question_method_accuracy_with_difficulty.csv
main_panel150_gpt54nano,CoT (medium reasoning),medqa_test,medqa,en,medqa_panel4_150_138,test:550,550,medium,A,,3,1.0,0.3333333333333333,False,thesis_github/data/evals/failure_prediction/panel150_gpt54nano_delta_ci_plot_v1/panel150_gpt54nano_per_question_method_accuracy_with_difficulty.csv
main_panel150_gpt54nano,CoT (medium reasoning),medqa_test,medqa,en,medqa_panel4_150_059,test:564,564,hard,A,,3,0.0,0.0,False,thesis_github/data/evals/failure_prediction/panel150_gpt54nano_delta_ci_plot_v1/panel150_gpt54nano_per_question_method_accuracy_with_difficulty.csv
main_panel150_gpt54nano,CoT (medium reasoning),medqa_test,medqa,en,medqa_panel4_150_038,test:578,578,easy,B,,3,3.0,1.0,False,thesis_github/data/evals/failure_prediction/panel150_gpt54nano_delta_ci_plot_v1/panel150_gpt54nano_per_question_method_accuracy_with_difficulty.csv
main_panel150_gpt54nano,CoT (medium reasoning),medqa_test,medqa,en,medqa_panel4_150_139,test:581,581,medium,D,,3,3.0,1.0,False,thesis_github/data/evals/failure_prediction/panel150_gpt54nano_delta_ci_plot_v1/panel150_gpt54nano_per_question_method_accuracy_with_difficulty.csv
main_panel150_gpt54nano,CoT (medium reasoning),medqa_test,medqa,en,medqa_panel4_150_060,test:583,583,hard,E,,3,0.0,0.0,False,thesis_github/data/evals/failure_prediction/panel150_gpt54nano_delta_ci_plot_v1/panel150_gpt54nano_per_question_method_accuracy_with_difficulty.csv
main_panel150_gpt54nano,CoT (medium reasoning),medqa_test,medqa,en,medqa_panel4_150_088,test:587,587,hard,E,,3,0.0,0.0,False,thesis_github/data/evals/failure_prediction/panel150_gpt54nano_delta_ci_plot_v1/panel150_gpt54nano_per_question_method_accuracy_with_difficulty.csv
main_panel150_gpt54nano,CoT (medium reasoning),medqa_test,medqa,en,medqa_panel4_150_140,test:594,594,medium,D,,3,3.0,1.0,False,thesis_github/data/evals/failure_prediction/panel150_gpt54nano_delta_ci_plot_v1/panel150_gpt54nano_per_question_method_accuracy_with_difficulty.csv
main_panel150_gpt54nano,CoT (medium reasoning),medqa_test,medqa,en,medqa_panel4_150_089,test:616,616,hard,E,,3,2.0,0.6666666666666666,False,thesis_github/data/evals/failure_prediction/panel150_gpt54nano_delta_ci_plot_v1/panel150_gpt54nano_per_question_method_accuracy_with_difficulty.csv
main_panel150_gpt54nano,CoT (medium reasoning),medqa_test,medqa,en,medqa_panel4_150_039,test:628,628,easy,C,,3,3.0,1.0,False,thesis_github/data/evals/failure_prediction/panel150_gpt54nano_delta_ci_plot_v1/panel150_gpt54nano_per_question_method_accuracy_with_difficulty.csv
main_panel150_gpt54nano,CoT (medium reasoning),medqa_test,medqa,en,medqa_panel4_150_090,test:634,634,hard,A,,3,1.0,0.3333333333333333,False,thesis_github/data/evals/failure_prediction/panel150_gpt54nano_delta_ci_plot_v1/panel150_gpt54nano_per_question_method_accuracy_with_difficulty.csv
main_panel150_gpt54nano,CoT (medium reasoning),medqa_test,medqa,en,medqa_panel4_150_061,test:64,64,hard,A,,3,0.0,0.0,False,thesis_github/data/evals/failure_prediction/panel150_gpt54nano_delta_ci_plot_v1/panel150_gpt54nano_per_question_method_accuracy_with_difficulty.csv
main_panel150_gpt54nano,CoT (medium reasoning),medqa_test,medqa,en,medqa_panel4_150_141,test:652,652,medium,D,,3,3.0,1.0,False,thesis_github/data/evals/failure_prediction/panel150_gpt54nano_delta_ci_plot_v1/panel150_gpt54nano_per_question_method_accuracy_with_difficulty.csv
main_panel150_gpt54nano,CoT (medium reasoning),medqa_test,medqa,en,medqa_panel4_150_012,test:655,655,easy,B,,3,3.0,1.0,False,thesis_github/data/evals/failure_prediction/panel150_gpt54nano_delta_ci_plot_v1/panel150_gpt54nano_per_question_method_accuracy_with_difficulty.csv
main_panel150_gpt54nano,CoT (medium reasoning),medqa_test,medqa,en,medqa_panel4_150_091,test:659,659,hard,D,,3,0.0,0.0,False,thesis_github/data/evals/failure_prediction/panel150_gpt54nano_delta_ci_plot_v1/panel150_gpt54nano_per_question_method_accuracy_with_difficulty.csv
main_panel150_gpt54nano,CoT (medium reasoning),medqa_test,medqa,en,medqa_panel4_150_040,test:66,66,easy,D,,3,3.0,1.0,False,thesis_github/data/evals/failure_prediction/panel150_gpt54nano_delta_ci_plot_v1/panel150_gpt54nano_per_question_method_accuracy_with_difficulty.csv
main_panel150_gpt54nano,CoT (medium reasoning),medqa_test,medqa,en,medqa_panel4_150_111,test:673,673,medium,E,,3,3.0,1.0,False,thesis_github/data/evals/failure_prediction/panel150_gpt54nano_delta_ci_plot_v1/panel150_gpt54nano_per_question_method_accuracy_with_difficulty.csv
main_panel150_gpt54nano,CoT (medium reasoning),medqa_test,medqa,en,medqa_panel4_150_092,test:677,677,hard,A,,3,1.0,0.3333333333333333,False,thesis_github/data/evals/failure_prediction/panel150_gpt54nano_delta_ci_plot_v1/panel150_gpt54nano_per_question_method_accuracy_with_difficulty.csv
main_panel150_gpt54nano,CoT (medium reasoning),medqa_test,medqa,en,medqa_panel4_150_112,test:679,679,medium,C,,3,0.0,0.0,False,thesis_github/data/evals/failure_prediction/panel150_gpt54nano_delta_ci_plot_v1/panel150_gpt54nano_per_question_method_accuracy_with_difficulty.csv
main_panel150_gpt54nano,CoT (medium reasoning),medqa_test,medqa,en,medqa_panel4_150_041,test:684,684,easy,B,,3,3.0,1.0,False,thesis_github/data/evals/failure_prediction/panel150_gpt54nano_delta_ci_plot_v1/panel150_gpt54nano_per_question_method_accuracy_with_difficulty.csv
main_panel150_gpt54nano,CoT (medium reasoning),medqa_test,medqa,en,medqa_panel4_150_062,test:69,69,hard,A,,3,1.0,0.3333333333333333,False,thesis_github/data/evals/failure_prediction/panel150_gpt54nano_delta_ci_plot_v1/panel150_gpt54nano_per_question_method_accuracy_with_difficulty.csv
main_panel150_gpt54nano,CoT (medium reasoning),medqa_test,medqa,en,medqa_panel4_150_142,test:691,691,medium,C,,3,3.0,1.0,False,thesis_github/data/evals/failure_prediction/panel150_gpt54nano_delta_ci_plot_v1/panel150_gpt54nano_per_question_method_accuracy_with_difficulty.csv
main_panel150_gpt54nano,CoT (medium reasoning),medqa_test,medqa,en,medqa_panel4_150_042,test:704,704,easy,E,,3,3.0,1.0,False,thesis_github/data/evals/failure_prediction/panel150_gpt54nano_delta_ci_plot_v1/panel150_gpt54nano_per_question_method_accuracy_with_difficulty.csv
main_panel150_gpt54nano,CoT (medium reasoning),medqa_test,medqa,en,medqa_panel4_150_093,test:706,706,hard,C,,3,0.0,0.0,False,thesis_github/data/evals/failure_prediction/panel150_gpt54nano_delta_ci_plot_v1/panel150_gpt54nano_per_question_method_accuracy_with_difficulty.csv
main_panel150_gpt54nano,CoT (medium reasoning),medqa_test,medqa,en,medqa_panel4_150_043,test:729,729,easy,D,,3,3.0,1.0,False,thesis_github/data/evals/failure_prediction/panel150_gpt54nano_delta_ci_plot_v1/panel150_gpt54nano_per_question_method_accuracy_with_difficulty.csv
main_panel150_gpt54nano,CoT (medium reasoning),medqa_test,medqa,en,medqa_panel4_150_143,test:745,745,medium,A,,3,3.0,1.0,False,thesis_github/data/evals/failure_prediction/panel150_gpt54nano_delta_ci_plot_v1/panel150_gpt54nano_per_question_method_accuracy_with_difficulty.csv
main_panel150_gpt54nano,CoT (medium reasoning),medqa_test,medqa,en,medqa_panel4_150_113,test:752,752,medium,C,,3,2.0,0.6666666666666666,False,thesis_github/data/evals/failure_prediction/panel150_gpt54nano_delta_ci_plot_v1/panel150_gpt54nano_per_question_method_accuracy_with_difficulty.csv
main_panel150_gpt54nano,CoT (medium reasoning),medqa_test,medqa,en,medqa_panel4_150_094,test:755,755,hard,D,,3,0.0,0.0,False,thesis_github/data/evals/failure_prediction/panel150_gpt54nano_delta_ci_plot_v1/panel150_gpt54nano_per_question_method_accuracy_with_difficulty.csv
main_panel150_gpt54nano,CoT (medium reasoning),medqa_test,medqa,en,medqa_panel4_150_114,test:758,758,medium,E,,3,3.0,1.0,False,thesis_github/data/evals/failure_prediction/panel150_gpt54nano_delta_ci_plot_v1/panel150_gpt54nano_per_question_method_accuracy_with_difficulty.csv
main_panel150_gpt54nano,CoT (medium reasoning),medqa_test,medqa,en,medqa_panel4_150_044,test:782,782,easy,E,,3,3.0,1.0,False,thesis_github/data/evals/failure_prediction/panel150_gpt54nano_delta_ci_plot_v1/panel150_gpt54nano_per_question_method_accuracy_with_difficulty.csv
main_panel150_gpt54nano,CoT (medium reasoning),medqa_test,medqa,en,medqa_panel4_150_115,test:798,798,medium,C,,3,3.0,1.0,False,thesis_github/data/evals/failure_prediction/panel150_gpt54nano_delta_ci_plot_v1/panel150_gpt54nano_per_question_method_accuracy_with_difficulty.csv
main_panel150_gpt54nano,CoT (medium reasoning),medqa_test,medqa,en,medqa_panel4_150_013,test:801,801,easy,B,,3,3.0,1.0,False,thesis_github/data/evals/failure_prediction/panel150_gpt54nano_delta_ci_plot_v1/panel150_gpt54nano_per_question_method_accuracy_with_difficulty.csv
main_panel150_gpt54nano,CoT (medium reasoning),medqa_test,medqa,en,medqa_panel4_150_095,test:803,803,hard,B,,3,0.0,0.0,False,thesis_github/data/evals/failure_prediction/panel150_gpt54nano_delta_ci_plot_v1/panel150_gpt54nano_per_question_method_accuracy_with_difficulty.csv
main_panel150_gpt54nano,CoT (medium reasoning),medqa_test,medqa,en,medqa_panel4_150_045,test:804,804,easy,A,,3,3.0,1.0,False,thesis_github/data/evals/failure_prediction/panel150_gpt54nano_delta_ci_plot_v1/panel150_gpt54nano_per_question_method_accuracy_with_difficulty.csv
main_panel150_gpt54nano,CoT (medium reasoning),medqa_test,medqa,en,medqa_panel4_150_096,test:807,807,hard,A,,3,0.0,0.0,False,thesis_github/data/evals/failure_prediction/panel150_gpt54nano_delta_ci_plot_v1/panel150_gpt54nano_per_question_method_accuracy_with_difficulty.csv
main_panel150_gpt54nano,CoT (medium reasoning),medqa_test,medqa,en,medqa_panel4_150_014,test:811,811,easy,E,,3,3.0,1.0,False,thesis_github/data/evals/failure_prediction/panel150_gpt54nano_delta_ci_plot_v1/panel150_gpt54nano_per_question_method_accuracy_with_difficulty.csv
main_panel150_gpt54nano,CoT (medium reasoning),medqa_test,medqa,en,medqa_panel4_150_097,test:829,829,hard,E,,3,0.0,0.0,False,thesis_github/data/evals/failure_prediction/panel150_gpt54nano_delta_ci_plot_v1/panel150_gpt54nano_per_question_method_accuracy_with_difficulty.csv
main_panel150_gpt54nano,CoT (medium reasoning),medqa_test,medqa,en,medqa_panel4_150_046,test:846,846,easy,D,,3,3.0,1.0,False,thesis_github/data/evals/failure_prediction/panel150_gpt54nano_delta_ci_plot_v1/panel150_gpt54nano_per_question_method_accuracy_with_difficulty.csv
main_panel150_gpt54nano,CoT (medium reasoning),medqa_test,medqa,en,medqa_panel4_150_063,test:850,850,hard,C,,3,0.0,0.0,False,thesis_github/data/evals/failure_prediction/panel150_gpt54nano_delta_ci_plot_v1/panel150_gpt54nano_per_question_method_accuracy_with_difficulty.csv
main_panel150_gpt54nano,CoT (medium reasoning),medqa_test,medqa,en,medqa_panel4_150_064,test:856,856,hard,D,,3,0.0,0.0,False,thesis_github/data/evals/failure_prediction/panel150_gpt54nano_delta_ci_plot_v1/panel150_gpt54nano_per_question_method_accuracy_with_difficulty.csv
main_panel150_gpt54nano,CoT (medium reasoning),medqa_test,medqa,en,medqa_panel4_150_015,test:857,857,easy,D,,3,3.0,1.0,False,thesis_github/data/evals/failure_prediction/panel150_gpt54nano_delta_ci_plot_v1/panel150_gpt54nano_per_question_method_accuracy_with_difficulty.csv
main_panel150_gpt54nano,CoT (medium reasoning),medqa_test,medqa,en,medqa_panel4_150_047,test:86,86,easy,C,,3,3.0,1.0,False,thesis_github/data/evals/failure_prediction/panel150_gpt54nano_delta_ci_plot_v1/panel150_gpt54nano_per_question_method_accuracy_with_difficulty.csv
main_panel150_gpt54nano,CoT (medium reasoning),medqa_test,medqa,en,medqa_panel4_150_098,test:880,880,hard,C,,3,0.0,0.0,False,thesis_github/data/evals/failure_prediction/panel150_gpt54nano_delta_ci_plot_v1/panel150_gpt54nano_per_question_method_accuracy_with_difficulty.csv
main_panel150_gpt54nano,CoT (medium reasoning),medqa_test,medqa,en,medqa_panel4_150_099,test:885,885,hard,C,,3,2.0,0.6666666666666666,False,thesis_github/data/evals/failure_prediction/panel150_gpt54nano_delta_ci_plot_v1/panel150_gpt54nano_per_question_method_accuracy_with_difficulty.csv
main_panel150_gpt54nano,CoT (medium reasoning),medqa_test,medqa,en,medqa_panel4_150_100,test:887,887,hard,A,,3,0.0,0.0,False,thesis_github/data/evals/failure_prediction/panel150_gpt54nano_delta_ci_plot_v1/panel150_gpt54nano_per_question_method_accuracy_with_difficulty.csv
main_panel150_gpt54nano,CoT (medium reasoning),medqa_test,medqa,en,medqa_panel4_150_144,test:908,908,medium,C,,3,3.0,1.0,False,thesis_github/data/evals/failure_prediction/panel150_gpt54nano_delta_ci_plot_v1/panel150_gpt54nano_per_question_method_accuracy_with_difficulty.csv
main_panel150_gpt54nano,CoT (medium reasoning),medqa_test,medqa,en,medqa_panel4_150_145,test:934,934,medium,B,,3,3.0,1.0,False,thesis_github/data/evals/failure_prediction/panel150_gpt54nano_delta_ci_plot_v1/panel150_gpt54nano_per_question_method_accuracy_with_difficulty.csv
main_panel150_gpt54nano,CoT (medium reasoning),medqa_test,medqa,en,medqa_panel4_150_146,test:936,936,medium,B,,3,2.0,0.6666666666666666,False,thesis_github/data/evals/failure_prediction/panel150_gpt54nano_delta_ci_plot_v1/panel150_gpt54nano_per_question_method_accuracy_with_difficulty.csv
main_panel150_gpt54nano,CoT (medium reasoning),medqa_test,medqa,en,medqa_panel4_150_147,test:944,944,medium,E,,3,0.0,0.0,False,thesis_github/data/evals/failure_prediction/panel150_gpt54nano_delta_ci_plot_v1/panel150_gpt54nano_per_question_method_accuracy_with_difficulty.csv
main_panel150_gpt54nano,CoT (medium reasoning),medqa_test,medqa,en,medqa_panel4_150_048,test:946,946,easy,D,,3,3.0,1.0,False,thesis_github/data/evals/failure_prediction/panel150_gpt54nano_delta_ci_plot_v1/panel150_gpt54nano_per_question_method_accuracy_with_difficulty.csv
main_panel150_gpt54nano,CoT (medium reasoning),medqa_test,medqa,en,medqa_panel4_150_049,test:956,956,easy,B,,3,3.0,1.0,False,thesis_github/data/evals/failure_prediction/panel150_gpt54nano_delta_ci_plot_v1/panel150_gpt54nano_per_question_method_accuracy_with_difficulty.csv
main_panel150_gpt54nano,CoT (medium reasoning),medqa_test,medqa,en,medqa_panel4_150_148,test:961,961,medium,A,,3,0.0,0.0,False,thesis_github/data/evals/failure_prediction/panel150_gpt54nano_delta_ci_plot_v1/panel150_gpt54nano_per_question_method_accuracy_with_difficulty.csv
main_panel150_gpt54nano,CoT (medium reasoning),medqa_test,medqa,en,medqa_panel4_150_149,test:980,980,medium,C,,3,3.0,1.0,False,thesis_github/data/evals/failure_prediction/panel150_gpt54nano_delta_ci_plot_v1/panel150_gpt54nano_per_question_method_accuracy_with_difficulty.csv
main_panel150_gpt54nano,CoT (medium reasoning),medqa_test,medqa,en,medqa_panel4_150_150,test:983,983,medium,D,,3,3.0,1.0,False,thesis_github/data/evals/failure_prediction/panel150_gpt54nano_delta_ci_plot_v1/panel150_gpt54nano_per_question_method_accuracy_with_difficulty.csv
main_panel150_gpt54nano,CoT (medium reasoning),medqa_test,medqa,en,medqa_panel4_150_050,test:991,991,easy,D,,3,3.0,1.0,False,thesis_github/data/evals/failure_prediction/panel150_gpt54nano_delta_ci_plot_v1/panel150_gpt54nano_per_question_method_accuracy_with_difficulty.csv
main_panel150_gpt54nano,CoT (medium reasoning),medqa_test,medqa,en,medqa_panel4_150_065,test:993,993,hard,A,,3,0.0,0.0,False,thesis_github/data/evals/failure_prediction/panel150_gpt54nano_delta_ci_plot_v1/panel150_gpt54nano_per_question_method_accuracy_with_difficulty.csv
main_panel150_gpt54nano,CoT (medium reasoning),pna_all,pna,pt,pna_panel4_150_101,pna:2018:part_1A:20,17,medium,A,,3,0.0,0.0,False,thesis_github/data/evals/failure_prediction/panel150_gpt54nano_delta_ci_plot_v1/panel150_gpt54nano_per_question_method_accuracy_with_difficulty.csv
main_panel150_gpt54nano,CoT (medium reasoning),pna_all,pna,pt,pna_panel4_150_001,pna:2018:part_1A:28,25,easy,C,,3,3.0,1.0,False,thesis_github/data/evals/failure_prediction/panel150_gpt54nano_delta_ci_plot_v1/panel150_gpt54nano_per_question_method_accuracy_with_difficulty.csv
main_panel150_gpt54nano,CoT (medium reasoning),pna_all,pna,pt,pna_panel4_150_102,pna:2018:part_1A:3,2,medium,C,,3,0.0,0.0,False,thesis_github/data/evals/failure_prediction/panel150_gpt54nano_delta_ci_plot_v1/panel150_gpt54nano_per_question_method_accuracy_with_difficulty.csv
main_panel150_gpt54nano,CoT (medium reasoning),pna_all,pna,pt,pna_panel4_150_103,pna:2018:part_1A:36,33,medium,D,,3,3.0,1.0,False,thesis_github/data/evals/failure_prediction/panel150_gpt54nano_delta_ci_plot_v1/panel150_gpt54nano_per_question_method_accuracy_with_difficulty.csv
main_panel150_gpt54nano,CoT (medium reasoning),pna_all,pna,pt,pna_panel4_150_051,pna:2018:part_1A:42,39,hard,D,,3,0.0,0.0,False,thesis_github/data/evals/failure_prediction/panel150_gpt54nano_delta_ci_plot_v1/panel150_gpt54nano_per_question_method_accuracy_with_difficulty.csv
main_panel150_gpt54nano,CoT (medium reasoning),pna_all,pna,pt,pna_panel4_150_002,pna:2018:part_1A:52,49,easy,D,,3,3.0,1.0,False,thesis_github/data/evals/failure_prediction/panel150_gpt54nano_delta_ci_plot_v1/panel150_gpt54nano_per_question_method_accuracy_with_difficulty.csv
main_panel150_gpt54nano,CoT (medium reasoning),pna_all,pna,pt,pna_panel4_150_052,pna:2018:part_1A:59,56,hard,A,,3,0.0,0.0,False,thesis_github/data/evals/failure_prediction/panel150_gpt54nano_delta_ci_plot_v1/panel150_gpt54nano_per_question_method_accuracy_with_difficulty.csv
main_panel150_gpt54nano,CoT (medium reasoning),pna_all,pna,pt,pna_panel4_150_053,pna:2018:part_1A:6,5,hard,C,,3,0.0,0.0,False,thesis_github/data/evals/failure_prediction/panel150_gpt54nano_delta_ci_plot_v1/panel150_gpt54nano_per_question_method_accuracy_with_difficulty.csv
main_panel150_gpt54nano,CoT (medium reasoning),pna_all,pna,pt,pna_panel4_150_003,pna:2018:part_1A:63,60,easy,E,,3,3.0,1.0,False,thesis_github/data/evals/failure_prediction/panel150_gpt54nano_delta_ci_plot_v1/panel150_gpt54nano_per_question_method_accuracy_with_difficulty.csv
main_panel150_gpt54nano,CoT (medium reasoning),pna_all,pna,pt,pna_panel4_150_004,pna:2018:part_1A:64,61,easy,C,,3,3.0,1.0,False,thesis_github/data/evals/failure_prediction/panel150_gpt54nano_delta_ci_plot_v1/panel150_gpt54nano_per_question_method_accuracy_with_difficulty.csv
main_panel150_gpt54nano,CoT (medium reasoning),pna_all,pna,pt,pna_panel4_150_005,pna:2018:part_1A:68,65,easy,A,,3,3.0,1.0,False,thesis_github/data/evals/failure_prediction/panel150_gpt54nano_delta_ci_plot_v1/panel150_gpt54nano_per_question_method_accuracy_with_difficulty.csv
main_panel150_gpt54nano,CoT (medium reasoning),pna_all,pna,pt,pna_panel4_150_054,pna:2018:part_1A:74,71,hard,E,,3,0.0,0.0,False,thesis_github/data/evals/failure_prediction/panel150_gpt54nano_delta_ci_plot_v1/panel150_gpt54nano_per_question_method_accuracy_with_difficulty.csv
main_panel150_gpt54nano,CoT (medium reasoning),pna_all,pna,pt,pna_panel4_150_006,pna:2018:part_1A:9,8,easy,A,,3,3.0,1.0,False,thesis_github/data/evals/failure_prediction/panel150_gpt54nano_delta_ci_plot_v1/panel150_gpt54nano_per_question_method_accuracy_with_difficulty.csv
main_panel150_gpt54nano,CoT (medium reasoning),pna_all,pna,pt,pna_panel4_150_104,pna:2018:part_2A:109,103,medium,B,,3,3.0,1.0,False,thesis_github/data/evals/failure_prediction/panel150_gpt54nano_delta_ci_plot_v1/panel150_gpt54nano_per_question_method_accuracy_with_difficulty.csv
main_panel150_gpt54nano,CoT (medium reasoning),pna_all,pna,pt,pna_panel4_150_055,pna:2018:part_2A:113,107,hard,E,,3,0.0,0.0,False,thesis_github/data/evals/failure_prediction/panel150_gpt54nano_delta_ci_plot_v1/panel150_gpt54nano_per_question_method_accuracy_with_difficulty.csv
main_panel150_gpt54nano,CoT (medium reasoning),pna_all,pna,pt,pna_panel4_150_105,pna:2018:part_2A:143,136,medium,D,,3,3.0,1.0,False,thesis_github/data/evals/failure_prediction/panel150_gpt54nano_delta_ci_plot_v1/panel150_gpt54nano_per_question_method_accuracy_with_difficulty.csv
main_panel150_gpt54nano,CoT (medium reasoning),pna_all,pna,pt,pna_panel4_150_007,pna:2018:part_2A:144,137,easy,B,,3,3.0,1.0,False,thesis_github/data/evals/failure_prediction/panel150_gpt54nano_delta_ci_plot_v1/panel150_gpt54nano_per_question_method_accuracy_with_difficulty.csv
main_panel150_gpt54nano,CoT (medium reasoning),pna_all,pna,pt,pna_panel4_150_106,pna:2018:part_2A:84,80,medium,A,,3,2.0,0.6666666666666666,False,thesis_github/data/evals/failure_prediction/panel150_gpt54nano_delta_ci_plot_v1/panel150_gpt54nano_per_question_method_accuracy_with_difficulty.csv
main_panel150_gpt54nano,CoT (medium reasoning),pna_all,pna,pt,pna_panel4_150_107,pna:2018:part_2A:94,89,medium,A,,3,3.0,1.0,False,thesis_github/data/evals/failure_prediction/panel150_gpt54nano_delta_ci_plot_v1/panel150_gpt54nano_per_question_method_accuracy_with_difficulty.csv
main_panel150_gpt54nano,CoT (medium reasoning),pna_all,pna,pt,pna_panel4_150_008,pna:2019:part_1A:11,152,easy,A,,3,3.0,1.0,False,thesis_github/data/evals/failure_prediction/panel150_gpt54nano_delta_ci_plot_v1/panel150_gpt54nano_per_question_method_accuracy_with_difficulty.csv
main_panel150_gpt54nano,CoT (medium reasoning),pna_all,pna,pt,pna_panel4_150_108,pna:2019:part_1A:25,164,medium,D,,3,2.0,0.6666666666666666,False,thesis_github/data/evals/failure_prediction/panel150_gpt54nano_delta_ci_plot_v1/panel150_gpt54nano_per_question_method_accuracy_with_difficulty.csv
main_panel150_gpt54nano,CoT (medium reasoning),pna_all,pna,pt,pna_panel4_150_056,pna:2019:part_1A:44,182,hard,A,,3,3.0,1.0,False,thesis_github/data/evals/failure_prediction/panel150_gpt54nano_delta_ci_plot_v1/panel150_gpt54nano_per_question_method_accuracy_with_difficulty.csv
main_panel150_gpt54nano,CoT (medium reasoning),pna_all,pna,pt,pna_panel4_150_109,pna:2019:part_1A:45,183,medium,E,,3,3.0,1.0,False,thesis_github/data/evals/failure_prediction/panel150_gpt54nano_delta_ci_plot_v1/panel150_gpt54nano_per_question_method_accuracy_with_difficulty.csv
main_panel150_gpt54nano,CoT (medium reasoning),pna_all,pna,pt,pna_panel4_150_110,pna:2019:part_1A:48,186,medium,C,,3,3.0,1.0,False,thesis_github/data/evals/failure_prediction/panel150_gpt54nano_delta_ci_plot_v1/panel150_gpt54nano_per_question_method_accuracy_with_difficulty.csv
main_panel150_gpt54nano,CoT (medium reasoning),pna_all,pna,pt,pna_panel4_150_111,pna:2019:part_1A:54,192,medium,A,,3,1.0,0.3333333333333333,False,thesis_github/data/evals/failure_prediction/panel150_gpt54nano_delta_ci_plot_v1/panel150_gpt54nano_per_question_method_accuracy_with_difficulty.csv
main_panel150_gpt54nano,CoT (medium reasoning),pna_all,pna,pt,pna_panel4_150_057,pna:2019:part_1A:75,211,hard,E,,3,1.0,0.3333333333333333,False,thesis_github/data/evals/failure_prediction/panel150_gpt54nano_delta_ci_plot_v1/panel150_gpt54nano_per_question_method_accuracy_with_difficulty.csv
main_panel150_gpt54nano,CoT (medium reasoning),pna_all,pna,pt,pna_panel4_150_009,pna:2019:part_2A:100,236,easy,E,,3,3.0,1.0,False,thesis_github/data/evals/failure_prediction/panel150_gpt54nano_delta_ci_plot_v1/panel150_gpt54nano_per_question_method_accuracy_with_difficulty.csv
main_panel150_gpt54nano,CoT (medium reasoning),pna_all,pna,pt,pna_panel4_150_112,pna:2019:part_2A:102,238,medium,C,,3,3.0,1.0,False,thesis_github/data/evals/failure_prediction/panel150_gpt54nano_delta_ci_plot_v1/panel150_gpt54nano_per_question_method_accuracy_with_difficulty.csv
main_panel150_gpt54nano,CoT (medium reasoning),pna_all,pna,pt,pna_panel4_150_058,pna:2019:part_2A:103,239,hard,C,,3,0.0,0.0,False,thesis_github/data/evals/failure_prediction/panel150_gpt54nano_delta_ci_plot_v1/panel150_gpt54nano_per_question_method_accuracy_with_difficulty.csv
main_panel150_gpt54nano,CoT (medium reasoning),pna_all,pna,pt,pna_panel4_150_010,pna:2019:part_2A:109,245,easy,C,,3,3.0,1.0,False,thesis_github/data/evals/failure_prediction/panel150_gpt54nano_delta_ci_plot_v1/panel150_gpt54nano_per_question_method_accuracy_with_difficulty.csv
main_panel150_gpt54nano,CoT (medium reasoning),pna_all,pna,pt,pna_panel4_150_059,pna:2019:part_2A:122,254,hard,D,,3,0.0,0.0,False,thesis_github/data/evals/failure_prediction/panel150_gpt54nano_delta_ci_plot_v1/panel150_gpt54nano_per_question_method_accuracy_with_difficulty.csv
main_panel150_gpt54nano,CoT (medium reasoning),pna_all,pna,pt,pna_panel4_150_011,pna:2019:part_2A:135,266,easy,B,,3,3.0,1.0,False,thesis_github/data/evals/failure_prediction/panel150_gpt54nano_delta_ci_plot_v1/panel150_gpt54nano_per_question_method_accuracy_with_difficulty.csv
main_panel150_gpt54nano,CoT (medium reasoning),pna_all,pna,pt,pna_panel4_150_012,pna:2019:part_2A:138,269,easy,D,,3,3.0,1.0,False,thesis_github/data/evals/failure_prediction/panel150_gpt54nano_delta_ci_plot_v1/panel150_gpt54nano_per_question_method_accuracy_with_difficulty.csv
main_panel150_gpt54nano,CoT (medium reasoning),pna_all,pna,pt,pna_panel4_150_060,pna:2020:part_1A:10,290,hard,A,,3,1.0,0.3333333333333333,False,thesis_github/data/evals/failure_prediction/panel150_gpt54nano_delta_ci_plot_v1/panel150_gpt54nano_per_question_method_accuracy_with_difficulty.csv
main_panel150_gpt54nano,CoT (medium reasoning),pna_all,pna,pt,pna_panel4_150_013,pna:2020:part_1A:14,294,easy,A,,3,3.0,1.0,False,thesis_github/data/evals/failure_prediction/panel150_gpt54nano_delta_ci_plot_v1/panel150_gpt54nano_per_question_method_accuracy_with_difficulty.csv
main_panel150_gpt54nano,CoT (medium reasoning),pna_all,pna,pt,pna_panel4_150_014,pna:2020:part_1A:16,296,easy,A,,3,3.0,1.0,False,thesis_github/data/evals/failure_prediction/panel150_gpt54nano_delta_ci_plot_v1/panel150_gpt54nano_per_question_method_accuracy_with_difficulty.csv
main_panel150_gpt54nano,CoT (medium reasoning),pna_all,pna,pt,pna_panel4_150_061,pna:2020:part_1A:2,282,hard,A,,3,0.0,0.0,False,thesis_github/data/evals/failure_prediction/panel150_gpt54nano_delta_ci_plot_v1/panel150_gpt54nano_per_question_method_accuracy_with_difficulty.csv
main_panel150_gpt54nano,CoT (medium reasoning),pna_all,pna,pt,pna_panel4_150_113,pna:2020:part_1A:21,301,medium,D,,3,0.0,0.0,False,thesis_github/data/evals/failure_prediction/panel150_gpt54nano_delta_ci_plot_v1/panel150_gpt54nano_per_question_method_accuracy_with_difficulty.csv
main_panel150_gpt54nano,CoT (medium reasoning),pna_all,pna,pt,pna_panel4_150_062,pna:2020:part_1A:27,306,hard,A,,3,0.0,0.0,False,thesis_github/data/evals/failure_prediction/panel150_gpt54nano_delta_ci_plot_v1/panel150_gpt54nano_per_question_method_accuracy_with_difficulty.csv
main_panel150_gpt54nano,CoT (medium reasoning),pna_all,pna,pt,pna_panel4_150_114,pna:2020:part_1A:30,309,medium,A,,3,1.0,0.3333333333333333,False,thesis_github/data/evals/failure_prediction/panel150_gpt54nano_delta_ci_plot_v1/panel150_gpt54nano_per_question_method_accuracy_with_difficulty.csv
main_panel150_gpt54nano,CoT (medium reasoning),pna_all,pna,pt,pna_panel4_150_015,pna:2020:part_1A:31,310,easy,E,,3,3.0,1.0,False,thesis_github/data/evals/failure_prediction/panel150_gpt54nano_delta_ci_plot_v1/panel150_gpt54nano_per_question_method_accuracy_with_difficulty.csv
main_panel150_gpt54nano,CoT (medium reasoning),pna_all,pna,pt,pna_panel4_150_016,pna:2020:part_1A:52,329,easy,B,,3,3.0,1.0,False,thesis_github/data/evals/failure_prediction/panel150_gpt54nano_delta_ci_plot_v1/panel150_gpt54nano_per_question_method_accuracy_with_difficulty.csv
main_panel150_gpt54nano,CoT (medium reasoning),pna_all,pna,pt,pna_panel4_150_017,pna:2020:part_1A:64,339,easy,A,,3,3.0,1.0,False,thesis_github/data/evals/failure_prediction/panel150_gpt54nano_delta_ci_plot_v1/panel150_gpt54nano_per_question_method_accuracy_with_difficulty.csv
main_panel150_gpt54nano,CoT (medium reasoning),pna_all,pna,pt,pna_panel4_150_063,pna:2020:part_1A:70,345,hard,D,,3,0.0,0.0,False,thesis_github/data/evals/failure_prediction/panel150_gpt54nano_delta_ci_plot_v1/panel150_gpt54nano_per_question_method_accuracy_with_difficulty.csv
main_panel150_gpt54nano,CoT (medium reasoning),pna_all,pna,pt,pna_panel4_150_018,pna:2020:part_1A:73,348,easy,B,,3,3.0,1.0,False,thesis_github/data/evals/failure_prediction/panel150_gpt54nano_delta_ci_plot_v1/panel150_gpt54nano_per_question_method_accuracy_with_difficulty.csv
main_panel150_gpt54nano,CoT (medium reasoning),pna_all,pna,pt,pna_panel4_150_019,pna:2020:part_1A:9,289,easy,D,,3,3.0,1.0,False,thesis_github/data/evals/failure_prediction/panel150_gpt54nano_delta_ci_plot_v1/panel150_gpt54nano_per_question_method_accuracy_with_difficulty.csv
main_panel150_gpt54nano,CoT (medium reasoning),pna_all,pna,pt,pna_panel4_150_064,pna:2020:part_2A:105,377,hard,C,,3,0.0,0.0,False,thesis_github/data/evals/failure_prediction/panel150_gpt54nano_delta_ci_plot_v1/panel150_gpt54nano_per_question_method_accuracy_with_difficulty.csv
main_panel150_gpt54nano,CoT (medium reasoning),pna_all,pna,pt,pna_panel4_150_020,pna:2020:part_2A:123,394,easy,B,,3,3.0,1.0,False,thesis_github/data/evals/failure_prediction/panel150_gpt54nano_delta_ci_plot_v1/panel150_gpt54nano_per_question_method_accuracy_with_difficulty.csv
main_panel150_gpt54nano,CoT (medium reasoning),pna_all,pna,pt,pna_panel4_150_115,pna:2020:part_2A:130,400,medium,A,,3,3.0,1.0,False,thesis_github/data/evals/failure_prediction/panel150_gpt54nano_delta_ci_plot_v1/panel150_gpt54nano_per_question_method_accuracy_with_difficulty.csv
main_panel150_gpt54nano,CoT (medium reasoning),pna_all,pna,pt,pna_panel4_150_021,pna:2020:part_2A:94,367,easy,B,,3,3.0,1.0,False,thesis_github/data/evals/failure_prediction/panel150_gpt54nano_delta_ci_plot_v1/panel150_gpt54nano_per_question_method_accuracy_with_difficulty.csv
main_panel150_gpt54nano,CoT (medium reasoning),pna_all,pna,pt,pna_panel4_150_065,pna:2021:part_1A:18,437,hard,D,,3,0.0,0.0,False,thesis_github/data/evals/failure_prediction/panel150_gpt54nano_delta_ci_plot_v1/panel150_gpt54nano_per_question_method_accuracy_with_difficulty.csv
main_panel150_gpt54nano,CoT (medium reasoning),pna_all,pna,pt,pna_panel4_150_022,pna:2021:part_1A:22,441,easy,E,,3,3.0,1.0,False,thesis_github/data/evals/failure_prediction/panel150_gpt54nano_delta_ci_plot_v1/panel150_gpt54nano_per_question_method_accuracy_with_difficulty.csv
main_panel150_gpt54nano,CoT (medium reasoning),pna_all,pna,pt,pna_panel4_150_116,pna:2021:part_1A:26,445,medium,E,,3,3.0,1.0,False,thesis_github/data/evals/failure_prediction/panel150_gpt54nano_delta_ci_plot_v1/panel150_gpt54nano_per_question_method_accuracy_with_difficulty.csv
main_panel150_gpt54nano,CoT (medium reasoning),pna_all,pna,pt,pna_panel4_150_023,pna:2021:part_1A:30,449,easy,A,,3,3.0,1.0,False,thesis_github/data/evals/failure_prediction/panel150_gpt54nano_delta_ci_plot_v1/panel150_gpt54nano_per_question_method_accuracy_with_difficulty.csv
main_panel150_gpt54nano,CoT (medium reasoning),pna_all,pna,pt,pna_panel4_150_117,pna:2021:part_1A:4,423,medium,A,,3,2.0,0.6666666666666666,False,thesis_github/data/evals/failure_prediction/panel150_gpt54nano_delta_ci_plot_v1/panel150_gpt54nano_per_question_method_accuracy_with_difficulty.csv
main_panel150_gpt54nano,CoT (medium reasoning),pna_all,pna,pt,pna_panel4_150_118,pna:2021:part_1A:44,462,medium,C,,3,3.0,1.0,False,thesis_github/data/evals/failure_prediction/panel150_gpt54nano_delta_ci_plot_v1/panel150_gpt54nano_per_question_method_accuracy_with_difficulty.csv
main_panel150_gpt54nano,CoT (medium reasoning),pna_all,pna,pt,pna_panel4_150_066,pna:2021:part_1A:46,464,hard,C,,3,0.0,0.0,False,thesis_github/data/evals/failure_prediction/panel150_gpt54nano_delta_ci_plot_v1/panel150_gpt54nano_per_question_method_accuracy_with_difficulty.csv
main_panel150_gpt54nano,CoT (medium reasoning),pna_all,pna,pt,pna_panel4_150_067,pna:2021:part_1A:5,424,hard,D,,3,0.0,0.0,False,thesis_github/data/evals/failure_prediction/panel150_gpt54nano_delta_ci_plot_v1/panel150_gpt54nano_per_question_method_accuracy_with_difficulty.csv
main_panel150_gpt54nano,CoT (medium reasoning),pna_all,pna,pt,pna_panel4_150_119,pna:2021:part_1A:57,474,medium,C,,3,3.0,1.0,False,thesis_github/data/evals/failure_prediction/panel150_gpt54nano_delta_ci_plot_v1/panel150_gpt54nano_per_question_method_accuracy_with_difficulty.csv
main_panel150_gpt54nano,CoT (medium reasoning),pna_all,pna,pt,pna_panel4_150_024,pna:2021:part_1A:60,477,easy,E,,3,3.0,1.0,False,thesis_github/data/evals/failure_prediction/panel150_gpt54nano_delta_ci_plot_v1/panel150_gpt54nano_per_question_method_accuracy_with_difficulty.csv
main_panel150_gpt54nano,CoT (medium reasoning),pna_all,pna,pt,pna_panel4_150_068,pna:2021:part_1A:61,478,hard,D,,3,3.0,1.0,False,thesis_github/data/evals/failure_prediction/panel150_gpt54nano_delta_ci_plot_v1/panel150_gpt54nano_per_question_method_accuracy_with_difficulty.csv
main_panel150_gpt54nano,CoT (medium reasoning),pna_all,pna,pt,pna_panel4_150_025,pna:2021:part_1A:66,483,easy,B,,3,3.0,1.0,False,thesis_github/data/evals/failure_prediction/panel150_gpt54nano_delta_ci_plot_v1/panel150_gpt54nano_per_question_method_accuracy_with_difficulty.csv
main_panel150_gpt54nano,CoT (medium reasoning),pna_all,pna,pt,pna_panel4_150_069,pna:2021:part_1A:68,485,hard,C,,3,0.0,0.0,False,thesis_github/data/evals/failure_prediction/panel150_gpt54nano_delta_ci_plot_v1/panel150_gpt54nano_per_question_method_accuracy_with_difficulty.csv
main_panel150_gpt54nano,CoT (medium reasoning),pna_all,pna,pt,pna_panel4_150_070,pna:2021:part_1A:71,488,hard,A,,3,3.0,1.0,False,thesis_github/data/evals/failure_prediction/panel150_gpt54nano_delta_ci_plot_v1/panel150_gpt54nano_per_question_method_accuracy_with_difficulty.csv
main_panel150_gpt54nano,CoT (medium reasoning),pna_all,pna,pt,pna_panel4_150_071,pna:2021:part_2A:100,514,hard,E,,3,1.0,0.3333333333333333,False,thesis_github/data/evals/failure_prediction/panel150_gpt54nano_delta_ci_plot_v1/panel150_gpt54nano_per_question_method_accuracy_with_difficulty.csv
main_panel150_gpt54nano,CoT (medium reasoning),pna_all,pna,pt,pna_panel4_150_120,pna:2021:part_2A:105,518,medium,E,,3,3.0,1.0,False,thesis_github/data/evals/failure_prediction/panel150_gpt54nano_delta_ci_plot_v1/panel150_gpt54nano_per_question_method_accuracy_with_difficulty.csv
main_panel150_gpt54nano,CoT (medium reasoning),pna_all,pna,pt,pna_panel4_150_072,pna:2021:part_2A:113,525,hard,A,,3,0.0,0.0,False,thesis_github/data/evals/failure_prediction/panel150_gpt54nano_delta_ci_plot_v1/panel150_gpt54nano_per_question_method_accuracy_with_difficulty.csv
main_panel150_gpt54nano,CoT (medium reasoning),pna_all,pna,pt,pna_panel4_150_073,pna:2021:part_2A:116,528,hard,C,,3,0.0,0.0,False,thesis_github/data/evals/failure_prediction/panel150_gpt54nano_delta_ci_plot_v1/panel150_gpt54nano_per_question_method_accuracy_with_difficulty.csv
main_panel150_gpt54nano,CoT (medium reasoning),pna_all,pna,pt,pna_panel4_150_121,pna:2021:part_2A:118,530,medium,A,,3,2.0,0.6666666666666666,False,thesis_github/data/evals/failure_prediction/panel150_gpt54nano_delta_ci_plot_v1/panel150_gpt54nano_per_question_method_accuracy_with_difficulty.csv
main_panel150_gpt54nano,CoT (medium reasoning),pna_all,pna,pt,pna_panel4_150_026,pna:2021:part_2A:125,537,easy,B,,3,3.0,1.0,False,thesis_github/data/evals/failure_prediction/panel150_gpt54nano_delta_ci_plot_v1/panel150_gpt54nano_per_question_method_accuracy_with_difficulty.csv
main_panel150_gpt54nano,CoT (medium reasoning),pna_all,pna,pt,pna_panel4_150_074,pna:2021:part_2A:129,541,hard,A,,3,0.0,0.0,False,thesis_github/data/evals/failure_prediction/panel150_gpt54nano_delta_ci_plot_v1/panel150_gpt54nano_per_question_method_accuracy_with_difficulty.csv
main_panel150_gpt54nano,CoT (medium reasoning),pna_all,pna,pt,pna_panel4_150_027,pna:2021:part_2A:137,549,easy,C,,3,3.0,1.0,False,thesis_github/data/evals/failure_prediction/panel150_gpt54nano_delta_ci_plot_v1/panel150_gpt54nano_per_question_method_accuracy_with_difficulty.csv
main_panel150_gpt54nano,CoT (medium reasoning),pna_all,pna,pt,pna_panel4_150_122,pna:2021:part_2A:145,557,medium,E,,3,3.0,1.0,False,thesis_github/data/evals/failure_prediction/panel150_gpt54nano_delta_ci_plot_v1/panel150_gpt54nano_per_question_method_accuracy_with_difficulty.csv
main_panel150_gpt54nano,CoT (medium reasoning),pna_all,pna,pt,pna_panel4_150_123,pna:2021:part_2A:82,498,medium,A,,3,3.0,1.0,False,thesis_github/data/evals/failure_prediction/panel150_gpt54nano_delta_ci_plot_v1/panel150_gpt54nano_per_question_method_accuracy_with_difficulty.csv
main_panel150_gpt54nano,CoT (medium reasoning),pna_all,pna,pt,pna_panel4_150_075,pna:2021:part_2A:90,505,hard,D,,3,1.0,0.3333333333333333,False,thesis_github/data/evals/failure_prediction/panel150_gpt54nano_delta_ci_plot_v1/panel150_gpt54nano_per_question_method_accuracy_with_difficulty.csv
main_panel150_gpt54nano,CoT (medium reasoning),pna_all,pna,pt,pna_panel4_150_076,pna:2021:part_2A:95,509,hard,B,,3,2.0,0.6666666666666666,False,thesis_github/data/evals/failure_prediction/panel150_gpt54nano_delta_ci_plot_v1/panel150_gpt54nano_per_question_method_accuracy_with_difficulty.csv
main_panel150_gpt54nano,CoT (medium reasoning),pna_all,pna,pt,pna_panel4_150_077,pna:2022:part_1A:11,571,hard,C,,3,2.0,0.6666666666666666,False,thesis_github/data/evals/failure_prediction/panel150_gpt54nano_delta_ci_plot_v1/panel150_gpt54nano_per_question_method_accuracy_with_difficulty.csv
main_panel150_gpt54nano,CoT (medium reasoning),pna_all,pna,pt,pna_panel4_150_124,pna:2022:part_1A:15,575,medium,B,,3,0.0,0.0,False,thesis_github/data/evals/failure_prediction/panel150_gpt54nano_delta_ci_plot_v1/panel150_gpt54nano_per_question_method_accuracy_with_difficulty.csv
main_panel150_gpt54nano,CoT (medium reasoning),pna_all,pna,pt,pna_panel4_150_078,pna:2022:part_1A:17,577,hard,D,,3,2.0,0.6666666666666666,False,thesis_github/data/evals/failure_prediction/panel150_gpt54nano_delta_ci_plot_v1/panel150_gpt54nano_per_question_method_accuracy_with_difficulty.csv
main_panel150_gpt54nano,CoT (medium reasoning),pna_all,pna,pt,pna_panel4_150_125,pna:2022:part_1A:18,578,medium,B,,3,2.0,0.6666666666666666,False,thesis_github/data/evals/failure_prediction/panel150_gpt54nano_delta_ci_plot_v1/panel150_gpt54nano_per_question_method_accuracy_with_difficulty.csv
main_panel150_gpt54nano,CoT (medium reasoning),pna_all,pna,pt,pna_panel4_150_079,pna:2022:part_1A:19,579,hard,B,,3,0.0,0.0,False,thesis_github/data/evals/failure_prediction/panel150_gpt54nano_delta_ci_plot_v1/panel150_gpt54nano_per_question_method_accuracy_with_difficulty.csv
main_panel150_gpt54nano,CoT (medium reasoning),pna_all,pna,pt,pna_panel4_150_080,pna:2022:part_1A:23,583,hard,E,,3,0.0,0.0,False,thesis_github/data/evals/failure_prediction/panel150_gpt54nano_delta_ci_plot_v1/panel150_gpt54nano_per_question_method_accuracy_with_difficulty.csv
main_panel150_gpt54nano,CoT (medium reasoning),pna_all,pna,pt,pna_panel4_150_028,pna:2022:part_1A:24,584,easy,B,,3,3.0,1.0,False,thesis_github/data/evals/failure_prediction/panel150_gpt54nano_delta_ci_plot_v1/panel150_gpt54nano_per_question_method_accuracy_with_difficulty.csv
main_panel150_gpt54nano,CoT (medium reasoning),pna_all,pna,pt,pna_panel4_150_126,pna:2022:part_1A:25,585,medium,C,,3,3.0,1.0,False,thesis_github/data/evals/failure_prediction/panel150_gpt54nano_delta_ci_plot_v1/panel150_gpt54nano_per_question_method_accuracy_with_difficulty.csv
main_panel150_gpt54nano,CoT (medium reasoning),pna_all,pna,pt,pna_panel4_150_029,pna:2022:part_1A:27,587,easy,B,,3,3.0,1.0,False,thesis_github/data/evals/failure_prediction/panel150_gpt54nano_delta_ci_plot_v1/panel150_gpt54nano_per_question_method_accuracy_with_difficulty.csv
main_panel150_gpt54nano,CoT (medium reasoning),pna_all,pna,pt,pna_panel4_150_127,pna:2022:part_1A:29,589,medium,A,,3,3.0,1.0,False,thesis_github/data/evals/failure_prediction/panel150_gpt54nano_delta_ci_plot_v1/panel150_gpt54nano_per_question_method_accuracy_with_difficulty.csv
main_panel150_gpt54nano,CoT (medium reasoning),pna_all,pna,pt,pna_panel4_150_128,pna:2022:part_1A:33,592,medium,C,,3,3.0,1.0,False,thesis_github/data/evals/failure_prediction/panel150_gpt54nano_delta_ci_plot_v1/panel150_gpt54nano_per_question_method_accuracy_with_difficulty.csv
main_panel150_gpt54nano,CoT (medium reasoning),pna_all,pna,pt,pna_panel4_150_129,pna:2022:part_1A:46,604,medium,C,,3,2.0,0.6666666666666666,False,thesis_github/data/evals/failure_prediction/panel150_gpt54nano_delta_ci_plot_v1/panel150_gpt54nano_per_question_method_accuracy_with_difficulty.csv
main_panel150_gpt54nano,CoT (medium reasoning),pna_all,pna,pt,pna_panel4_150_081,pna:2022:part_1A:51,609,hard,C,,3,3.0,1.0,False,thesis_github/data/evals/failure_prediction/panel150_gpt54nano_delta_ci_plot_v1/panel150_gpt54nano_per_question_method_accuracy_with_difficulty.csv
main_panel150_gpt54nano,CoT (medium reasoning),pna_all,pna,pt,pna_panel4_150_030,pna:2022:part_1A:59,617,easy,D,,3,3.0,1.0,False,thesis_github/data/evals/failure_prediction/panel150_gpt54nano_delta_ci_plot_v1/panel150_gpt54nano_per_question_method_accuracy_with_difficulty.csv
main_panel150_gpt54nano,CoT (medium reasoning),pna_all,pna,pt,pna_panel4_150_082,pna:2022:part_1A:64,622,hard,A,,3,0.0,0.0,False,thesis_github/data/evals/failure_prediction/panel150_gpt54nano_delta_ci_plot_v1/panel150_gpt54nano_per_question_method_accuracy_with_difficulty.csv
main_panel150_gpt54nano,CoT (medium reasoning),pna_all,pna,pt,pna_panel4_150_083,pna:2022:part_2A:100,657,hard,A,,3,0.0,0.0,False,thesis_github/data/evals/failure_prediction/panel150_gpt54nano_delta_ci_plot_v1/panel150_gpt54nano_per_question_method_accuracy_with_difficulty.csv
main_panel150_gpt54nano,CoT (medium reasoning),pna_all,pna,pt,pna_panel4_150_031,pna:2022:part_2A:113,670,easy,C,,3,3.0,1.0,False,thesis_github/data/evals/failure_prediction/panel150_gpt54nano_delta_ci_plot_v1/panel150_gpt54nano_per_question_method_accuracy_with_difficulty.csv
main_panel150_gpt54nano,CoT (medium reasoning),pna_all,pna,pt,pna_panel4_150_130,pna:2022:part_2A:129,686,medium,D,,3,3.0,1.0,False,thesis_github/data/evals/failure_prediction/panel150_gpt54nano_delta_ci_plot_v1/panel150_gpt54nano_per_question_method_accuracy_with_difficulty.csv
main_panel150_gpt54nano,CoT (medium reasoning),pna_all,pna,pt,pna_panel4_150_084,pna:2022:part_2A:132,689,hard,A,,3,3.0,1.0,False,thesis_github/data/evals/failure_prediction/panel150_gpt54nano_delta_ci_plot_v1/panel150_gpt54nano_per_question_method_accuracy_with_difficulty.csv
main_panel150_gpt54nano,CoT (medium reasoning),pna_all,pna,pt,pna_panel4_150_085,pna:2022:part_2A:138,695,hard,A,,3,0.0,0.0,False,thesis_github/data/evals/failure_prediction/panel150_gpt54nano_delta_ci_plot_v1/panel150_gpt54nano_per_question_method_accuracy_with_difficulty.csv
main_panel150_gpt54nano,CoT (medium reasoning),pna_all,pna,pt,pna_panel4_150_131,pna:2022:part_2A:79,636,medium,B,,3,3.0,1.0,False,thesis_github/data/evals/failure_prediction/panel150_gpt54nano_delta_ci_plot_v1/panel150_gpt54nano_per_question_method_accuracy_with_difficulty.csv
main_panel150_gpt54nano,CoT (medium reasoning),pna_all,pna,pt,pna_panel4_150_032,pna:2022:part_2A:83,640,easy,A,,3,3.0,1.0,False,thesis_github/data/evals/failure_prediction/panel150_gpt54nano_delta_ci_plot_v1/panel150_gpt54nano_per_question_method_accuracy_with_difficulty.csv
main_panel150_gpt54nano,CoT (medium reasoning),pna_all,pna,pt,pna_panel4_150_132,pna:2023:part_1A:11,715,medium,A,,3,3.0,1.0,False,thesis_github/data/evals/failure_prediction/panel150_gpt54nano_delta_ci_plot_v1/panel150_gpt54nano_per_question_method_accuracy_with_difficulty.csv
main_panel150_gpt54nano,CoT (medium reasoning),pna_all,pna,pt,pna_panel4_150_086,pna:2023:part_1A:31,735,hard,D,,3,0.0,0.0,False,thesis_github/data/evals/failure_prediction/panel150_gpt54nano_delta_ci_plot_v1/panel150_gpt54nano_per_question_method_accuracy_with_difficulty.csv
main_panel150_gpt54nano,CoT (medium reasoning),pna_all,pna,pt,pna_panel4_150_087,pna:2023:part_1A:34,738,hard,E,,3,3.0,1.0,False,thesis_github/data/evals/failure_prediction/panel150_gpt54nano_delta_ci_plot_v1/panel150_gpt54nano_per_question_method_accuracy_with_difficulty.csv
main_panel150_gpt54nano,CoT (medium reasoning),pna_all,pna,pt,pna_panel4_150_033,pna:2023:part_1A:36,740,easy,B,,3,3.0,1.0,False,thesis_github/data/evals/failure_prediction/panel150_gpt54nano_delta_ci_plot_v1/panel150_gpt54nano_per_question_method_accuracy_with_difficulty.csv
main_panel150_gpt54nano,CoT (medium reasoning),pna_all,pna,pt,pna_panel4_150_133,pna:2023:part_1A:5,710,medium,E,,3,0.0,0.0,False,thesis_github/data/evals/failure_prediction/panel150_gpt54nano_delta_ci_plot_v1/panel150_gpt54nano_per_question_method_accuracy_with_difficulty.csv
main_panel150_gpt54nano,CoT (medium reasoning),pna_all,pna,pt,pna_panel4_150_134,pna:2023:part_1A:50,754,medium,E,,3,3.0,1.0,False,thesis_github/data/evals/failure_prediction/panel150_gpt54nano_delta_ci_plot_v1/panel150_gpt54nano_per_question_method_accuracy_with_difficulty.csv
main_panel150_gpt54nano,CoT (medium reasoning),pna_all,pna,pt,pna_panel4_150_088,pna:2023:part_1A:52,756,hard,C,,3,3.0,1.0,False,thesis_github/data/evals/failure_prediction/panel150_gpt54nano_delta_ci_plot_v1/panel150_gpt54nano_per_question_method_accuracy_with_difficulty.csv
main_panel150_gpt54nano,CoT (medium reasoning),pna_all,pna,pt,pna_panel4_150_135,pna:2023:part_1A:55,759,medium,E,,3,2.0,0.6666666666666666,False,thesis_github/data/evals/failure_prediction/panel150_gpt54nano_delta_ci_plot_v1/panel150_gpt54nano_per_question_method_accuracy_with_difficulty.csv
main_panel150_gpt54nano,CoT (medium reasoning),pna_all,pna,pt,pna_panel4_150_034,pna:2023:part_1A:68,772,easy,C,,3,3.0,1.0,False,thesis_github/data/evals/failure_prediction/panel150_gpt54nano_delta_ci_plot_v1/panel150_gpt54nano_per_question_method_accuracy_with_difficulty.csv
main_panel150_gpt54nano,CoT (medium reasoning),pna_all,pna,pt,pna_panel4_150_035,pna:2023:part_1A:71,775,easy,C,,3,3.0,1.0,False,thesis_github/data/evals/failure_prediction/panel150_gpt54nano_delta_ci_plot_v1/panel150_gpt54nano_per_question_method_accuracy_with_difficulty.csv
main_panel150_gpt54nano,CoT (medium reasoning),pna_all,pna,pt,pna_panel4_150_136,pna:2023:part_2A:103,805,medium,E,,3,3.0,1.0,False,thesis_github/data/evals/failure_prediction/panel150_gpt54nano_delta_ci_plot_v1/panel150_gpt54nano_per_question_method_accuracy_with_difficulty.csv
main_panel150_gpt54nano,CoT (medium reasoning),pna_all,pna,pt,pna_panel4_150_137,pna:2023:part_2A:105,807,medium,B,,3,3.0,1.0,False,thesis_github/data/evals/failure_prediction/panel150_gpt54nano_delta_ci_plot_v1/panel150_gpt54nano_per_question_method_accuracy_with_difficulty.csv
main_panel150_gpt54nano,CoT (medium reasoning),pna_all,pna,pt,pna_panel4_150_036,pna:2023:part_2A:124,824,easy,E,,3,3.0,1.0,False,thesis_github/data/evals/failure_prediction/panel150_gpt54nano_delta_ci_plot_v1/panel150_gpt54nano_per_question_method_accuracy_with_difficulty.csv
main_panel150_gpt54nano,CoT (medium reasoning),pna_all,pna,pt,pna_panel4_150_037,pna:2023:part_2A:141,841,easy,B,,3,3.0,1.0,False,thesis_github/data/evals/failure_prediction/panel150_gpt54nano_delta_ci_plot_v1/panel150_gpt54nano_per_question_method_accuracy_with_difficulty.csv
main_panel150_gpt54nano,CoT (medium reasoning),pna_all,pna,pt,pna_panel4_150_089,pna:2023:part_2A:81,784,hard,E,,3,1.0,0.3333333333333333,False,thesis_github/data/evals/failure_prediction/panel150_gpt54nano_delta_ci_plot_v1/panel150_gpt54nano_per_question_method_accuracy_with_difficulty.csv
main_panel150_gpt54nano,CoT (medium reasoning),pna_all,pna,pt,pna_panel4_150_090,pna:2023:part_2A:87,790,hard,B,,3,0.0,0.0,False,thesis_github/data/evals/failure_prediction/panel150_gpt54nano_delta_ci_plot_v1/panel150_gpt54nano_per_question_method_accuracy_with_difficulty.csv
main_panel150_gpt54nano,CoT (medium reasoning),pna_all,pna,pt,pna_panel4_150_138,pna:2023:part_2A:90,793,medium,D,,3,3.0,1.0,False,thesis_github/data/evals/failure_prediction/panel150_gpt54nano_delta_ci_plot_v1/panel150_gpt54nano_per_question_method_accuracy_with_difficulty.csv
main_panel150_gpt54nano,CoT (medium reasoning),pna_all,pna,pt,pna_panel4_150_038,pna:2023:part_2A:91,794,easy,A,,3,3.0,1.0,False,thesis_github/data/evals/failure_prediction/panel150_gpt54nano_delta_ci_plot_v1/panel150_gpt54nano_per_question_method_accuracy_with_difficulty.csv
main_panel150_gpt54nano,CoT (medium reasoning),pna_all,pna,pt,pna_panel4_150_139,pna:2024:part_1A:11,860,medium,D,,3,3.0,1.0,False,thesis_github/data/evals/failure_prediction/panel150_gpt54nano_delta_ci_plot_v1/panel150_gpt54nano_per_question_method_accuracy_with_difficulty.csv
main_panel150_gpt54nano,CoT (medium reasoning),pna_all,pna,pt,pna_panel4_150_091,pna:2024:part_1A:12,861,hard,B,,3,2.0,0.6666666666666666,False,thesis_github/data/evals/failure_prediction/panel150_gpt54nano_delta_ci_plot_v1/panel150_gpt54nano_per_question_method_accuracy_with_difficulty.csv
main_panel150_gpt54nano,CoT (medium reasoning),pna_all,pna,pt,pna_panel4_150_092,pna:2024:part_1A:31,879,hard,C,,3,0.0,0.0,False,thesis_github/data/evals/failure_prediction/panel150_gpt54nano_delta_ci_plot_v1/panel150_gpt54nano_per_question_method_accuracy_with_difficulty.csv
main_panel150_gpt54nano,CoT (medium reasoning),pna_all,pna,pt,pna_panel4_150_140,pna:2024:part_1A:35,883,medium,C,,3,3.0,1.0,False,thesis_github/data/evals/failure_prediction/panel150_gpt54nano_delta_ci_plot_v1/panel150_gpt54nano_per_question_method_accuracy_with_difficulty.csv
main_panel150_gpt54nano,CoT (medium reasoning),pna_all,pna,pt,pna_panel4_150_093,pna:2024:part_1A:44,892,hard,E,,3,0.0,0.0,False,thesis_github/data/evals/failure_prediction/panel150_gpt54nano_delta_ci_plot_v1/panel150_gpt54nano_per_question_method_accuracy_with_difficulty.csv
main_panel150_gpt54nano,CoT (medium reasoning),pna_all,pna,pt,pna_panel4_150_039,pna:2024:part_1A:57,905,easy,E,,3,3.0,1.0,False,thesis_github/data/evals/failure_prediction/panel150_gpt54nano_delta_ci_plot_v1/panel150_gpt54nano_per_question_method_accuracy_with_difficulty.csv
main_panel150_gpt54nano,CoT (medium reasoning),pna_all,pna,pt,pna_panel4_150_141,pna:2024:part_1A:58,906,medium,E,,3,3.0,1.0,False,thesis_github/data/evals/failure_prediction/panel150_gpt54nano_delta_ci_plot_v1/panel150_gpt54nano_per_question_method_accuracy_with_difficulty.csv
main_panel150_gpt54nano,CoT (medium reasoning),pna_all,pna,pt,pna_panel4_150_094,pna:2024:part_1A:9,858,hard,A,,3,0.0,0.0,False,thesis_github/data/evals/failure_prediction/panel150_gpt54nano_delta_ci_plot_v1/panel150_gpt54nano_per_question_method_accuracy_with_difficulty.csv
main_panel150_gpt54nano,CoT (medium reasoning),pna_all,pna,pt,pna_panel4_150_142,pna:2024:part_2A:119,960,medium,D,,3,3.0,1.0,False,thesis_github/data/evals/failure_prediction/panel150_gpt54nano_delta_ci_plot_v1/panel150_gpt54nano_per_question_method_accuracy_with_difficulty.csv
main_panel150_gpt54nano,CoT (medium reasoning),pna_all,pna,pt,pna_panel4_150_040,pna:2024:part_2A:129,970,easy,B,,3,3.0,1.0,False,thesis_github/data/evals/failure_prediction/panel150_gpt54nano_delta_ci_plot_v1/panel150_gpt54nano_per_question_method_accuracy_with_difficulty.csv
main_panel150_gpt54nano,CoT (medium reasoning),pna_all,pna,pt,pna_panel4_150_041,pna:2024:part_2A:134,975,easy,E,,3,3.0,1.0,False,thesis_github/data/evals/failure_prediction/panel150_gpt54nano_delta_ci_plot_v1/panel150_gpt54nano_per_question_method_accuracy_with_difficulty.csv
main_panel150_gpt54nano,CoT (medium reasoning),pna_all,pna,pt,pna_panel4_150_042,pna:2024:part_2A:138,979,easy,A,,3,3.0,1.0,False,thesis_github/data/evals/failure_prediction/panel150_gpt54nano_delta_ci_plot_v1/panel150_gpt54nano_per_question_method_accuracy_with_difficulty.csv
main_panel150_gpt54nano,CoT (medium reasoning),pna_all,pna,pt,pna_panel4_150_043,pna:2024:part_2A:150,991,easy,A,,3,3.0,1.0,False,thesis_github/data/evals/failure_prediction/panel150_gpt54nano_delta_ci_plot_v1/panel150_gpt54nano_per_question_method_accuracy_with_difficulty.csv
main_panel150_gpt54nano,CoT (medium reasoning),pna_all,pna,pt,pna_panel4_150_095,pna:2024:part_2A:92,936,hard,C,,3,0.0,0.0,False,thesis_github/data/evals/failure_prediction/panel150_gpt54nano_delta_ci_plot_v1/panel150_gpt54nano_per_question_method_accuracy_with_difficulty.csv
main_panel150_gpt54nano,CoT (medium reasoning),pna_all,pna,pt,pna_panel4_150_096,pna:2024:part_2A:93,937,hard,A,,3,0.0,0.0,False,thesis_github/data/evals/failure_prediction/panel150_gpt54nano_delta_ci_plot_v1/panel150_gpt54nano_per_question_method_accuracy_with_difficulty.csv
main_panel150_gpt54nano,CoT (medium reasoning),pna_all,pna,pt,pna_panel4_150_044,pna:2024:part_2A:96,940,easy,A,,3,3.0,1.0,False,thesis_github/data/evals/failure_prediction/panel150_gpt54nano_delta_ci_plot_v1/panel150_gpt54nano_per_question_method_accuracy_with_difficulty.csv
main_panel150_gpt54nano,CoT (medium reasoning),pna_all,pna,pt,pna_panel4_150_143,pna:2024:part_2A:97,941,medium,D,,3,3.0,1.0,False,thesis_github/data/evals/failure_prediction/panel150_gpt54nano_delta_ci_plot_v1/panel150_gpt54nano_per_question_method_accuracy_with_difficulty.csv
main_panel150_gpt54nano,CoT (medium reasoning),pna_all,pna,pt,pna_panel4_150_144,pna:2025:part_1A:10,1001,medium,D,,3,0.0,0.0,False,thesis_github/data/evals/failure_prediction/panel150_gpt54nano_delta_ci_plot_v1/panel150_gpt54nano_per_question_method_accuracy_with_difficulty.csv
main_panel150_gpt54nano,CoT (medium reasoning),pna_all,pna,pt,pna_panel4_150_145,pna:2025:part_1A:22,1013,medium,A,,3,2.0,0.6666666666666666,False,thesis_github/data/evals/failure_prediction/panel150_gpt54nano_delta_ci_plot_v1/panel150_gpt54nano_per_question_method_accuracy_with_difficulty.csv
main_panel150_gpt54nano,CoT (medium reasoning),pna_all,pna,pt,pna_panel4_150_045,pna:2025:part_1A:23,1014,easy,B,,3,3.0,1.0,False,thesis_github/data/evals/failure_prediction/panel150_gpt54nano_delta_ci_plot_v1/panel150_gpt54nano_per_question_method_accuracy_with_difficulty.csv
main_panel150_gpt54nano,CoT (medium reasoning),pna_all,pna,pt,pna_panel4_150_146,pna:2025:part_1A:35,1025,medium,A,,3,3.0,1.0,False,thesis_github/data/evals/failure_prediction/panel150_gpt54nano_delta_ci_plot_v1/panel150_gpt54nano_per_question_method_accuracy_with_difficulty.csv
main_panel150_gpt54nano,CoT (medium reasoning),pna_all,pna,pt,pna_panel4_150_046,pna:2025:part_1A:4,995,easy,A,,3,3.0,1.0,False,thesis_github/data/evals/failure_prediction/panel150_gpt54nano_delta_ci_plot_v1/panel150_gpt54nano_per_question_method_accuracy_with_difficulty.csv
main_panel150_gpt54nano,CoT (medium reasoning),pna_all,pna,pt,pna_panel4_150_097,pna:2025:part_1A:42,1031,hard,E,,3,0.0,0.0,False,thesis_github/data/evals/failure_prediction/panel150_gpt54nano_delta_ci_plot_v1/panel150_gpt54nano_per_question_method_accuracy_with_difficulty.csv
main_panel150_gpt54nano,CoT (medium reasoning),pna_all,pna,pt,pna_panel4_150_047,pna:2025:part_1A:59,1048,easy,D,,3,3.0,1.0,False,thesis_github/data/evals/failure_prediction/panel150_gpt54nano_delta_ci_plot_v1/panel150_gpt54nano_per_question_method_accuracy_with_difficulty.csv
main_panel150_gpt54nano,CoT (medium reasoning),pna_all,pna,pt,pna_panel4_150_147,pna:2025:part_1A:60,1049,medium,A,,3,3.0,1.0,False,thesis_github/data/evals/failure_prediction/panel150_gpt54nano_delta_ci_plot_v1/panel150_gpt54nano_per_question_method_accuracy_with_difficulty.csv
main_panel150_gpt54nano,CoT (medium reasoning),pna_all,pna,pt,pna_panel4_150_098,pna:2025:part_1A:72,1058,hard,C,,3,0.0,0.0,False,thesis_github/data/evals/failure_prediction/panel150_gpt54nano_delta_ci_plot_v1/panel150_gpt54nano_per_question_method_accuracy_with_difficulty.csv
main_panel150_gpt54nano,CoT (medium reasoning),pna_all,pna,pt,pna_panel4_150_048,pna:2025:part_1A:8,999,easy,A,,3,2.0,0.6666666666666666,False,thesis_github/data/evals/failure_prediction/panel150_gpt54nano_delta_ci_plot_v1/panel150_gpt54nano_per_question_method_accuracy_with_difficulty.csv
main_panel150_gpt54nano,CoT (medium reasoning),pna_all,pna,pt,pna_panel4_150_049,pna:2025:part_2A:106,1089,easy,B,,3,3.0,1.0,False,thesis_github/data/evals/failure_prediction/panel150_gpt54nano_delta_ci_plot_v1/panel150_gpt54nano_per_question_method_accuracy_with_difficulty.csv
main_panel150_gpt54nano,CoT (medium reasoning),pna_all,pna,pt,pna_panel4_150_148,pna:2025:part_2A:107,1090,medium,D,,3,3.0,1.0,False,thesis_github/data/evals/failure_prediction/panel150_gpt54nano_delta_ci_plot_v1/panel150_gpt54nano_per_question_method_accuracy_with_difficulty.csv
main_panel150_gpt54nano,CoT (medium reasoning),pna_all,pna,pt,pna_panel4_150_149,pna:2025:part_2A:113,1096,medium,E,,3,3.0,1.0,False,thesis_github/data/evals/failure_prediction/panel150_gpt54nano_delta_ci_plot_v1/panel150_gpt54nano_per_question_method_accuracy_with_difficulty.csv
main_panel150_gpt54nano,CoT (medium reasoning),pna_all,pna,pt,pna_panel4_150_099,pna:2025:part_2A:118,1101,hard,E,,3,0.0,0.0,False,thesis_github/data/evals/failure_prediction/panel150_gpt54nano_delta_ci_plot_v1/panel150_gpt54nano_per_question_method_accuracy_with_difficulty.csv
main_panel150_gpt54nano,CoT (medium reasoning),pna_all,pna,pt,pna_panel4_150_100,pna:2025:part_2A:130,1113,hard,B,,3,3.0,1.0,False,thesis_github/data/evals/failure_prediction/panel150_gpt54nano_delta_ci_plot_v1/panel150_gpt54nano_per_question_method_accuracy_with_difficulty.csv
main_panel150_gpt54nano,CoT (medium reasoning),pna_all,pna,pt,pna_panel4_150_050,pna:2025:part_2A:148,1130,easy,C,,3,3.0,1.0,False,thesis_github/data/evals/failure_prediction/panel150_gpt54nano_delta_ci_plot_v1/panel150_gpt54nano_per_question_method_accuracy_with_difficulty.csv
main_panel150_gpt54nano,CoT (medium reasoning),pna_all,pna,pt,pna_panel4_150_150,pna:2025:part_2A:85,1069,medium,C,,3,3.0,1.0,False,thesis_github/data/evals/failure_prediction/panel150_gpt54nano_delta_ci_plot_v1/panel150_gpt54nano_per_question_method_accuracy_with_difficulty.csv
main_panel150_gpt54nano,Self Consistency,medqa_test,medqa,en,medqa_panel4_150_116,test:100,100,medium,E,,3,3.0,1.0,False,thesis_github/data/evals/failure_prediction/panel150_gpt54nano_delta_ci_plot_v1/panel150_gpt54nano_per_question_method_accuracy_with_difficulty.csv
main_panel150_gpt54nano,Self Consistency,medqa_test,medqa,en,medqa_panel4_150_016,test:1000,1000,easy,C,,3,3.0,1.0,False,thesis_github/data/evals/failure_prediction/panel150_gpt54nano_delta_ci_plot_v1/panel150_gpt54nano_per_question_method_accuracy_with_difficulty.csv
main_panel150_gpt54nano,Self Consistency,medqa_test,medqa,en,medqa_panel4_150_117,test:1008,1008,medium,E,,3,3.0,1.0,False,thesis_github/data/evals/failure_prediction/panel150_gpt54nano_delta_ci_plot_v1/panel150_gpt54nano_per_question_method_accuracy_with_difficulty.csv
main_panel150_gpt54nano,Self Consistency,medqa_test,medqa,en,medqa_panel4_150_101,test:1010,1010,medium,C,,3,3.0,1.0,False,thesis_github/data/evals/failure_prediction/panel150_gpt54nano_delta_ci_plot_v1/panel150_gpt54nano_per_question_method_accuracy_with_difficulty.csv
main_panel150_gpt54nano,Self Consistency,medqa_test,medqa,en,medqa_panel4_150_118,test:1030,1030,medium,A,,3,3.0,1.0,False,thesis_github/data/evals/failure_prediction/panel150_gpt54nano_delta_ci_plot_v1/panel150_gpt54nano_per_question_method_accuracy_with_difficulty.csv
main_panel150_gpt54nano,Self Consistency,medqa_test,medqa,en,medqa_panel4_150_017,test:105,105,easy,B,,3,3.0,1.0,False,thesis_github/data/evals/failure_prediction/panel150_gpt54nano_delta_ci_plot_v1/panel150_gpt54nano_per_question_method_accuracy_with_difficulty.csv
main_panel150_gpt54nano,Self Consistency,medqa_test,medqa,en,medqa_panel4_150_119,test:1054,1054,medium,A,,3,3.0,1.0,False,thesis_github/data/evals/failure_prediction/panel150_gpt54nano_delta_ci_plot_v1/panel150_gpt54nano_per_question_method_accuracy_with_difficulty.csv
main_panel150_gpt54nano,Self Consistency,medqa_test,medqa,en,medqa_panel4_150_102,test:1057,1057,medium,B,,3,3.0,1.0,False,thesis_github/data/evals/failure_prediction/panel150_gpt54nano_delta_ci_plot_v1/panel150_gpt54nano_per_question_method_accuracy_with_difficulty.csv
main_panel150_gpt54nano,Self Consistency,medqa_test,medqa,en,medqa_panel4_150_066,test:106,106,hard,C,,3,0.0,0.0,False,thesis_github/data/evals/failure_prediction/panel150_gpt54nano_delta_ci_plot_v1/panel150_gpt54nano_per_question_method_accuracy_with_difficulty.csv
main_panel150_gpt54nano,Self Consistency,medqa_test,medqa,en,medqa_panel4_150_120,test:1074,1074,medium,C,,3,3.0,1.0,False,thesis_github/data/evals/failure_prediction/panel150_gpt54nano_delta_ci_plot_v1/panel150_gpt54nano_per_question_method_accuracy_with_difficulty.csv
main_panel150_gpt54nano,Self Consistency,medqa_test,medqa,en,medqa_panel4_150_051,test:1076,1076,hard,B,,3,0.0,0.0,False,thesis_github/data/evals/failure_prediction/panel150_gpt54nano_delta_ci_plot_v1/panel150_gpt54nano_per_question_method_accuracy_with_difficulty.csv
main_panel150_gpt54nano,Self Consistency,medqa_test,medqa,en,medqa_panel4_150_018,test:1083,1083,easy,A,,3,3.0,1.0,False,thesis_github/data/evals/failure_prediction/panel150_gpt54nano_delta_ci_plot_v1/panel150_gpt54nano_per_question_method_accuracy_with_difficulty.csv
main_panel150_gpt54nano,Self Consistency,medqa_test,medqa,en,medqa_panel4_150_052,test:1100,1100,hard,B,,3,2.0,0.6666666666666666,False,thesis_github/data/evals/failure_prediction/panel150_gpt54nano_delta_ci_plot_v1/panel150_gpt54nano_per_question_method_accuracy_with_difficulty.csv
main_panel150_gpt54nano,Self Consistency,medqa_test,medqa,en,medqa_panel4_150_053,test:1106,1106,hard,C,,3,0.0,0.0,False,thesis_github/data/evals/failure_prediction/panel150_gpt54nano_delta_ci_plot_v1/panel150_gpt54nano_per_question_method_accuracy_with_difficulty.csv
main_panel150_gpt54nano,Self Consistency,medqa_test,medqa,en,medqa_panel4_150_001,test:1108,1108,easy,D,,3,3.0,1.0,False,thesis_github/data/evals/failure_prediction/panel150_gpt54nano_delta_ci_plot_v1/panel150_gpt54nano_per_question_method_accuracy_with_difficulty.csv
main_panel150_gpt54nano,Self Consistency,medqa_test,medqa,en,medqa_panel4_150_054,test:1135,1135,hard,E,,3,0.0,0.0,False,thesis_github/data/evals/failure_prediction/panel150_gpt54nano_delta_ci_plot_v1/panel150_gpt54nano_per_question_method_accuracy_with_difficulty.csv
main_panel150_gpt54nano,Self Consistency,medqa_test,medqa,en,medqa_panel4_150_103,test:1140,1140,medium,C,,3,3.0,1.0,False,thesis_github/data/evals/failure_prediction/panel150_gpt54nano_delta_ci_plot_v1/panel150_gpt54nano_per_question_method_accuracy_with_difficulty.csv
main_panel150_gpt54nano,Self Consistency,medqa_test,medqa,en,medqa_panel4_150_121,test:1149,1149,medium,B,,3,3.0,1.0,False,thesis_github/data/evals/failure_prediction/panel150_gpt54nano_delta_ci_plot_v1/panel150_gpt54nano_per_question_method_accuracy_with_difficulty.csv
main_panel150_gpt54nano,Self Consistency,medqa_test,medqa,en,medqa_panel4_150_104,test:1153,1153,medium,A,,3,3.0,1.0,False,thesis_github/data/evals/failure_prediction/panel150_gpt54nano_delta_ci_plot_v1/panel150_gpt54nano_per_question_method_accuracy_with_difficulty.csv
main_panel150_gpt54nano,Self Consistency,medqa_test,medqa,en,medqa_panel4_150_002,test:1155,1155,easy,E,,3,3.0,1.0,False,thesis_github/data/evals/failure_prediction/panel150_gpt54nano_delta_ci_plot_v1/panel150_gpt54nano_per_question_method_accuracy_with_difficulty.csv
main_panel150_gpt54nano,Self Consistency,medqa_test,medqa,en,medqa_panel4_150_055,test:1161,1161,hard,B,,3,3.0,1.0,False,thesis_github/data/evals/failure_prediction/panel150_gpt54nano_delta_ci_plot_v1/panel150_gpt54nano_per_question_method_accuracy_with_difficulty.csv
main_panel150_gpt54nano,Self Consistency,medqa_test,medqa,en,medqa_panel4_150_067,test:1164,1164,hard,A,,3,0.0,0.0,False,thesis_github/data/evals/failure_prediction/panel150_gpt54nano_delta_ci_plot_v1/panel150_gpt54nano_per_question_method_accuracy_with_difficulty.csv
main_panel150_gpt54nano,Self Consistency,medqa_test,medqa,en,medqa_panel4_150_122,test:117,117,medium,D,,3,2.0,0.6666666666666666,False,thesis_github/data/evals/failure_prediction/panel150_gpt54nano_delta_ci_plot_v1/panel150_gpt54nano_per_question_method_accuracy_with_difficulty.csv
main_panel150_gpt54nano,Self Consistency,medqa_test,medqa,en,medqa_panel4_150_123,test:1179,1179,medium,C,,3,3.0,1.0,False,thesis_github/data/evals/failure_prediction/panel150_gpt54nano_delta_ci_plot_v1/panel150_gpt54nano_per_question_method_accuracy_with_difficulty.csv
main_panel150_gpt54nano,Self Consistency,medqa_test,medqa,en,medqa_panel4_150_003,test:1182,1182,easy,A,,3,3.0,1.0,False,thesis_github/data/evals/failure_prediction/panel150_gpt54nano_delta_ci_plot_v1/panel150_gpt54nano_per_question_method_accuracy_with_difficulty.csv
main_panel150_gpt54nano,Self Consistency,medqa_test,medqa,en,medqa_panel4_150_004,test:1194,1194,easy,E,,3,3.0,1.0,False,thesis_github/data/evals/failure_prediction/panel150_gpt54nano_delta_ci_plot_v1/panel150_gpt54nano_per_question_method_accuracy_with_difficulty.csv
main_panel150_gpt54nano,Self Consistency,medqa_test,medqa,en,medqa_panel4_150_124,test:1203,1203,medium,C,,3,3.0,1.0,False,thesis_github/data/evals/failure_prediction/panel150_gpt54nano_delta_ci_plot_v1/panel150_gpt54nano_per_question_method_accuracy_with_difficulty.csv
main_panel150_gpt54nano,Self Consistency,medqa_test,medqa,en,medqa_panel4_150_005,test:1207,1207,easy,B,,3,3.0,1.0,False,thesis_github/data/evals/failure_prediction/panel150_gpt54nano_delta_ci_plot_v1/panel150_gpt54nano_per_question_method_accuracy_with_difficulty.csv
main_panel150_gpt54nano,Self Consistency,medqa_test,medqa,en,medqa_panel4_150_056,test:1220,1220,hard,A,,3,0.0,0.0,False,thesis_github/data/evals/failure_prediction/panel150_gpt54nano_delta_ci_plot_v1/panel150_gpt54nano_per_question_method_accuracy_with_difficulty.csv
main_panel150_gpt54nano,Self Consistency,medqa_test,medqa,en,medqa_panel4_150_068,test:1233,1233,hard,B,,3,0.0,0.0,False,thesis_github/data/evals/failure_prediction/panel150_gpt54nano_delta_ci_plot_v1/panel150_gpt54nano_per_question_method_accuracy_with_difficulty.csv
main_panel150_gpt54nano,Self Consistency,medqa_test,medqa,en,medqa_panel4_150_019,test:1259,1259,easy,C,,3,3.0,1.0,False,thesis_github/data/evals/failure_prediction/panel150_gpt54nano_delta_ci_plot_v1/panel150_gpt54nano_per_question_method_accuracy_with_difficulty.csv
main_panel150_gpt54nano,Self Consistency,medqa_test,medqa,en,medqa_panel4_150_020,test:1264,1264,easy,B,,3,3.0,1.0,False,thesis_github/data/evals/failure_prediction/panel150_gpt54nano_delta_ci_plot_v1/panel150_gpt54nano_per_question_method_accuracy_with_difficulty.csv
main_panel150_gpt54nano,Self Consistency,medqa_test,medqa,en,medqa_panel4_150_069,test:1269,1269,hard,E,,3,1.0,0.3333333333333333,False,thesis_github/data/evals/failure_prediction/panel150_gpt54nano_delta_ci_plot_v1/panel150_gpt54nano_per_question_method_accuracy_with_difficulty.csv
main_panel150_gpt54nano,Self Consistency,medqa_test,medqa,en,medqa_panel4_150_070,test:1270,1270,hard,C,,3,0.0,0.0,False,thesis_github/data/evals/failure_prediction/panel150_gpt54nano_delta_ci_plot_v1/panel150_gpt54nano_per_question_method_accuracy_with_difficulty.csv
main_panel150_gpt54nano,Self Consistency,medqa_test,medqa,en,medqa_panel4_150_021,test:1271,1271,easy,C,,3,3.0,1.0,False,thesis_github/data/evals/failure_prediction/panel150_gpt54nano_delta_ci_plot_v1/panel150_gpt54nano_per_question_method_accuracy_with_difficulty.csv
main_panel150_gpt54nano,Self Consistency,medqa_test,medqa,en,medqa_panel4_150_071,test:128,128,hard,A,,3,0.0,0.0,False,thesis_github/data/evals/failure_prediction/panel150_gpt54nano_delta_ci_plot_v1/panel150_gpt54nano_per_question_method_accuracy_with_difficulty.csv
main_panel150_gpt54nano,Self Consistency,medqa_test,medqa,en,medqa_panel4_150_022,test:133,133,easy,B,,3,3.0,1.0,False,thesis_github/data/evals/failure_prediction/panel150_gpt54nano_delta_ci_plot_v1/panel150_gpt54nano_per_question_method_accuracy_with_difficulty.csv
main_panel150_gpt54nano,Self Consistency,medqa_test,medqa,en,medqa_panel4_150_006,test:140,140,easy,D,,3,3.0,1.0,False,thesis_github/data/evals/failure_prediction/panel150_gpt54nano_delta_ci_plot_v1/panel150_gpt54nano_per_question_method_accuracy_with_difficulty.csv
main_panel150_gpt54nano,Self Consistency,medqa_test,medqa,en,medqa_panel4_150_023,test:144,144,easy,D,,3,3.0,1.0,False,thesis_github/data/evals/failure_prediction/panel150_gpt54nano_delta_ci_plot_v1/panel150_gpt54nano_per_question_method_accuracy_with_difficulty.csv
main_panel150_gpt54nano,Self Consistency,medqa_test,medqa,en,medqa_panel4_150_072,test:15,15,hard,B,,3,0.0,0.0,False,thesis_github/data/evals/failure_prediction/panel150_gpt54nano_delta_ci_plot_v1/panel150_gpt54nano_per_question_method_accuracy_with_difficulty.csv
main_panel150_gpt54nano,Self Consistency,medqa_test,medqa,en,medqa_panel4_150_073,test:155,155,hard,E,,3,3.0,1.0,False,thesis_github/data/evals/failure_prediction/panel150_gpt54nano_delta_ci_plot_v1/panel150_gpt54nano_per_question_method_accuracy_with_difficulty.csv
main_panel150_gpt54nano,Self Consistency,medqa_test,medqa,en,medqa_panel4_150_024,test:161,161,easy,B,,3,3.0,1.0,False,thesis_github/data/evals/failure_prediction/panel150_gpt54nano_delta_ci_plot_v1/panel150_gpt54nano_per_question_method_accuracy_with_difficulty.csv
main_panel150_gpt54nano,Self Consistency,medqa_test,medqa,en,medqa_panel4_150_025,test:170,170,easy,C,,3,3.0,1.0,False,thesis_github/data/evals/failure_prediction/panel150_gpt54nano_delta_ci_plot_v1/panel150_gpt54nano_per_question_method_accuracy_with_difficulty.csv
main_panel150_gpt54nano,Self Consistency,medqa_test,medqa,en,medqa_panel4_150_125,test:171,171,medium,D,,3,0.0,0.0,False,thesis_github/data/evals/failure_prediction/panel150_gpt54nano_delta_ci_plot_v1/panel150_gpt54nano_per_question_method_accuracy_with_difficulty.csv
main_panel150_gpt54nano,Self Consistency,medqa_test,medqa,en,medqa_panel4_150_126,test:185,185,medium,D,,3,3.0,1.0,False,thesis_github/data/evals/failure_prediction/panel150_gpt54nano_delta_ci_plot_v1/panel150_gpt54nano_per_question_method_accuracy_with_difficulty.csv
main_panel150_gpt54nano,Self Consistency,medqa_test,medqa,en,medqa_panel4_150_074,test:19,19,hard,E,,3,0.0,0.0,False,thesis_github/data/evals/failure_prediction/panel150_gpt54nano_delta_ci_plot_v1/panel150_gpt54nano_per_question_method_accuracy_with_difficulty.csv
main_panel150_gpt54nano,Self Consistency,medqa_test,medqa,en,medqa_panel4_150_026,test:192,192,easy,E,,3,3.0,1.0,False,thesis_github/data/evals/failure_prediction/panel150_gpt54nano_delta_ci_plot_v1/panel150_gpt54nano_per_question_method_accuracy_with_difficulty.csv
main_panel150_gpt54nano,Self Consistency,medqa_test,medqa,en,medqa_panel4_150_105,test:196,196,medium,A,,3,0.0,0.0,False,thesis_github/data/evals/failure_prediction/panel150_gpt54nano_delta_ci_plot_v1/panel150_gpt54nano_per_question_method_accuracy_with_difficulty.csv
main_panel150_gpt54nano,Self Consistency,medqa_test,medqa,en,medqa_panel4_150_106,test:198,198,medium,E,,3,3.0,1.0,False,thesis_github/data/evals/failure_prediction/panel150_gpt54nano_delta_ci_plot_v1/panel150_gpt54nano_per_question_method_accuracy_with_difficulty.csv
main_panel150_gpt54nano,Self Consistency,medqa_test,medqa,en,medqa_panel4_150_027,test:2,2,easy,C,,3,3.0,1.0,False,thesis_github/data/evals/failure_prediction/panel150_gpt54nano_delta_ci_plot_v1/panel150_gpt54nano_per_question_method_accuracy_with_difficulty.csv
main_panel150_gpt54nano,Self Consistency,medqa_test,medqa,en,medqa_panel4_150_107,test:204,204,medium,C,,3,3.0,1.0,False,thesis_github/data/evals/failure_prediction/panel150_gpt54nano_delta_ci_plot_v1/panel150_gpt54nano_per_question_method_accuracy_with_difficulty.csv
main_panel150_gpt54nano,Self Consistency,medqa_test,medqa,en,medqa_panel4_150_075,test:211,211,hard,B,,3,0.0,0.0,False,thesis_github/data/evals/failure_prediction/panel150_gpt54nano_delta_ci_plot_v1/panel150_gpt54nano_per_question_method_accuracy_with_difficulty.csv
main_panel150_gpt54nano,Self Consistency,medqa_test,medqa,en,medqa_panel4_150_028,test:232,232,easy,D,,3,3.0,1.0,False,thesis_github/data/evals/failure_prediction/panel150_gpt54nano_delta_ci_plot_v1/panel150_gpt54nano_per_question_method_accuracy_with_difficulty.csv
main_panel150_gpt54nano,Self Consistency,medqa_test,medqa,en,medqa_panel4_150_127,test:241,241,medium,B,,3,3.0,1.0,False,thesis_github/data/evals/failure_prediction/panel150_gpt54nano_delta_ci_plot_v1/panel150_gpt54nano_per_question_method_accuracy_with_difficulty.csv
main_panel150_gpt54nano,Self Consistency,medqa_test,medqa,en,medqa_panel4_150_076,test:250,250,hard,A,,3,0.0,0.0,False,thesis_github/data/evals/failure_prediction/panel150_gpt54nano_delta_ci_plot_v1/panel150_gpt54nano_per_question_method_accuracy_with_difficulty.csv
main_panel150_gpt54nano,Self Consistency,medqa_test,medqa,en,medqa_panel4_150_029,test:260,260,easy,C,,3,3.0,1.0,False,thesis_github/data/evals/failure_prediction/panel150_gpt54nano_delta_ci_plot_v1/panel150_gpt54nano_per_question_method_accuracy_with_difficulty.csv
main_panel150_gpt54nano,Self Consistency,medqa_test,medqa,en,medqa_panel4_150_030,test:261,261,easy,C,,3,3.0,1.0,False,thesis_github/data/evals/failure_prediction/panel150_gpt54nano_delta_ci_plot_v1/panel150_gpt54nano_per_question_method_accuracy_with_difficulty.csv
main_panel150_gpt54nano,Self Consistency,medqa_test,medqa,en,medqa_panel4_150_077,test:271,271,hard,B,,3,2.0,0.6666666666666666,False,thesis_github/data/evals/failure_prediction/panel150_gpt54nano_delta_ci_plot_v1/panel150_gpt54nano_per_question_method_accuracy_with_difficulty.csv
main_panel150_gpt54nano,Self Consistency,medqa_test,medqa,en,medqa_panel4_150_031,test:279,279,easy,B,,3,3.0,1.0,False,thesis_github/data/evals/failure_prediction/panel150_gpt54nano_delta_ci_plot_v1/panel150_gpt54nano_per_question_method_accuracy_with_difficulty.csv
main_panel150_gpt54nano,Self Consistency,medqa_test,medqa,en,medqa_panel4_150_078,test:285,285,hard,D,,3,0.0,0.0,False,thesis_github/data/evals/failure_prediction/panel150_gpt54nano_delta_ci_plot_v1/panel150_gpt54nano_per_question_method_accuracy_with_difficulty.csv
main_panel150_gpt54nano,Self Consistency,medqa_test,medqa,en,medqa_panel4_150_079,test:29,29,hard,D,,3,0.0,0.0,False,thesis_github/data/evals/failure_prediction/panel150_gpt54nano_delta_ci_plot_v1/panel150_gpt54nano_per_question_method_accuracy_with_difficulty.csv
main_panel150_gpt54nano,Self Consistency,medqa_test,medqa,en,medqa_panel4_150_032,test:316,316,easy,A,,3,3.0,1.0,False,thesis_github/data/evals/failure_prediction/panel150_gpt54nano_delta_ci_plot_v1/panel150_gpt54nano_per_question_method_accuracy_with_difficulty.csv
main_panel150_gpt54nano,Self Consistency,medqa_test,medqa,en,medqa_panel4_150_128,test:326,326,medium,B,,3,3.0,1.0,False,thesis_github/data/evals/failure_prediction/panel150_gpt54nano_delta_ci_plot_v1/panel150_gpt54nano_per_question_method_accuracy_with_difficulty.csv
main_panel150_gpt54nano,Self Consistency,medqa_test,medqa,en,medqa_panel4_150_080,test:337,337,hard,C,,3,0.0,0.0,False,thesis_github/data/evals/failure_prediction/panel150_gpt54nano_delta_ci_plot_v1/panel150_gpt54nano_per_question_method_accuracy_with_difficulty.csv
main_panel150_gpt54nano,Self Consistency,medqa_test,medqa,en,medqa_panel4_150_129,test:345,345,medium,C,,3,3.0,1.0,False,thesis_github/data/evals/failure_prediction/panel150_gpt54nano_delta_ci_plot_v1/panel150_gpt54nano_per_question_method_accuracy_with_difficulty.csv
main_panel150_gpt54nano,Self Consistency,medqa_test,medqa,en,medqa_panel4_150_007,test:356,356,easy,A,,3,3.0,1.0,False,thesis_github/data/evals/failure_prediction/panel150_gpt54nano_delta_ci_plot_v1/panel150_gpt54nano_per_question_method_accuracy_with_difficulty.csv
main_panel150_gpt54nano,Self Consistency,medqa_test,medqa,en,medqa_panel4_150_130,test:358,358,medium,B,,3,3.0,1.0,False,thesis_github/data/evals/failure_prediction/panel150_gpt54nano_delta_ci_plot_v1/panel150_gpt54nano_per_question_method_accuracy_with_difficulty.csv
main_panel150_gpt54nano,Self Consistency,medqa_test,medqa,en,medqa_panel4_150_108,test:36,36,medium,E,,3,3.0,1.0,False,thesis_github/data/evals/failure_prediction/panel150_gpt54nano_delta_ci_plot_v1/panel150_gpt54nano_per_question_method_accuracy_with_difficulty.csv
main_panel150_gpt54nano,Self Consistency,medqa_test,medqa,en,medqa_panel4_150_131,test:372,372,medium,E,,3,3.0,1.0,False,thesis_github/data/evals/failure_prediction/panel150_gpt54nano_delta_ci_plot_v1/panel150_gpt54nano_per_question_method_accuracy_with_difficulty.csv
main_panel150_gpt54nano,Self Consistency,medqa_test,medqa,en,medqa_panel4_150_033,test:374,374,easy,D,,3,3.0,1.0,False,thesis_github/data/evals/failure_prediction/panel150_gpt54nano_delta_ci_plot_v1/panel150_gpt54nano_per_question_method_accuracy_with_difficulty.csv
main_panel150_gpt54nano,Self Consistency,medqa_test,medqa,en,medqa_panel4_150_034,test:387,387,easy,B,,3,3.0,1.0,False,thesis_github/data/evals/failure_prediction/panel150_gpt54nano_delta_ci_plot_v1/panel150_gpt54nano_per_question_method_accuracy_with_difficulty.csv
main_panel150_gpt54nano,Self Consistency,medqa_test,medqa,en,medqa_panel4_150_008,test:400,400,easy,B,,3,3.0,1.0,False,thesis_github/data/evals/failure_prediction/panel150_gpt54nano_delta_ci_plot_v1/panel150_gpt54nano_per_question_method_accuracy_with_difficulty.csv
main_panel150_gpt54nano,Self Consistency,medqa_test,medqa,en,medqa_panel4_150_132,test:401,401,medium,C,,3,3.0,1.0,False,thesis_github/data/evals/failure_prediction/panel150_gpt54nano_delta_ci_plot_v1/panel150_gpt54nano_per_question_method_accuracy_with_difficulty.csv
main_panel150_gpt54nano,Self Consistency,medqa_test,medqa,en,medqa_panel4_150_081,test:413,413,hard,B,,3,2.0,0.6666666666666666,False,thesis_github/data/evals/failure_prediction/panel150_gpt54nano_delta_ci_plot_v1/panel150_gpt54nano_per_question_method_accuracy_with_difficulty.csv
main_panel150_gpt54nano,Self Consistency,medqa_test,medqa,en,medqa_panel4_150_133,test:42,42,medium,A,,3,2.0,0.6666666666666666,False,thesis_github/data/evals/failure_prediction/panel150_gpt54nano_delta_ci_plot_v1/panel150_gpt54nano_per_question_method_accuracy_with_difficulty.csv
main_panel150_gpt54nano,Self Consistency,medqa_test,medqa,en,medqa_panel4_150_134,test:422,422,medium,A,,3,3.0,1.0,False,thesis_github/data/evals/failure_prediction/panel150_gpt54nano_delta_ci_plot_v1/panel150_gpt54nano_per_question_method_accuracy_with_difficulty.csv
main_panel150_gpt54nano,Self Consistency,medqa_test,medqa,en,medqa_panel4_150_082,test:423,423,hard,E,,3,0.0,0.0,False,thesis_github/data/evals/failure_prediction/panel150_gpt54nano_delta_ci_plot_v1/panel150_gpt54nano_per_question_method_accuracy_with_difficulty.csv
main_panel150_gpt54nano,Self Consistency,medqa_test,medqa,en,medqa_panel4_150_109,test:425,425,medium,C,,3,0.0,0.0,False,thesis_github/data/evals/failure_prediction/panel150_gpt54nano_delta_ci_plot_v1/panel150_gpt54nano_per_question_method_accuracy_with_difficulty.csv
main_panel150_gpt54nano,Self Consistency,medqa_test,medqa,en,medqa_panel4_150_009,test:436,436,easy,C,,3,3.0,1.0,False,thesis_github/data/evals/failure_prediction/panel150_gpt54nano_delta_ci_plot_v1/panel150_gpt54nano_per_question_method_accuracy_with_difficulty.csv
main_panel150_gpt54nano,Self Consistency,medqa_test,medqa,en,medqa_panel4_150_083,test:44,44,hard,B,,3,3.0,1.0,False,thesis_github/data/evals/failure_prediction/panel150_gpt54nano_delta_ci_plot_v1/panel150_gpt54nano_per_question_method_accuracy_with_difficulty.csv
main_panel150_gpt54nano,Self Consistency,medqa_test,medqa,en,medqa_panel4_150_010,test:451,451,easy,E,,3,3.0,1.0,False,thesis_github/data/evals/failure_prediction/panel150_gpt54nano_delta_ci_plot_v1/panel150_gpt54nano_per_question_method_accuracy_with_difficulty.csv
main_panel150_gpt54nano,Self Consistency,medqa_test,medqa,en,medqa_panel4_150_057,test:452,452,hard,C,,3,1.0,0.3333333333333333,False,thesis_github/data/evals/failure_prediction/panel150_gpt54nano_delta_ci_plot_v1/panel150_gpt54nano_per_question_method_accuracy_with_difficulty.csv
main_panel150_gpt54nano,Self Consistency,medqa_test,medqa,en,medqa_panel4_150_135,test:460,460,medium,A,,3,3.0,1.0,False,thesis_github/data/evals/failure_prediction/panel150_gpt54nano_delta_ci_plot_v1/panel150_gpt54nano_per_question_method_accuracy_with_difficulty.csv
main_panel150_gpt54nano,Self Consistency,medqa_test,medqa,en,medqa_panel4_150_084,test:461,461,hard,D,,3,0.0,0.0,False,thesis_github/data/evals/failure_prediction/panel150_gpt54nano_delta_ci_plot_v1/panel150_gpt54nano_per_question_method_accuracy_with_difficulty.csv
main_panel150_gpt54nano,Self Consistency,medqa_test,medqa,en,medqa_panel4_150_136,test:471,471,medium,D,,3,3.0,1.0,False,thesis_github/data/evals/failure_prediction/panel150_gpt54nano_delta_ci_plot_v1/panel150_gpt54nano_per_question_method_accuracy_with_difficulty.csv
main_panel150_gpt54nano,Self Consistency,medqa_test,medqa,en,medqa_panel4_150_058,test:480,480,hard,B,,3,2.0,0.6666666666666666,False,thesis_github/data/evals/failure_prediction/panel150_gpt54nano_delta_ci_plot_v1/panel150_gpt54nano_per_question_method_accuracy_with_difficulty.csv
main_panel150_gpt54nano,Self Consistency,medqa_test,medqa,en,medqa_panel4_150_085,test:483,483,hard,D,,3,0.0,0.0,False,thesis_github/data/evals/failure_prediction/panel150_gpt54nano_delta_ci_plot_v1/panel150_gpt54nano_per_question_method_accuracy_with_difficulty.csv
main_panel150_gpt54nano,Self Consistency,medqa_test,medqa,en,medqa_panel4_150_137,test:486,486,medium,C,,3,3.0,1.0,False,thesis_github/data/evals/failure_prediction/panel150_gpt54nano_delta_ci_plot_v1/panel150_gpt54nano_per_question_method_accuracy_with_difficulty.csv
main_panel150_gpt54nano,Self Consistency,medqa_test,medqa,en,medqa_panel4_150_011,test:488,488,easy,A,,3,3.0,1.0,False,thesis_github/data/evals/failure_prediction/panel150_gpt54nano_delta_ci_plot_v1/panel150_gpt54nano_per_question_method_accuracy_with_difficulty.csv
main_panel150_gpt54nano,Self Consistency,medqa_test,medqa,en,medqa_panel4_150_086,test:5,5,hard,E,,3,0.0,0.0,False,thesis_github/data/evals/failure_prediction/panel150_gpt54nano_delta_ci_plot_v1/panel150_gpt54nano_per_question_method_accuracy_with_difficulty.csv
main_panel150_gpt54nano,Self Consistency,medqa_test,medqa,en,medqa_panel4_150_035,test:504,504,easy,C,,3,3.0,1.0,False,thesis_github/data/evals/failure_prediction/panel150_gpt54nano_delta_ci_plot_v1/panel150_gpt54nano_per_question_method_accuracy_with_difficulty.csv
main_panel150_gpt54nano,Self Consistency,medqa_test,medqa,en,medqa_panel4_150_036,test:51,51,easy,A,,3,3.0,1.0,False,thesis_github/data/evals/failure_prediction/panel150_gpt54nano_delta_ci_plot_v1/panel150_gpt54nano_per_question_method_accuracy_with_difficulty.csv
main_panel150_gpt54nano,Self Consistency,medqa_test,medqa,en,medqa_panel4_150_087,test:514,514,hard,B,,3,0.0,0.0,False,thesis_github/data/evals/failure_prediction/panel150_gpt54nano_delta_ci_plot_v1/panel150_gpt54nano_per_question_method_accuracy_with_difficulty.csv
main_panel150_gpt54nano,Self Consistency,medqa_test,medqa,en,medqa_panel4_150_110,test:524,524,medium,B,,3,3.0,1.0,False,thesis_github/data/evals/failure_prediction/panel150_gpt54nano_delta_ci_plot_v1/panel150_gpt54nano_per_question_method_accuracy_with_difficulty.csv
main_panel150_gpt54nano,Self Consistency,medqa_test,medqa,en,medqa_panel4_150_037,test:528,528,easy,D,,3,3.0,1.0,False,thesis_github/data/evals/failure_prediction/panel150_gpt54nano_delta_ci_plot_v1/panel150_gpt54nano_per_question_method_accuracy_with_difficulty.csv
main_panel150_gpt54nano,Self Consistency,medqa_test,medqa,en,medqa_panel4_150_138,test:550,550,medium,A,,3,2.0,0.6666666666666666,False,thesis_github/data/evals/failure_prediction/panel150_gpt54nano_delta_ci_plot_v1/panel150_gpt54nano_per_question_method_accuracy_with_difficulty.csv
main_panel150_gpt54nano,Self Consistency,medqa_test,medqa,en,medqa_panel4_150_059,test:564,564,hard,A,,3,0.0,0.0,False,thesis_github/data/evals/failure_prediction/panel150_gpt54nano_delta_ci_plot_v1/panel150_gpt54nano_per_question_method_accuracy_with_difficulty.csv
main_panel150_gpt54nano,Self Consistency,medqa_test,medqa,en,medqa_panel4_150_038,test:578,578,easy,B,,3,3.0,1.0,False,thesis_github/data/evals/failure_prediction/panel150_gpt54nano_delta_ci_plot_v1/panel150_gpt54nano_per_question_method_accuracy_with_difficulty.csv
main_panel150_gpt54nano,Self Consistency,medqa_test,medqa,en,medqa_panel4_150_139,test:581,581,medium,D,,3,3.0,1.0,False,thesis_github/data/evals/failure_prediction/panel150_gpt54nano_delta_ci_plot_v1/panel150_gpt54nano_per_question_method_accuracy_with_difficulty.csv
main_panel150_gpt54nano,Self Consistency,medqa_test,medqa,en,medqa_panel4_150_060,test:583,583,hard,E,,3,0.0,0.0,False,thesis_github/data/evals/failure_prediction/panel150_gpt54nano_delta_ci_plot_v1/panel150_gpt54nano_per_question_method_accuracy_with_difficulty.csv
main_panel150_gpt54nano,Self Consistency,medqa_test,medqa,en,medqa_panel4_150_088,test:587,587,hard,E,,3,0.0,0.0,False,thesis_github/data/evals/failure_prediction/panel150_gpt54nano_delta_ci_plot_v1/panel150_gpt54nano_per_question_method_accuracy_with_difficulty.csv
main_panel150_gpt54nano,Self Consistency,medqa_test,medqa,en,medqa_panel4_150_140,test:594,594,medium,D,,3,3.0,1.0,False,thesis_github/data/evals/failure_prediction/panel150_gpt54nano_delta_ci_plot_v1/panel150_gpt54nano_per_question_method_accuracy_with_difficulty.csv
main_panel150_gpt54nano,Self Consistency,medqa_test,medqa,en,medqa_panel4_150_089,test:616,616,hard,E,,3,2.0,0.6666666666666666,False,thesis_github/data/evals/failure_prediction/panel150_gpt54nano_delta_ci_plot_v1/panel150_gpt54nano_per_question_method_accuracy_with_difficulty.csv
main_panel150_gpt54nano,Self Consistency,medqa_test,medqa,en,medqa_panel4_150_039,test:628,628,easy,C,,3,3.0,1.0,False,thesis_github/data/evals/failure_prediction/panel150_gpt54nano_delta_ci_plot_v1/panel150_gpt54nano_per_question_method_accuracy_with_difficulty.csv
main_panel150_gpt54nano,Self Consistency,medqa_test,medqa,en,medqa_panel4_150_090,test:634,634,hard,A,,3,3.0,1.0,False,thesis_github/data/evals/failure_prediction/panel150_gpt54nano_delta_ci_plot_v1/panel150_gpt54nano_per_question_method_accuracy_with_difficulty.csv
main_panel150_gpt54nano,Self Consistency,medqa_test,medqa,en,medqa_panel4_150_061,test:64,64,hard,A,,3,0.0,0.0,False,thesis_github/data/evals/failure_prediction/panel150_gpt54nano_delta_ci_plot_v1/panel150_gpt54nano_per_question_method_accuracy_with_difficulty.csv
main_panel150_gpt54nano,Self Consistency,medqa_test,medqa,en,medqa_panel4_150_141,test:652,652,medium,D,,3,3.0,1.0,False,thesis_github/data/evals/failure_prediction/panel150_gpt54nano_delta_ci_plot_v1/panel150_gpt54nano_per_question_method_accuracy_with_difficulty.csv
main_panel150_gpt54nano,Self Consistency,medqa_test,medqa,en,medqa_panel4_150_012,test:655,655,easy,B,,3,3.0,1.0,False,thesis_github/data/evals/failure_prediction/panel150_gpt54nano_delta_ci_plot_v1/panel150_gpt54nano_per_question_method_accuracy_with_difficulty.csv
main_panel150_gpt54nano,Self Consistency,medqa_test,medqa,en,medqa_panel4_150_091,test:659,659,hard,D,,3,0.0,0.0,False,thesis_github/data/evals/failure_prediction/panel150_gpt54nano_delta_ci_plot_v1/panel150_gpt54nano_per_question_method_accuracy_with_difficulty.csv
main_panel150_gpt54nano,Self Consistency,medqa_test,medqa,en,medqa_panel4_150_040,test:66,66,easy,D,,3,3.0,1.0,False,thesis_github/data/evals/failure_prediction/panel150_gpt54nano_delta_ci_plot_v1/panel150_gpt54nano_per_question_method_accuracy_with_difficulty.csv
main_panel150_gpt54nano,Self Consistency,medqa_test,medqa,en,medqa_panel4_150_111,test:673,673,medium,E,,3,3.0,1.0,False,thesis_github/data/evals/failure_prediction/panel150_gpt54nano_delta_ci_plot_v1/panel150_gpt54nano_per_question_method_accuracy_with_difficulty.csv
main_panel150_gpt54nano,Self Consistency,medqa_test,medqa,en,medqa_panel4_150_092,test:677,677,hard,A,,3,1.0,0.3333333333333333,False,thesis_github/data/evals/failure_prediction/panel150_gpt54nano_delta_ci_plot_v1/panel150_gpt54nano_per_question_method_accuracy_with_difficulty.csv
main_panel150_gpt54nano,Self Consistency,medqa_test,medqa,en,medqa_panel4_150_112,test:679,679,medium,C,,3,0.0,0.0,False,thesis_github/data/evals/failure_prediction/panel150_gpt54nano_delta_ci_plot_v1/panel150_gpt54nano_per_question_method_accuracy_with_difficulty.csv
main_panel150_gpt54nano,Self Consistency,medqa_test,medqa,en,medqa_panel4_150_041,test:684,684,easy,B,,3,3.0,1.0,False,thesis_github/data/evals/failure_prediction/panel150_gpt54nano_delta_ci_plot_v1/panel150_gpt54nano_per_question_method_accuracy_with_difficulty.csv
main_panel150_gpt54nano,Self Consistency,medqa_test,medqa,en,medqa_panel4_150_062,test:69,69,hard,A,,3,1.0,0.3333333333333333,False,thesis_github/data/evals/failure_prediction/panel150_gpt54nano_delta_ci_plot_v1/panel150_gpt54nano_per_question_method_accuracy_with_difficulty.csv
main_panel150_gpt54nano,Self Consistency,medqa_test,medqa,en,medqa_panel4_150_142,test:691,691,medium,C,,3,3.0,1.0,False,thesis_github/data/evals/failure_prediction/panel150_gpt54nano_delta_ci_plot_v1/panel150_gpt54nano_per_question_method_accuracy_with_difficulty.csv
main_panel150_gpt54nano,Self Consistency,medqa_test,medqa,en,medqa_panel4_150_042,test:704,704,easy,E,,3,3.0,1.0,False,thesis_github/data/evals/failure_prediction/panel150_gpt54nano_delta_ci_plot_v1/panel150_gpt54nano_per_question_method_accuracy_with_difficulty.csv
main_panel150_gpt54nano,Self Consistency,medqa_test,medqa,en,medqa_panel4_150_093,test:706,706,hard,C,,3,0.0,0.0,False,thesis_github/data/evals/failure_prediction/panel150_gpt54nano_delta_ci_plot_v1/panel150_gpt54nano_per_question_method_accuracy_with_difficulty.csv
main_panel150_gpt54nano,Self Consistency,medqa_test,medqa,en,medqa_panel4_150_043,test:729,729,easy,D,,3,3.0,1.0,False,thesis_github/data/evals/failure_prediction/panel150_gpt54nano_delta_ci_plot_v1/panel150_gpt54nano_per_question_method_accuracy_with_difficulty.csv
main_panel150_gpt54nano,Self Consistency,medqa_test,medqa,en,medqa_panel4_150_143,test:745,745,medium,A,,3,3.0,1.0,False,thesis_github/data/evals/failure_prediction/panel150_gpt54nano_delta_ci_plot_v1/panel150_gpt54nano_per_question_method_accuracy_with_difficulty.csv
main_panel150_gpt54nano,Self Consistency,medqa_test,medqa,en,medqa_panel4_150_113,test:752,752,medium,C,,3,3.0,1.0,False,thesis_github/data/evals/failure_prediction/panel150_gpt54nano_delta_ci_plot_v1/panel150_gpt54nano_per_question_method_accuracy_with_difficulty.csv
main_panel150_gpt54nano,Self Consistency,medqa_test,medqa,en,medqa_panel4_150_094,test:755,755,hard,D,,3,0.0,0.0,False,thesis_github/data/evals/failure_prediction/panel150_gpt54nano_delta_ci_plot_v1/panel150_gpt54nano_per_question_method_accuracy_with_difficulty.csv
main_panel150_gpt54nano,Self Consistency,medqa_test,medqa,en,medqa_panel4_150_114,test:758,758,medium,E,,3,2.0,0.6666666666666666,False,thesis_github/data/evals/failure_prediction/panel150_gpt54nano_delta_ci_plot_v1/panel150_gpt54nano_per_question_method_accuracy_with_difficulty.csv
main_panel150_gpt54nano,Self Consistency,medqa_test,medqa,en,medqa_panel4_150_044,test:782,782,easy,E,,3,3.0,1.0,False,thesis_github/data/evals/failure_prediction/panel150_gpt54nano_delta_ci_plot_v1/panel150_gpt54nano_per_question_method_accuracy_with_difficulty.csv
main_panel150_gpt54nano,Self Consistency,medqa_test,medqa,en,medqa_panel4_150_115,test:798,798,medium,C,,3,3.0,1.0,False,thesis_github/data/evals/failure_prediction/panel150_gpt54nano_delta_ci_plot_v1/panel150_gpt54nano_per_question_method_accuracy_with_difficulty.csv
main_panel150_gpt54nano,Self Consistency,medqa_test,medqa,en,medqa_panel4_150_013,test:801,801,easy,B,,3,3.0,1.0,False,thesis_github/data/evals/failure_prediction/panel150_gpt54nano_delta_ci_plot_v1/panel150_gpt54nano_per_question_method_accuracy_with_difficulty.csv
main_panel150_gpt54nano,Self Consistency,medqa_test,medqa,en,medqa_panel4_150_095,test:803,803,hard,B,,3,0.0,0.0,False,thesis_github/data/evals/failure_prediction/panel150_gpt54nano_delta_ci_plot_v1/panel150_gpt54nano_per_question_method_accuracy_with_difficulty.csv
main_panel150_gpt54nano,Self Consistency,medqa_test,medqa,en,medqa_panel4_150_045,test:804,804,easy,A,,3,3.0,1.0,False,thesis_github/data/evals/failure_prediction/panel150_gpt54nano_delta_ci_plot_v1/panel150_gpt54nano_per_question_method_accuracy_with_difficulty.csv
main_panel150_gpt54nano,Self Consistency,medqa_test,medqa,en,medqa_panel4_150_096,test:807,807,hard,A,,3,2.0,0.6666666666666666,False,thesis_github/data/evals/failure_prediction/panel150_gpt54nano_delta_ci_plot_v1/panel150_gpt54nano_per_question_method_accuracy_with_difficulty.csv
main_panel150_gpt54nano,Self Consistency,medqa_test,medqa,en,medqa_panel4_150_014,test:811,811,easy,E,,3,3.0,1.0,False,thesis_github/data/evals/failure_prediction/panel150_gpt54nano_delta_ci_plot_v1/panel150_gpt54nano_per_question_method_accuracy_with_difficulty.csv
main_panel150_gpt54nano,Self Consistency,medqa_test,medqa,en,medqa_panel4_150_097,test:829,829,hard,E,,3,0.0,0.0,False,thesis_github/data/evals/failure_prediction/panel150_gpt54nano_delta_ci_plot_v1/panel150_gpt54nano_per_question_method_accuracy_with_difficulty.csv
main_panel150_gpt54nano,Self Consistency,medqa_test,medqa,en,medqa_panel4_150_046,test:846,846,easy,D,,3,3.0,1.0,False,thesis_github/data/evals/failure_prediction/panel150_gpt54nano_delta_ci_plot_v1/panel150_gpt54nano_per_question_method_accuracy_with_difficulty.csv
main_panel150_gpt54nano,Self Consistency,medqa_test,medqa,en,medqa_panel4_150_063,test:850,850,hard,C,,3,0.0,0.0,False,thesis_github/data/evals/failure_prediction/panel150_gpt54nano_delta_ci_plot_v1/panel150_gpt54nano_per_question_method_accuracy_with_difficulty.csv
main_panel150_gpt54nano,Self Consistency,medqa_test,medqa,en,medqa_panel4_150_064,test:856,856,hard,D,,3,0.0,0.0,False,thesis_github/data/evals/failure_prediction/panel150_gpt54nano_delta_ci_plot_v1/panel150_gpt54nano_per_question_method_accuracy_with_difficulty.csv
main_panel150_gpt54nano,Self Consistency,medqa_test,medqa,en,medqa_panel4_150_015,test:857,857,easy,D,,3,3.0,1.0,False,thesis_github/data/evals/failure_prediction/panel150_gpt54nano_delta_ci_plot_v1/panel150_gpt54nano_per_question_method_accuracy_with_difficulty.csv
main_panel150_gpt54nano,Self Consistency,medqa_test,medqa,en,medqa_panel4_150_047,test:86,86,easy,C,,3,3.0,1.0,False,thesis_github/data/evals/failure_prediction/panel150_gpt54nano_delta_ci_plot_v1/panel150_gpt54nano_per_question_method_accuracy_with_difficulty.csv
main_panel150_gpt54nano,Self Consistency,medqa_test,medqa,en,medqa_panel4_150_098,test:880,880,hard,C,,3,0.0,0.0,False,thesis_github/data/evals/failure_prediction/panel150_gpt54nano_delta_ci_plot_v1/panel150_gpt54nano_per_question_method_accuracy_with_difficulty.csv
main_panel150_gpt54nano,Self Consistency,medqa_test,medqa,en,medqa_panel4_150_099,test:885,885,hard,C,,3,0.0,0.0,False,thesis_github/data/evals/failure_prediction/panel150_gpt54nano_delta_ci_plot_v1/panel150_gpt54nano_per_question_method_accuracy_with_difficulty.csv
main_panel150_gpt54nano,Self Consistency,medqa_test,medqa,en,medqa_panel4_150_100,test:887,887,hard,A,,3,0.0,0.0,False,thesis_github/data/evals/failure_prediction/panel150_gpt54nano_delta_ci_plot_v1/panel150_gpt54nano_per_question_method_accuracy_with_difficulty.csv
main_panel150_gpt54nano,Self Consistency,medqa_test,medqa,en,medqa_panel4_150_144,test:908,908,medium,C,,3,3.0,1.0,False,thesis_github/data/evals/failure_prediction/panel150_gpt54nano_delta_ci_plot_v1/panel150_gpt54nano_per_question_method_accuracy_with_difficulty.csv
main_panel150_gpt54nano,Self Consistency,medqa_test,medqa,en,medqa_panel4_150_145,test:934,934,medium,B,,3,3.0,1.0,False,thesis_github/data/evals/failure_prediction/panel150_gpt54nano_delta_ci_plot_v1/panel150_gpt54nano_per_question_method_accuracy_with_difficulty.csv
main_panel150_gpt54nano,Self Consistency,medqa_test,medqa,en,medqa_panel4_150_146,test:936,936,medium,B,,3,3.0,1.0,False,thesis_github/data/evals/failure_prediction/panel150_gpt54nano_delta_ci_plot_v1/panel150_gpt54nano_per_question_method_accuracy_with_difficulty.csv
main_panel150_gpt54nano,Self Consistency,medqa_test,medqa,en,medqa_panel4_150_147,test:944,944,medium,E,,3,0.0,0.0,False,thesis_github/data/evals/failure_prediction/panel150_gpt54nano_delta_ci_plot_v1/panel150_gpt54nano_per_question_method_accuracy_with_difficulty.csv
main_panel150_gpt54nano,Self Consistency,medqa_test,medqa,en,medqa_panel4_150_048,test:946,946,easy,D,,3,3.0,1.0,False,thesis_github/data/evals/failure_prediction/panel150_gpt54nano_delta_ci_plot_v1/panel150_gpt54nano_per_question_method_accuracy_with_difficulty.csv
main_panel150_gpt54nano,Self Consistency,medqa_test,medqa,en,medqa_panel4_150_049,test:956,956,easy,B,,3,3.0,1.0,False,thesis_github/data/evals/failure_prediction/panel150_gpt54nano_delta_ci_plot_v1/panel150_gpt54nano_per_question_method_accuracy_with_difficulty.csv
main_panel150_gpt54nano,Self Consistency,medqa_test,medqa,en,medqa_panel4_150_148,test:961,961,medium,A,,3,2.0,0.6666666666666666,False,thesis_github/data/evals/failure_prediction/panel150_gpt54nano_delta_ci_plot_v1/panel150_gpt54nano_per_question_method_accuracy_with_difficulty.csv
main_panel150_gpt54nano,Self Consistency,medqa_test,medqa,en,medqa_panel4_150_149,test:980,980,medium,C,,3,3.0,1.0,False,thesis_github/data/evals/failure_prediction/panel150_gpt54nano_delta_ci_plot_v1/panel150_gpt54nano_per_question_method_accuracy_with_difficulty.csv
main_panel150_gpt54nano,Self Consistency,medqa_test,medqa,en,medqa_panel4_150_150,test:983,983,medium,D,,3,3.0,1.0,False,thesis_github/data/evals/failure_prediction/panel150_gpt54nano_delta_ci_plot_v1/panel150_gpt54nano_per_question_method_accuracy_with_difficulty.csv
main_panel150_gpt54nano,Self Consistency,medqa_test,medqa,en,medqa_panel4_150_050,test:991,991,easy,D,,3,3.0,1.0,False,thesis_github/data/evals/failure_prediction/panel150_gpt54nano_delta_ci_plot_v1/panel150_gpt54nano_per_question_method_accuracy_with_difficulty.csv
main_panel150_gpt54nano,Self Consistency,medqa_test,medqa,en,medqa_panel4_150_065,test:993,993,hard,A,,3,1.0,0.3333333333333333,False,thesis_github/data/evals/failure_prediction/panel150_gpt54nano_delta_ci_plot_v1/panel150_gpt54nano_per_question_method_accuracy_with_difficulty.csv
main_panel150_gpt54nano,Self Consistency,pna_all,pna,pt,pna_panel4_150_101,pna:2018:part_1A:20,17,medium,A,,3,0.0,0.0,False,thesis_github/data/evals/failure_prediction/panel150_gpt54nano_delta_ci_plot_v1/panel150_gpt54nano_per_question_method_accuracy_with_difficulty.csv
main_panel150_gpt54nano,Self Consistency,pna_all,pna,pt,pna_panel4_150_001,pna:2018:part_1A:28,25,easy,C,,3,3.0,1.0,False,thesis_github/data/evals/failure_prediction/panel150_gpt54nano_delta_ci_plot_v1/panel150_gpt54nano_per_question_method_accuracy_with_difficulty.csv
main_panel150_gpt54nano,Self Consistency,pna_all,pna,pt,pna_panel4_150_102,pna:2018:part_1A:3,2,medium,C,,3,0.0,0.0,False,thesis_github/data/evals/failure_prediction/panel150_gpt54nano_delta_ci_plot_v1/panel150_gpt54nano_per_question_method_accuracy_with_difficulty.csv
main_panel150_gpt54nano,Self Consistency,pna_all,pna,pt,pna_panel4_150_103,pna:2018:part_1A:36,33,medium,D,,3,3.0,1.0,False,thesis_github/data/evals/failure_prediction/panel150_gpt54nano_delta_ci_plot_v1/panel150_gpt54nano_per_question_method_accuracy_with_difficulty.csv
main_panel150_gpt54nano,Self Consistency,pna_all,pna,pt,pna_panel4_150_051,pna:2018:part_1A:42,39,hard,D,,3,1.0,0.3333333333333333,False,thesis_github/data/evals/failure_prediction/panel150_gpt54nano_delta_ci_plot_v1/panel150_gpt54nano_per_question_method_accuracy_with_difficulty.csv
main_panel150_gpt54nano,Self Consistency,pna_all,pna,pt,pna_panel4_150_002,pna:2018:part_1A:52,49,easy,D,,3,3.0,1.0,False,thesis_github/data/evals/failure_prediction/panel150_gpt54nano_delta_ci_plot_v1/panel150_gpt54nano_per_question_method_accuracy_with_difficulty.csv
main_panel150_gpt54nano,Self Consistency,pna_all,pna,pt,pna_panel4_150_052,pna:2018:part_1A:59,56,hard,A,,3,0.0,0.0,False,thesis_github/data/evals/failure_prediction/panel150_gpt54nano_delta_ci_plot_v1/panel150_gpt54nano_per_question_method_accuracy_with_difficulty.csv
main_panel150_gpt54nano,Self Consistency,pna_all,pna,pt,pna_panel4_150_053,pna:2018:part_1A:6,5,hard,C,,3,0.0,0.0,False,thesis_github/data/evals/failure_prediction/panel150_gpt54nano_delta_ci_plot_v1/panel150_gpt54nano_per_question_method_accuracy_with_difficulty.csv
main_panel150_gpt54nano,Self Consistency,pna_all,pna,pt,pna_panel4_150_003,pna:2018:part_1A:63,60,easy,E,,3,3.0,1.0,False,thesis_github/data/evals/failure_prediction/panel150_gpt54nano_delta_ci_plot_v1/panel150_gpt54nano_per_question_method_accuracy_with_difficulty.csv
main_panel150_gpt54nano,Self Consistency,pna_all,pna,pt,pna_panel4_150_004,pna:2018:part_1A:64,61,easy,C,,3,3.0,1.0,False,thesis_github/data/evals/failure_prediction/panel150_gpt54nano_delta_ci_plot_v1/panel150_gpt54nano_per_question_method_accuracy_with_difficulty.csv
main_panel150_gpt54nano,Self Consistency,pna_all,pna,pt,pna_panel4_150_005,pna:2018:part_1A:68,65,easy,A,,3,3.0,1.0,False,thesis_github/data/evals/failure_prediction/panel150_gpt54nano_delta_ci_plot_v1/panel150_gpt54nano_per_question_method_accuracy_with_difficulty.csv
main_panel150_gpt54nano,Self Consistency,pna_all,pna,pt,pna_panel4_150_054,pna:2018:part_1A:74,71,hard,E,,3,3.0,1.0,False,thesis_github/data/evals/failure_prediction/panel150_gpt54nano_delta_ci_plot_v1/panel150_gpt54nano_per_question_method_accuracy_with_difficulty.csv
main_panel150_gpt54nano,Self Consistency,pna_all,pna,pt,pna_panel4_150_006,pna:2018:part_1A:9,8,easy,A,,3,3.0,1.0,False,thesis_github/data/evals/failure_prediction/panel150_gpt54nano_delta_ci_plot_v1/panel150_gpt54nano_per_question_method_accuracy_with_difficulty.csv
main_panel150_gpt54nano,Self Consistency,pna_all,pna,pt,pna_panel4_150_104,pna:2018:part_2A:109,103,medium,B,,3,3.0,1.0,False,thesis_github/data/evals/failure_prediction/panel150_gpt54nano_delta_ci_plot_v1/panel150_gpt54nano_per_question_method_accuracy_with_difficulty.csv
main_panel150_gpt54nano,Self Consistency,pna_all,pna,pt,pna_panel4_150_055,pna:2018:part_2A:113,107,hard,E,,3,0.0,0.0,False,thesis_github/data/evals/failure_prediction/panel150_gpt54nano_delta_ci_plot_v1/panel150_gpt54nano_per_question_method_accuracy_with_difficulty.csv
main_panel150_gpt54nano,Self Consistency,pna_all,pna,pt,pna_panel4_150_105,pna:2018:part_2A:143,136,medium,D,,3,3.0,1.0,False,thesis_github/data/evals/failure_prediction/panel150_gpt54nano_delta_ci_plot_v1/panel150_gpt54nano_per_question_method_accuracy_with_difficulty.csv
main_panel150_gpt54nano,Self Consistency,pna_all,pna,pt,pna_panel4_150_007,pna:2018:part_2A:144,137,easy,B,,3,3.0,1.0,False,thesis_github/data/evals/failure_prediction/panel150_gpt54nano_delta_ci_plot_v1/panel150_gpt54nano_per_question_method_accuracy_with_difficulty.csv
main_panel150_gpt54nano,Self Consistency,pna_all,pna,pt,pna_panel4_150_106,pna:2018:part_2A:84,80,medium,A,,3,0.0,0.0,False,thesis_github/data/evals/failure_prediction/panel150_gpt54nano_delta_ci_plot_v1/panel150_gpt54nano_per_question_method_accuracy_with_difficulty.csv
main_panel150_gpt54nano,Self Consistency,pna_all,pna,pt,pna_panel4_150_107,pna:2018:part_2A:94,89,medium,A,,3,3.0,1.0,False,thesis_github/data/evals/failure_prediction/panel150_gpt54nano_delta_ci_plot_v1/panel150_gpt54nano_per_question_method_accuracy_with_difficulty.csv
main_panel150_gpt54nano,Self Consistency,pna_all,pna,pt,pna_panel4_150_008,pna:2019:part_1A:11,152,easy,A,,3,3.0,1.0,False,thesis_github/data/evals/failure_prediction/panel150_gpt54nano_delta_ci_plot_v1/panel150_gpt54nano_per_question_method_accuracy_with_difficulty.csv
main_panel150_gpt54nano,Self Consistency,pna_all,pna,pt,pna_panel4_150_108,pna:2019:part_1A:25,164,medium,D,,3,3.0,1.0,False,thesis_github/data/evals/failure_prediction/panel150_gpt54nano_delta_ci_plot_v1/panel150_gpt54nano_per_question_method_accuracy_with_difficulty.csv
main_panel150_gpt54nano,Self Consistency,pna_all,pna,pt,pna_panel4_150_056,pna:2019:part_1A:44,182,hard,A,,3,3.0,1.0,False,thesis_github/data/evals/failure_prediction/panel150_gpt54nano_delta_ci_plot_v1/panel150_gpt54nano_per_question_method_accuracy_with_difficulty.csv
main_panel150_gpt54nano,Self Consistency,pna_all,pna,pt,pna_panel4_150_109,pna:2019:part_1A:45,183,medium,E,,3,3.0,1.0,False,thesis_github/data/evals/failure_prediction/panel150_gpt54nano_delta_ci_plot_v1/panel150_gpt54nano_per_question_method_accuracy_with_difficulty.csv
main_panel150_gpt54nano,Self Consistency,pna_all,pna,pt,pna_panel4_150_110,pna:2019:part_1A:48,186,medium,C,,3,3.0,1.0,False,thesis_github/data/evals/failure_prediction/panel150_gpt54nano_delta_ci_plot_v1/panel150_gpt54nano_per_question_method_accuracy_with_difficulty.csv
main_panel150_gpt54nano,Self Consistency,pna_all,pna,pt,pna_panel4_150_111,pna:2019:part_1A:54,192,medium,A,,3,0.0,0.0,False,thesis_github/data/evals/failure_prediction/panel150_gpt54nano_delta_ci_plot_v1/panel150_gpt54nano_per_question_method_accuracy_with_difficulty.csv
main_panel150_gpt54nano,Self Consistency,pna_all,pna,pt,pna_panel4_150_057,pna:2019:part_1A:75,211,hard,E,,3,2.0,0.6666666666666666,False,thesis_github/data/evals/failure_prediction/panel150_gpt54nano_delta_ci_plot_v1/panel150_gpt54nano_per_question_method_accuracy_with_difficulty.csv
main_panel150_gpt54nano,Self Consistency,pna_all,pna,pt,pna_panel4_150_009,pna:2019:part_2A:100,236,easy,E,,3,3.0,1.0,False,thesis_github/data/evals/failure_prediction/panel150_gpt54nano_delta_ci_plot_v1/panel150_gpt54nano_per_question_method_accuracy_with_difficulty.csv
main_panel150_gpt54nano,Self Consistency,pna_all,pna,pt,pna_panel4_150_112,pna:2019:part_2A:102,238,medium,C,,3,3.0,1.0,False,thesis_github/data/evals/failure_prediction/panel150_gpt54nano_delta_ci_plot_v1/panel150_gpt54nano_per_question_method_accuracy_with_difficulty.csv
main_panel150_gpt54nano,Self Consistency,pna_all,pna,pt,pna_panel4_150_058,pna:2019:part_2A:103,239,hard,C,,3,0.0,0.0,False,thesis_github/data/evals/failure_prediction/panel150_gpt54nano_delta_ci_plot_v1/panel150_gpt54nano_per_question_method_accuracy_with_difficulty.csv
main_panel150_gpt54nano,Self Consistency,pna_all,pna,pt,pna_panel4_150_010,pna:2019:part_2A:109,245,easy,C,,3,3.0,1.0,False,thesis_github/data/evals/failure_prediction/panel150_gpt54nano_delta_ci_plot_v1/panel150_gpt54nano_per_question_method_accuracy_with_difficulty.csv
main_panel150_gpt54nano,Self Consistency,pna_all,pna,pt,pna_panel4_150_059,pna:2019:part_2A:122,254,hard,D,,3,0.0,0.0,False,thesis_github/data/evals/failure_prediction/panel150_gpt54nano_delta_ci_plot_v1/panel150_gpt54nano_per_question_method_accuracy_with_difficulty.csv
main_panel150_gpt54nano,Self Consistency,pna_all,pna,pt,pna_panel4_150_011,pna:2019:part_2A:135,266,easy,B,,3,3.0,1.0,False,thesis_github/data/evals/failure_prediction/panel150_gpt54nano_delta_ci_plot_v1/panel150_gpt54nano_per_question_method_accuracy_with_difficulty.csv
main_panel150_gpt54nano,Self Consistency,pna_all,pna,pt,pna_panel4_150_012,pna:2019:part_2A:138,269,easy,D,,3,3.0,1.0,False,thesis_github/data/evals/failure_prediction/panel150_gpt54nano_delta_ci_plot_v1/panel150_gpt54nano_per_question_method_accuracy_with_difficulty.csv
main_panel150_gpt54nano,Self Consistency,pna_all,pna,pt,pna_panel4_150_060,pna:2020:part_1A:10,290,hard,A,,3,0.0,0.0,False,thesis_github/data/evals/failure_prediction/panel150_gpt54nano_delta_ci_plot_v1/panel150_gpt54nano_per_question_method_accuracy_with_difficulty.csv
main_panel150_gpt54nano,Self Consistency,pna_all,pna,pt,pna_panel4_150_013,pna:2020:part_1A:14,294,easy,A,,3,3.0,1.0,False,thesis_github/data/evals/failure_prediction/panel150_gpt54nano_delta_ci_plot_v1/panel150_gpt54nano_per_question_method_accuracy_with_difficulty.csv
main_panel150_gpt54nano,Self Consistency,pna_all,pna,pt,pna_panel4_150_014,pna:2020:part_1A:16,296,easy,A,,3,3.0,1.0,False,thesis_github/data/evals/failure_prediction/panel150_gpt54nano_delta_ci_plot_v1/panel150_gpt54nano_per_question_method_accuracy_with_difficulty.csv
main_panel150_gpt54nano,Self Consistency,pna_all,pna,pt,pna_panel4_150_061,pna:2020:part_1A:2,282,hard,A,,3,0.0,0.0,False,thesis_github/data/evals/failure_prediction/panel150_gpt54nano_delta_ci_plot_v1/panel150_gpt54nano_per_question_method_accuracy_with_difficulty.csv
main_panel150_gpt54nano,Self Consistency,pna_all,pna,pt,pna_panel4_150_113,pna:2020:part_1A:21,301,medium,D,,3,0.0,0.0,False,thesis_github/data/evals/failure_prediction/panel150_gpt54nano_delta_ci_plot_v1/panel150_gpt54nano_per_question_method_accuracy_with_difficulty.csv
main_panel150_gpt54nano,Self Consistency,pna_all,pna,pt,pna_panel4_150_062,pna:2020:part_1A:27,306,hard,A,,3,0.0,0.0,False,thesis_github/data/evals/failure_prediction/panel150_gpt54nano_delta_ci_plot_v1/panel150_gpt54nano_per_question_method_accuracy_with_difficulty.csv
main_panel150_gpt54nano,Self Consistency,pna_all,pna,pt,pna_panel4_150_114,pna:2020:part_1A:30,309,medium,A,,3,2.0,0.6666666666666666,False,thesis_github/data/evals/failure_prediction/panel150_gpt54nano_delta_ci_plot_v1/panel150_gpt54nano_per_question_method_accuracy_with_difficulty.csv
main_panel150_gpt54nano,Self Consistency,pna_all,pna,pt,pna_panel4_150_015,pna:2020:part_1A:31,310,easy,E,,3,3.0,1.0,False,thesis_github/data/evals/failure_prediction/panel150_gpt54nano_delta_ci_plot_v1/panel150_gpt54nano_per_question_method_accuracy_with_difficulty.csv
main_panel150_gpt54nano,Self Consistency,pna_all,pna,pt,pna_panel4_150_016,pna:2020:part_1A:52,329,easy,B,,3,3.0,1.0,False,thesis_github/data/evals/failure_prediction/panel150_gpt54nano_delta_ci_plot_v1/panel150_gpt54nano_per_question_method_accuracy_with_difficulty.csv
main_panel150_gpt54nano,Self Consistency,pna_all,pna,pt,pna_panel4_150_017,pna:2020:part_1A:64,339,easy,A,,3,3.0,1.0,False,thesis_github/data/evals/failure_prediction/panel150_gpt54nano_delta_ci_plot_v1/panel150_gpt54nano_per_question_method_accuracy_with_difficulty.csv
main_panel150_gpt54nano,Self Consistency,pna_all,pna,pt,pna_panel4_150_063,pna:2020:part_1A:70,345,hard,D,,3,0.0,0.0,False,thesis_github/data/evals/failure_prediction/panel150_gpt54nano_delta_ci_plot_v1/panel150_gpt54nano_per_question_method_accuracy_with_difficulty.csv
main_panel150_gpt54nano,Self Consistency,pna_all,pna,pt,pna_panel4_150_018,pna:2020:part_1A:73,348,easy,B,,3,3.0,1.0,False,thesis_github/data/evals/failure_prediction/panel150_gpt54nano_delta_ci_plot_v1/panel150_gpt54nano_per_question_method_accuracy_with_difficulty.csv
main_panel150_gpt54nano,Self Consistency,pna_all,pna,pt,pna_panel4_150_019,pna:2020:part_1A:9,289,easy,D,,3,3.0,1.0,False,thesis_github/data/evals/failure_prediction/panel150_gpt54nano_delta_ci_plot_v1/panel150_gpt54nano_per_question_method_accuracy_with_difficulty.csv
main_panel150_gpt54nano,Self Consistency,pna_all,pna,pt,pna_panel4_150_064,pna:2020:part_2A:105,377,hard,C,,3,0.0,0.0,False,thesis_github/data/evals/failure_prediction/panel150_gpt54nano_delta_ci_plot_v1/panel150_gpt54nano_per_question_method_accuracy_with_difficulty.csv
main_panel150_gpt54nano,Self Consistency,pna_all,pna,pt,pna_panel4_150_020,pna:2020:part_2A:123,394,easy,B,,3,3.0,1.0,False,thesis_github/data/evals/failure_prediction/panel150_gpt54nano_delta_ci_plot_v1/panel150_gpt54nano_per_question_method_accuracy_with_difficulty.csv
main_panel150_gpt54nano,Self Consistency,pna_all,pna,pt,pna_panel4_150_115,pna:2020:part_2A:130,400,medium,A,,3,3.0,1.0,False,thesis_github/data/evals/failure_prediction/panel150_gpt54nano_delta_ci_plot_v1/panel150_gpt54nano_per_question_method_accuracy_with_difficulty.csv
main_panel150_gpt54nano,Self Consistency,pna_all,pna,pt,pna_panel4_150_021,pna:2020:part_2A:94,367,easy,B,,3,3.0,1.0,False,thesis_github/data/evals/failure_prediction/panel150_gpt54nano_delta_ci_plot_v1/panel150_gpt54nano_per_question_method_accuracy_with_difficulty.csv
main_panel150_gpt54nano,Self Consistency,pna_all,pna,pt,pna_panel4_150_065,pna:2021:part_1A:18,437,hard,D,,3,2.0,0.6666666666666666,False,thesis_github/data/evals/failure_prediction/panel150_gpt54nano_delta_ci_plot_v1/panel150_gpt54nano_per_question_method_accuracy_with_difficulty.csv
main_panel150_gpt54nano,Self Consistency,pna_all,pna,pt,pna_panel4_150_022,pna:2021:part_1A:22,441,easy,E,,3,3.0,1.0,False,thesis_github/data/evals/failure_prediction/panel150_gpt54nano_delta_ci_plot_v1/panel150_gpt54nano_per_question_method_accuracy_with_difficulty.csv
main_panel150_gpt54nano,Self Consistency,pna_all,pna,pt,pna_panel4_150_116,pna:2021:part_1A:26,445,medium,E,,3,3.0,1.0,False,thesis_github/data/evals/failure_prediction/panel150_gpt54nano_delta_ci_plot_v1/panel150_gpt54nano_per_question_method_accuracy_with_difficulty.csv
main_panel150_gpt54nano,Self Consistency,pna_all,pna,pt,pna_panel4_150_023,pna:2021:part_1A:30,449,easy,A,,3,3.0,1.0,False,thesis_github/data/evals/failure_prediction/panel150_gpt54nano_delta_ci_plot_v1/panel150_gpt54nano_per_question_method_accuracy_with_difficulty.csv
main_panel150_gpt54nano,Self Consistency,pna_all,pna,pt,pna_panel4_150_117,pna:2021:part_1A:4,423,medium,A,,3,3.0,1.0,False,thesis_github/data/evals/failure_prediction/panel150_gpt54nano_delta_ci_plot_v1/panel150_gpt54nano_per_question_method_accuracy_with_difficulty.csv
main_panel150_gpt54nano,Self Consistency,pna_all,pna,pt,pna_panel4_150_118,pna:2021:part_1A:44,462,medium,C,,3,3.0,1.0,False,thesis_github/data/evals/failure_prediction/panel150_gpt54nano_delta_ci_plot_v1/panel150_gpt54nano_per_question_method_accuracy_with_difficulty.csv
main_panel150_gpt54nano,Self Consistency,pna_all,pna,pt,pna_panel4_150_066,pna:2021:part_1A:46,464,hard,C,,3,0.0,0.0,False,thesis_github/data/evals/failure_prediction/panel150_gpt54nano_delta_ci_plot_v1/panel150_gpt54nano_per_question_method_accuracy_with_difficulty.csv
main_panel150_gpt54nano,Self Consistency,pna_all,pna,pt,pna_panel4_150_067,pna:2021:part_1A:5,424,hard,D,,3,0.0,0.0,False,thesis_github/data/evals/failure_prediction/panel150_gpt54nano_delta_ci_plot_v1/panel150_gpt54nano_per_question_method_accuracy_with_difficulty.csv
main_panel150_gpt54nano,Self Consistency,pna_all,pna,pt,pna_panel4_150_119,pna:2021:part_1A:57,474,medium,C,,3,3.0,1.0,False,thesis_github/data/evals/failure_prediction/panel150_gpt54nano_delta_ci_plot_v1/panel150_gpt54nano_per_question_method_accuracy_with_difficulty.csv
main_panel150_gpt54nano,Self Consistency,pna_all,pna,pt,pna_panel4_150_024,pna:2021:part_1A:60,477,easy,E,,3,3.0,1.0,False,thesis_github/data/evals/failure_prediction/panel150_gpt54nano_delta_ci_plot_v1/panel150_gpt54nano_per_question_method_accuracy_with_difficulty.csv
main_panel150_gpt54nano,Self Consistency,pna_all,pna,pt,pna_panel4_150_068,pna:2021:part_1A:61,478,hard,D,,3,3.0,1.0,False,thesis_github/data/evals/failure_prediction/panel150_gpt54nano_delta_ci_plot_v1/panel150_gpt54nano_per_question_method_accuracy_with_difficulty.csv
main_panel150_gpt54nano,Self Consistency,pna_all,pna,pt,pna_panel4_150_025,pna:2021:part_1A:66,483,easy,B,,3,3.0,1.0,False,thesis_github/data/evals/failure_prediction/panel150_gpt54nano_delta_ci_plot_v1/panel150_gpt54nano_per_question_method_accuracy_with_difficulty.csv
main_panel150_gpt54nano,Self Consistency,pna_all,pna,pt,pna_panel4_150_069,pna:2021:part_1A:68,485,hard,C,,3,0.0,0.0,False,thesis_github/data/evals/failure_prediction/panel150_gpt54nano_delta_ci_plot_v1/panel150_gpt54nano_per_question_method_accuracy_with_difficulty.csv
main_panel150_gpt54nano,Self Consistency,pna_all,pna,pt,pna_panel4_150_070,pna:2021:part_1A:71,488,hard,A,,3,3.0,1.0,False,thesis_github/data/evals/failure_prediction/panel150_gpt54nano_delta_ci_plot_v1/panel150_gpt54nano_per_question_method_accuracy_with_difficulty.csv
main_panel150_gpt54nano,Self Consistency,pna_all,pna,pt,pna_panel4_150_071,pna:2021:part_2A:100,514,hard,E,,3,2.0,0.6666666666666666,False,thesis_github/data/evals/failure_prediction/panel150_gpt54nano_delta_ci_plot_v1/panel150_gpt54nano_per_question_method_accuracy_with_difficulty.csv
main_panel150_gpt54nano,Self Consistency,pna_all,pna,pt,pna_panel4_150_120,pna:2021:part_2A:105,518,medium,E,,3,3.0,1.0,False,thesis_github/data/evals/failure_prediction/panel150_gpt54nano_delta_ci_plot_v1/panel150_gpt54nano_per_question_method_accuracy_with_difficulty.csv
main_panel150_gpt54nano,Self Consistency,pna_all,pna,pt,pna_panel4_150_072,pna:2021:part_2A:113,525,hard,A,,3,0.0,0.0,False,thesis_github/data/evals/failure_prediction/panel150_gpt54nano_delta_ci_plot_v1/panel150_gpt54nano_per_question_method_accuracy_with_difficulty.csv
main_panel150_gpt54nano,Self Consistency,pna_all,pna,pt,pna_panel4_150_073,pna:2021:part_2A:116,528,hard,C,,3,0.0,0.0,False,thesis_github/data/evals/failure_prediction/panel150_gpt54nano_delta_ci_plot_v1/panel150_gpt54nano_per_question_method_accuracy_with_difficulty.csv
main_panel150_gpt54nano,Self Consistency,pna_all,pna,pt,pna_panel4_150_121,pna:2021:part_2A:118,530,medium,A,,3,2.0,0.6666666666666666,False,thesis_github/data/evals/failure_prediction/panel150_gpt54nano_delta_ci_plot_v1/panel150_gpt54nano_per_question_method_accuracy_with_difficulty.csv
main_panel150_gpt54nano,Self Consistency,pna_all,pna,pt,pna_panel4_150_026,pna:2021:part_2A:125,537,easy,B,,3,3.0,1.0,False,thesis_github/data/evals/failure_prediction/panel150_gpt54nano_delta_ci_plot_v1/panel150_gpt54nano_per_question_method_accuracy_with_difficulty.csv
main_panel150_gpt54nano,Self Consistency,pna_all,pna,pt,pna_panel4_150_074,pna:2021:part_2A:129,541,hard,A,,3,0.0,0.0,False,thesis_github/data/evals/failure_prediction/panel150_gpt54nano_delta_ci_plot_v1/panel150_gpt54nano_per_question_method_accuracy_with_difficulty.csv
main_panel150_gpt54nano,Self Consistency,pna_all,pna,pt,pna_panel4_150_027,pna:2021:part_2A:137,549,easy,C,,3,3.0,1.0,False,thesis_github/data/evals/failure_prediction/panel150_gpt54nano_delta_ci_plot_v1/panel150_gpt54nano_per_question_method_accuracy_with_difficulty.csv
main_panel150_gpt54nano,Self Consistency,pna_all,pna,pt,pna_panel4_150_122,pna:2021:part_2A:145,557,medium,E,,3,3.0,1.0,False,thesis_github/data/evals/failure_prediction/panel150_gpt54nano_delta_ci_plot_v1/panel150_gpt54nano_per_question_method_accuracy_with_difficulty.csv
main_panel150_gpt54nano,Self Consistency,pna_all,pna,pt,pna_panel4_150_123,pna:2021:part_2A:82,498,medium,A,,3,3.0,1.0,False,thesis_github/data/evals/failure_prediction/panel150_gpt54nano_delta_ci_plot_v1/panel150_gpt54nano_per_question_method_accuracy_with_difficulty.csv
main_panel150_gpt54nano,Self Consistency,pna_all,pna,pt,pna_panel4_150_075,pna:2021:part_2A:90,505,hard,D,,3,0.0,0.0,False,thesis_github/data/evals/failure_prediction/panel150_gpt54nano_delta_ci_plot_v1/panel150_gpt54nano_per_question_method_accuracy_with_difficulty.csv
main_panel150_gpt54nano,Self Consistency,pna_all,pna,pt,pna_panel4_150_076,pna:2021:part_2A:95,509,hard,B,,3,3.0,1.0,False,thesis_github/data/evals/failure_prediction/panel150_gpt54nano_delta_ci_plot_v1/panel150_gpt54nano_per_question_method_accuracy_with_difficulty.csv
main_panel150_gpt54nano,Self Consistency,pna_all,pna,pt,pna_panel4_150_077,pna:2022:part_1A:11,571,hard,C,,3,1.0,0.3333333333333333,False,thesis_github/data/evals/failure_prediction/panel150_gpt54nano_delta_ci_plot_v1/panel150_gpt54nano_per_question_method_accuracy_with_difficulty.csv
main_panel150_gpt54nano,Self Consistency,pna_all,pna,pt,pna_panel4_150_124,pna:2022:part_1A:15,575,medium,B,,3,0.0,0.0,False,thesis_github/data/evals/failure_prediction/panel150_gpt54nano_delta_ci_plot_v1/panel150_gpt54nano_per_question_method_accuracy_with_difficulty.csv
main_panel150_gpt54nano,Self Consistency,pna_all,pna,pt,pna_panel4_150_078,pna:2022:part_1A:17,577,hard,D,,3,2.0,0.6666666666666666,False,thesis_github/data/evals/failure_prediction/panel150_gpt54nano_delta_ci_plot_v1/panel150_gpt54nano_per_question_method_accuracy_with_difficulty.csv
main_panel150_gpt54nano,Self Consistency,pna_all,pna,pt,pna_panel4_150_125,pna:2022:part_1A:18,578,medium,B,,3,0.0,0.0,False,thesis_github/data/evals/failure_prediction/panel150_gpt54nano_delta_ci_plot_v1/panel150_gpt54nano_per_question_method_accuracy_with_difficulty.csv
main_panel150_gpt54nano,Self Consistency,pna_all,pna,pt,pna_panel4_150_079,pna:2022:part_1A:19,579,hard,B,,3,0.0,0.0,False,thesis_github/data/evals/failure_prediction/panel150_gpt54nano_delta_ci_plot_v1/panel150_gpt54nano_per_question_method_accuracy_with_difficulty.csv
main_panel150_gpt54nano,Self Consistency,pna_all,pna,pt,pna_panel4_150_080,pna:2022:part_1A:23,583,hard,E,,3,0.0,0.0,False,thesis_github/data/evals/failure_prediction/panel150_gpt54nano_delta_ci_plot_v1/panel150_gpt54nano_per_question_method_accuracy_with_difficulty.csv
main_panel150_gpt54nano,Self Consistency,pna_all,pna,pt,pna_panel4_150_028,pna:2022:part_1A:24,584,easy,B,,3,3.0,1.0,False,thesis_github/data/evals/failure_prediction/panel150_gpt54nano_delta_ci_plot_v1/panel150_gpt54nano_per_question_method_accuracy_with_difficulty.csv
main_panel150_gpt54nano,Self Consistency,pna_all,pna,pt,pna_panel4_150_126,pna:2022:part_1A:25,585,medium,C,,3,3.0,1.0,False,thesis_github/data/evals/failure_prediction/panel150_gpt54nano_delta_ci_plot_v1/panel150_gpt54nano_per_question_method_accuracy_with_difficulty.csv
main_panel150_gpt54nano,Self Consistency,pna_all,pna,pt,pna_panel4_150_029,pna:2022:part_1A:27,587,easy,B,,3,3.0,1.0,False,thesis_github/data/evals/failure_prediction/panel150_gpt54nano_delta_ci_plot_v1/panel150_gpt54nano_per_question_method_accuracy_with_difficulty.csv
main_panel150_gpt54nano,Self Consistency,pna_all,pna,pt,pna_panel4_150_127,pna:2022:part_1A:29,589,medium,A,,3,3.0,1.0,False,thesis_github/data/evals/failure_prediction/panel150_gpt54nano_delta_ci_plot_v1/panel150_gpt54nano_per_question_method_accuracy_with_difficulty.csv
main_panel150_gpt54nano,Self Consistency,pna_all,pna,pt,pna_panel4_150_128,pna:2022:part_1A:33,592,medium,C,,3,3.0,1.0,False,thesis_github/data/evals/failure_prediction/panel150_gpt54nano_delta_ci_plot_v1/panel150_gpt54nano_per_question_method_accuracy_with_difficulty.csv
main_panel150_gpt54nano,Self Consistency,pna_all,pna,pt,pna_panel4_150_129,pna:2022:part_1A:46,604,medium,C,,3,3.0,1.0,False,thesis_github/data/evals/failure_prediction/panel150_gpt54nano_delta_ci_plot_v1/panel150_gpt54nano_per_question_method_accuracy_with_difficulty.csv
main_panel150_gpt54nano,Self Consistency,pna_all,pna,pt,pna_panel4_150_081,pna:2022:part_1A:51,609,hard,C,,3,3.0,1.0,False,thesis_github/data/evals/failure_prediction/panel150_gpt54nano_delta_ci_plot_v1/panel150_gpt54nano_per_question_method_accuracy_with_difficulty.csv
main_panel150_gpt54nano,Self Consistency,pna_all,pna,pt,pna_panel4_150_030,pna:2022:part_1A:59,617,easy,D,,3,3.0,1.0,False,thesis_github/data/evals/failure_prediction/panel150_gpt54nano_delta_ci_plot_v1/panel150_gpt54nano_per_question_method_accuracy_with_difficulty.csv
main_panel150_gpt54nano,Self Consistency,pna_all,pna,pt,pna_panel4_150_082,pna:2022:part_1A:64,622,hard,A,,3,0.0,0.0,False,thesis_github/data/evals/failure_prediction/panel150_gpt54nano_delta_ci_plot_v1/panel150_gpt54nano_per_question_method_accuracy_with_difficulty.csv
main_panel150_gpt54nano,Self Consistency,pna_all,pna,pt,pna_panel4_150_083,pna:2022:part_2A:100,657,hard,A,,3,0.0,0.0,False,thesis_github/data/evals/failure_prediction/panel150_gpt54nano_delta_ci_plot_v1/panel150_gpt54nano_per_question_method_accuracy_with_difficulty.csv
main_panel150_gpt54nano,Self Consistency,pna_all,pna,pt,pna_panel4_150_031,pna:2022:part_2A:113,670,easy,C,,3,3.0,1.0,False,thesis_github/data/evals/failure_prediction/panel150_gpt54nano_delta_ci_plot_v1/panel150_gpt54nano_per_question_method_accuracy_with_difficulty.csv
main_panel150_gpt54nano,Self Consistency,pna_all,pna,pt,pna_panel4_150_130,pna:2022:part_2A:129,686,medium,D,,3,3.0,1.0,False,thesis_github/data/evals/failure_prediction/panel150_gpt54nano_delta_ci_plot_v1/panel150_gpt54nano_per_question_method_accuracy_with_difficulty.csv
main_panel150_gpt54nano,Self Consistency,pna_all,pna,pt,pna_panel4_150_084,pna:2022:part_2A:132,689,hard,A,,3,3.0,1.0,False,thesis_github/data/evals/failure_prediction/panel150_gpt54nano_delta_ci_plot_v1/panel150_gpt54nano_per_question_method_accuracy_with_difficulty.csv
main_panel150_gpt54nano,Self Consistency,pna_all,pna,pt,pna_panel4_150_085,pna:2022:part_2A:138,695,hard,A,,3,0.0,0.0,False,thesis_github/data/evals/failure_prediction/panel150_gpt54nano_delta_ci_plot_v1/panel150_gpt54nano_per_question_method_accuracy_with_difficulty.csv
main_panel150_gpt54nano,Self Consistency,pna_all,pna,pt,pna_panel4_150_131,pna:2022:part_2A:79,636,medium,B,,3,3.0,1.0,False,thesis_github/data/evals/failure_prediction/panel150_gpt54nano_delta_ci_plot_v1/panel150_gpt54nano_per_question_method_accuracy_with_difficulty.csv
main_panel150_gpt54nano,Self Consistency,pna_all,pna,pt,pna_panel4_150_032,pna:2022:part_2A:83,640,easy,A,,3,3.0,1.0,False,thesis_github/data/evals/failure_prediction/panel150_gpt54nano_delta_ci_plot_v1/panel150_gpt54nano_per_question_method_accuracy_with_difficulty.csv
main_panel150_gpt54nano,Self Consistency,pna_all,pna,pt,pna_panel4_150_132,pna:2023:part_1A:11,715,medium,A,,3,3.0,1.0,False,thesis_github/data/evals/failure_prediction/panel150_gpt54nano_delta_ci_plot_v1/panel150_gpt54nano_per_question_method_accuracy_with_difficulty.csv
main_panel150_gpt54nano,Self Consistency,pna_all,pna,pt,pna_panel4_150_086,pna:2023:part_1A:31,735,hard,D,,3,0.0,0.0,False,thesis_github/data/evals/failure_prediction/panel150_gpt54nano_delta_ci_plot_v1/panel150_gpt54nano_per_question_method_accuracy_with_difficulty.csv
main_panel150_gpt54nano,Self Consistency,pna_all,pna,pt,pna_panel4_150_087,pna:2023:part_1A:34,738,hard,E,,3,3.0,1.0,False,thesis_github/data/evals/failure_prediction/panel150_gpt54nano_delta_ci_plot_v1/panel150_gpt54nano_per_question_method_accuracy_with_difficulty.csv
main_panel150_gpt54nano,Self Consistency,pna_all,pna,pt,pna_panel4_150_033,pna:2023:part_1A:36,740,easy,B,,3,3.0,1.0,False,thesis_github/data/evals/failure_prediction/panel150_gpt54nano_delta_ci_plot_v1/panel150_gpt54nano_per_question_method_accuracy_with_difficulty.csv
main_panel150_gpt54nano,Self Consistency,pna_all,pna,pt,pna_panel4_150_133,pna:2023:part_1A:5,710,medium,E,,3,0.0,0.0,False,thesis_github/data/evals/failure_prediction/panel150_gpt54nano_delta_ci_plot_v1/panel150_gpt54nano_per_question_method_accuracy_with_difficulty.csv
main_panel150_gpt54nano,Self Consistency,pna_all,pna,pt,pna_panel4_150_134,pna:2023:part_1A:50,754,medium,E,,3,3.0,1.0,False,thesis_github/data/evals/failure_prediction/panel150_gpt54nano_delta_ci_plot_v1/panel150_gpt54nano_per_question_method_accuracy_with_difficulty.csv
main_panel150_gpt54nano,Self Consistency,pna_all,pna,pt,pna_panel4_150_088,pna:2023:part_1A:52,756,hard,C,,3,3.0,1.0,False,thesis_github/data/evals/failure_prediction/panel150_gpt54nano_delta_ci_plot_v1/panel150_gpt54nano_per_question_method_accuracy_with_difficulty.csv
main_panel150_gpt54nano,Self Consistency,pna_all,pna,pt,pna_panel4_150_135,pna:2023:part_1A:55,759,medium,E,,3,2.0,0.6666666666666666,False,thesis_github/data/evals/failure_prediction/panel150_gpt54nano_delta_ci_plot_v1/panel150_gpt54nano_per_question_method_accuracy_with_difficulty.csv
main_panel150_gpt54nano,Self Consistency,pna_all,pna,pt,pna_panel4_150_034,pna:2023:part_1A:68,772,easy,C,,3,3.0,1.0,False,thesis_github/data/evals/failure_prediction/panel150_gpt54nano_delta_ci_plot_v1/panel150_gpt54nano_per_question_method_accuracy_with_difficulty.csv
main_panel150_gpt54nano,Self Consistency,pna_all,pna,pt,pna_panel4_150_035,pna:2023:part_1A:71,775,easy,C,,3,3.0,1.0,False,thesis_github/data/evals/failure_prediction/panel150_gpt54nano_delta_ci_plot_v1/panel150_gpt54nano_per_question_method_accuracy_with_difficulty.csv
main_panel150_gpt54nano,Self Consistency,pna_all,pna,pt,pna_panel4_150_136,pna:2023:part_2A:103,805,medium,E,,3,3.0,1.0,False,thesis_github/data/evals/failure_prediction/panel150_gpt54nano_delta_ci_plot_v1/panel150_gpt54nano_per_question_method_accuracy_with_difficulty.csv
main_panel150_gpt54nano,Self Consistency,pna_all,pna,pt,pna_panel4_150_137,pna:2023:part_2A:105,807,medium,B,,3,3.0,1.0,False,thesis_github/data/evals/failure_prediction/panel150_gpt54nano_delta_ci_plot_v1/panel150_gpt54nano_per_question_method_accuracy_with_difficulty.csv
main_panel150_gpt54nano,Self Consistency,pna_all,pna,pt,pna_panel4_150_036,pna:2023:part_2A:124,824,easy,E,,3,3.0,1.0,False,thesis_github/data/evals/failure_prediction/panel150_gpt54nano_delta_ci_plot_v1/panel150_gpt54nano_per_question_method_accuracy_with_difficulty.csv
main_panel150_gpt54nano,Self Consistency,pna_all,pna,pt,pna_panel4_150_037,pna:2023:part_2A:141,841,easy,B,,3,3.0,1.0,False,thesis_github/data/evals/failure_prediction/panel150_gpt54nano_delta_ci_plot_v1/panel150_gpt54nano_per_question_method_accuracy_with_difficulty.csv
main_panel150_gpt54nano,Self Consistency,pna_all,pna,pt,pna_panel4_150_089,pna:2023:part_2A:81,784,hard,E,,3,0.0,0.0,False,thesis_github/data/evals/failure_prediction/panel150_gpt54nano_delta_ci_plot_v1/panel150_gpt54nano_per_question_method_accuracy_with_difficulty.csv
main_panel150_gpt54nano,Self Consistency,pna_all,pna,pt,pna_panel4_150_090,pna:2023:part_2A:87,790,hard,B,,3,0.0,0.0,False,thesis_github/data/evals/failure_prediction/panel150_gpt54nano_delta_ci_plot_v1/panel150_gpt54nano_per_question_method_accuracy_with_difficulty.csv
main_panel150_gpt54nano,Self Consistency,pna_all,pna,pt,pna_panel4_150_138,pna:2023:part_2A:90,793,medium,D,,3,3.0,1.0,False,thesis_github/data/evals/failure_prediction/panel150_gpt54nano_delta_ci_plot_v1/panel150_gpt54nano_per_question_method_accuracy_with_difficulty.csv
main_panel150_gpt54nano,Self Consistency,pna_all,pna,pt,pna_panel4_150_038,pna:2023:part_2A:91,794,easy,A,,3,3.0,1.0,False,thesis_github/data/evals/failure_prediction/panel150_gpt54nano_delta_ci_plot_v1/panel150_gpt54nano_per_question_method_accuracy_with_difficulty.csv
main_panel150_gpt54nano,Self Consistency,pna_all,pna,pt,pna_panel4_150_139,pna:2024:part_1A:11,860,medium,D,,3,3.0,1.0,False,thesis_github/data/evals/failure_prediction/panel150_gpt54nano_delta_ci_plot_v1/panel150_gpt54nano_per_question_method_accuracy_with_difficulty.csv
main_panel150_gpt54nano,Self Consistency,pna_all,pna,pt,pna_panel4_150_091,pna:2024:part_1A:12,861,hard,B,,3,3.0,1.0,False,thesis_github/data/evals/failure_prediction/panel150_gpt54nano_delta_ci_plot_v1/panel150_gpt54nano_per_question_method_accuracy_with_difficulty.csv
main_panel150_gpt54nano,Self Consistency,pna_all,pna,pt,pna_panel4_150_092,pna:2024:part_1A:31,879,hard,C,,3,0.0,0.0,False,thesis_github/data/evals/failure_prediction/panel150_gpt54nano_delta_ci_plot_v1/panel150_gpt54nano_per_question_method_accuracy_with_difficulty.csv
main_panel150_gpt54nano,Self Consistency,pna_all,pna,pt,pna_panel4_150_140,pna:2024:part_1A:35,883,medium,C,,3,3.0,1.0,False,thesis_github/data/evals/failure_prediction/panel150_gpt54nano_delta_ci_plot_v1/panel150_gpt54nano_per_question_method_accuracy_with_difficulty.csv
main_panel150_gpt54nano,Self Consistency,pna_all,pna,pt,pna_panel4_150_093,pna:2024:part_1A:44,892,hard,E,,3,0.0,0.0,False,thesis_github/data/evals/failure_prediction/panel150_gpt54nano_delta_ci_plot_v1/panel150_gpt54nano_per_question_method_accuracy_with_difficulty.csv
main_panel150_gpt54nano,Self Consistency,pna_all,pna,pt,pna_panel4_150_039,pna:2024:part_1A:57,905,easy,E,,3,3.0,1.0,False,thesis_github/data/evals/failure_prediction/panel150_gpt54nano_delta_ci_plot_v1/panel150_gpt54nano_per_question_method_accuracy_with_difficulty.csv
main_panel150_gpt54nano,Self Consistency,pna_all,pna,pt,pna_panel4_150_141,pna:2024:part_1A:58,906,medium,E,,3,3.0,1.0,False,thesis_github/data/evals/failure_prediction/panel150_gpt54nano_delta_ci_plot_v1/panel150_gpt54nano_per_question_method_accuracy_with_difficulty.csv
main_panel150_gpt54nano,Self Consistency,pna_all,pna,pt,pna_panel4_150_094,pna:2024:part_1A:9,858,hard,A,,3,0.0,0.0,False,thesis_github/data/evals/failure_prediction/panel150_gpt54nano_delta_ci_plot_v1/panel150_gpt54nano_per_question_method_accuracy_with_difficulty.csv
main_panel150_gpt54nano,Self Consistency,pna_all,pna,pt,pna_panel4_150_142,pna:2024:part_2A:119,960,medium,D,,3,3.0,1.0,False,thesis_github/data/evals/failure_prediction/panel150_gpt54nano_delta_ci_plot_v1/panel150_gpt54nano_per_question_method_accuracy_with_difficulty.csv
main_panel150_gpt54nano,Self Consistency,pna_all,pna,pt,pna_panel4_150_040,pna:2024:part_2A:129,970,easy,B,,3,3.0,1.0,False,thesis_github/data/evals/failure_prediction/panel150_gpt54nano_delta_ci_plot_v1/panel150_gpt54nano_per_question_method_accuracy_with_difficulty.csv
main_panel150_gpt54nano,Self Consistency,pna_all,pna,pt,pna_panel4_150_041,pna:2024:part_2A:134,975,easy,E,,3,3.0,1.0,False,thesis_github/data/evals/failure_prediction/panel150_gpt54nano_delta_ci_plot_v1/panel150_gpt54nano_per_question_method_accuracy_with_difficulty.csv
main_panel150_gpt54nano,Self Consistency,pna_all,pna,pt,pna_panel4_150_042,pna:2024:part_2A:138,979,easy,A,,3,3.0,1.0,False,thesis_github/data/evals/failure_prediction/panel150_gpt54nano_delta_ci_plot_v1/panel150_gpt54nano_per_question_method_accuracy_with_difficulty.csv
main_panel150_gpt54nano,Self Consistency,pna_all,pna,pt,pna_panel4_150_043,pna:2024:part_2A:150,991,easy,A,,3,3.0,1.0,False,thesis_github/data/evals/failure_prediction/panel150_gpt54nano_delta_ci_plot_v1/panel150_gpt54nano_per_question_method_accuracy_with_difficulty.csv
main_panel150_gpt54nano,Self Consistency,pna_all,pna,pt,pna_panel4_150_095,pna:2024:part_2A:92,936,hard,C,,3,0.0,0.0,False,thesis_github/data/evals/failure_prediction/panel150_gpt54nano_delta_ci_plot_v1/panel150_gpt54nano_per_question_method_accuracy_with_difficulty.csv
main_panel150_gpt54nano,Self Consistency,pna_all,pna,pt,pna_panel4_150_096,pna:2024:part_2A:93,937,hard,A,,3,0.0,0.0,False,thesis_github/data/evals/failure_prediction/panel150_gpt54nano_delta_ci_plot_v1/panel150_gpt54nano_per_question_method_accuracy_with_difficulty.csv
main_panel150_gpt54nano,Self Consistency,pna_all,pna,pt,pna_panel4_150_044,pna:2024:part_2A:96,940,easy,A,,3,3.0,1.0,False,thesis_github/data/evals/failure_prediction/panel150_gpt54nano_delta_ci_plot_v1/panel150_gpt54nano_per_question_method_accuracy_with_difficulty.csv
main_panel150_gpt54nano,Self Consistency,pna_all,pna,pt,pna_panel4_150_143,pna:2024:part_2A:97,941,medium,D,,3,3.0,1.0,False,thesis_github/data/evals/failure_prediction/panel150_gpt54nano_delta_ci_plot_v1/panel150_gpt54nano_per_question_method_accuracy_with_difficulty.csv
main_panel150_gpt54nano,Self Consistency,pna_all,pna,pt,pna_panel4_150_144,pna:2025:part_1A:10,1001,medium,D,,3,1.0,0.3333333333333333,False,thesis_github/data/evals/failure_prediction/panel150_gpt54nano_delta_ci_plot_v1/panel150_gpt54nano_per_question_method_accuracy_with_difficulty.csv
main_panel150_gpt54nano,Self Consistency,pna_all,pna,pt,pna_panel4_150_145,pna:2025:part_1A:22,1013,medium,A,,3,3.0,1.0,False,thesis_github/data/evals/failure_prediction/panel150_gpt54nano_delta_ci_plot_v1/panel150_gpt54nano_per_question_method_accuracy_with_difficulty.csv
main_panel150_gpt54nano,Self Consistency,pna_all,pna,pt,pna_panel4_150_045,pna:2025:part_1A:23,1014,easy,B,,3,3.0,1.0,False,thesis_github/data/evals/failure_prediction/panel150_gpt54nano_delta_ci_plot_v1/panel150_gpt54nano_per_question_method_accuracy_with_difficulty.csv
main_panel150_gpt54nano,Self Consistency,pna_all,pna,pt,pna_panel4_150_146,pna:2025:part_1A:35,1025,medium,A,,3,3.0,1.0,False,thesis_github/data/evals/failure_prediction/panel150_gpt54nano_delta_ci_plot_v1/panel150_gpt54nano_per_question_method_accuracy_with_difficulty.csv
main_panel150_gpt54nano,Self Consistency,pna_all,pna,pt,pna_panel4_150_046,pna:2025:part_1A:4,995,easy,A,,3,3.0,1.0,False,thesis_github/data/evals/failure_prediction/panel150_gpt54nano_delta_ci_plot_v1/panel150_gpt54nano_per_question_method_accuracy_with_difficulty.csv
main_panel150_gpt54nano,Self Consistency,pna_all,pna,pt,pna_panel4_150_097,pna:2025:part_1A:42,1031,hard,E,,3,0.0,0.0,False,thesis_github/data/evals/failure_prediction/panel150_gpt54nano_delta_ci_plot_v1/panel150_gpt54nano_per_question_method_accuracy_with_difficulty.csv
main_panel150_gpt54nano,Self Consistency,pna_all,pna,pt,pna_panel4_150_047,pna:2025:part_1A:59,1048,easy,D,,3,3.0,1.0,False,thesis_github/data/evals/failure_prediction/panel150_gpt54nano_delta_ci_plot_v1/panel150_gpt54nano_per_question_method_accuracy_with_difficulty.csv
main_panel150_gpt54nano,Self Consistency,pna_all,pna,pt,pna_panel4_150_147,pna:2025:part_1A:60,1049,medium,A,,3,3.0,1.0,False,thesis_github/data/evals/failure_prediction/panel150_gpt54nano_delta_ci_plot_v1/panel150_gpt54nano_per_question_method_accuracy_with_difficulty.csv
main_panel150_gpt54nano,Self Consistency,pna_all,pna,pt,pna_panel4_150_098,pna:2025:part_1A:72,1058,hard,C,,3,0.0,0.0,False,thesis_github/data/evals/failure_prediction/panel150_gpt54nano_delta_ci_plot_v1/panel150_gpt54nano_per_question_method_accuracy_with_difficulty.csv
main_panel150_gpt54nano,Self Consistency,pna_all,pna,pt,pna_panel4_150_048,pna:2025:part_1A:8,999,easy,A,,3,2.0,0.6666666666666666,False,thesis_github/data/evals/failure_prediction/panel150_gpt54nano_delta_ci_plot_v1/panel150_gpt54nano_per_question_method_accuracy_with_difficulty.csv
main_panel150_gpt54nano,Self Consistency,pna_all,pna,pt,pna_panel4_150_049,pna:2025:part_2A:106,1089,easy,B,,3,3.0,1.0,False,thesis_github/data/evals/failure_prediction/panel150_gpt54nano_delta_ci_plot_v1/panel150_gpt54nano_per_question_method_accuracy_with_difficulty.csv
main_panel150_gpt54nano,Self Consistency,pna_all,pna,pt,pna_panel4_150_148,pna:2025:part_2A:107,1090,medium,D,,3,3.0,1.0,False,thesis_github/data/evals/failure_prediction/panel150_gpt54nano_delta_ci_plot_v1/panel150_gpt54nano_per_question_method_accuracy_with_difficulty.csv
main_panel150_gpt54nano,Self Consistency,pna_all,pna,pt,pna_panel4_150_149,pna:2025:part_2A:113,1096,medium,E,,3,3.0,1.0,False,thesis_github/data/evals/failure_prediction/panel150_gpt54nano_delta_ci_plot_v1/panel150_gpt54nano_per_question_method_accuracy_with_difficulty.csv
main_panel150_gpt54nano,Self Consistency,pna_all,pna,pt,pna_panel4_150_099,pna:2025:part_2A:118,1101,hard,E,,3,0.0,0.0,False,thesis_github/data/evals/failure_prediction/panel150_gpt54nano_delta_ci_plot_v1/panel150_gpt54nano_per_question_method_accuracy_with_difficulty.csv
main_panel150_gpt54nano,Self Consistency,pna_all,pna,pt,pna_panel4_150_100,pna:2025:part_2A:130,1113,hard,B,,3,3.0,1.0,False,thesis_github/data/evals/failure_prediction/panel150_gpt54nano_delta_ci_plot_v1/panel150_gpt54nano_per_question_method_accuracy_with_difficulty.csv
main_panel150_gpt54nano,Self Consistency,pna_all,pna,pt,pna_panel4_150_050,pna:2025:part_2A:148,1130,easy,C,,3,3.0,1.0,False,thesis_github/data/evals/failure_prediction/panel150_gpt54nano_delta_ci_plot_v1/panel150_gpt54nano_per_question_method_accuracy_with_difficulty.csv
main_panel150_gpt54nano,Self Consistency,pna_all,pna,pt,pna_panel4_150_150,pna:2025:part_2A:85,1069,medium,C,,3,3.0,1.0,False,thesis_github/data/evals/failure_prediction/panel150_gpt54nano_delta_ci_plot_v1/panel150_gpt54nano_per_question_method_accuracy_with_difficulty.csv
main_panel150_gpt54nano,Self-Consistency Routed Judge,medqa_test,medqa,en,medqa_panel4_150_116,test:100,100,medium,E,,6,6.0,1.0,False,thesis_github/data/evals/failure_prediction/panel150_gpt54nano_delta_ci_plot_v1/panel150_gpt54nano_per_question_method_accuracy_with_difficulty.csv
main_panel150_gpt54nano,Self-Consistency Routed Judge,medqa_test,medqa,en,medqa_panel4_150_016,test:1000,1000,easy,C,,6,6.0,1.0,False,thesis_github/data/evals/failure_prediction/panel150_gpt54nano_delta_ci_plot_v1/panel150_gpt54nano_per_question_method_accuracy_with_difficulty.csv
main_panel150_gpt54nano,Self-Consistency Routed Judge,medqa_test,medqa,en,medqa_panel4_150_117,test:1008,1008,medium,E,,6,6.0,1.0,False,thesis_github/data/evals/failure_prediction/panel150_gpt54nano_delta_ci_plot_v1/panel150_gpt54nano_per_question_method_accuracy_with_difficulty.csv
main_panel150_gpt54nano,Self-Consistency Routed Judge,medqa_test,medqa,en,medqa_panel4_150_101,test:1010,1010,medium,C,,6,6.0,1.0,False,thesis_github/data/evals/failure_prediction/panel150_gpt54nano_delta_ci_plot_v1/panel150_gpt54nano_per_question_method_accuracy_with_difficulty.csv
main_panel150_gpt54nano,Self-Consistency Routed Judge,medqa_test,medqa,en,medqa_panel4_150_118,test:1030,1030,medium,A,,6,6.0,1.0,False,thesis_github/data/evals/failure_prediction/panel150_gpt54nano_delta_ci_plot_v1/panel150_gpt54nano_per_question_method_accuracy_with_difficulty.csv
main_panel150_gpt54nano,Self-Consistency Routed Judge,medqa_test,medqa,en,medqa_panel4_150_017,test:105,105,easy,B,,6,6.0,1.0,False,thesis_github/data/evals/failure_prediction/panel150_gpt54nano_delta_ci_plot_v1/panel150_gpt54nano_per_question_method_accuracy_with_difficulty.csv
main_panel150_gpt54nano,Self-Consistency Routed Judge,medqa_test,medqa,en,medqa_panel4_150_119,test:1054,1054,medium,A,,6,6.0,1.0,False,thesis_github/data/evals/failure_prediction/panel150_gpt54nano_delta_ci_plot_v1/panel150_gpt54nano_per_question_method_accuracy_with_difficulty.csv
main_panel150_gpt54nano,Self-Consistency Routed Judge,medqa_test,medqa,en,medqa_panel4_150_102,test:1057,1057,medium,B,,6,6.0,1.0,False,thesis_github/data/evals/failure_prediction/panel150_gpt54nano_delta_ci_plot_v1/panel150_gpt54nano_per_question_method_accuracy_with_difficulty.csv
main_panel150_gpt54nano,Self-Consistency Routed Judge,medqa_test,medqa,en,medqa_panel4_150_066,test:106,106,hard,C,,6,0.0,0.0,False,thesis_github/data/evals/failure_prediction/panel150_gpt54nano_delta_ci_plot_v1/panel150_gpt54nano_per_question_method_accuracy_with_difficulty.csv
main_panel150_gpt54nano,Self-Consistency Routed Judge,medqa_test,medqa,en,medqa_panel4_150_120,test:1074,1074,medium,C,,6,6.0,1.0,False,thesis_github/data/evals/failure_prediction/panel150_gpt54nano_delta_ci_plot_v1/panel150_gpt54nano_per_question_method_accuracy_with_difficulty.csv
main_panel150_gpt54nano,Self-Consistency Routed Judge,medqa_test,medqa,en,medqa_panel4_150_051,test:1076,1076,hard,B,,6,0.0,0.0,False,thesis_github/data/evals/failure_prediction/panel150_gpt54nano_delta_ci_plot_v1/panel150_gpt54nano_per_question_method_accuracy_with_difficulty.csv
main_panel150_gpt54nano,Self-Consistency Routed Judge,medqa_test,medqa,en,medqa_panel4_150_018,test:1083,1083,easy,A,,6,6.0,1.0,False,thesis_github/data/evals/failure_prediction/panel150_gpt54nano_delta_ci_plot_v1/panel150_gpt54nano_per_question_method_accuracy_with_difficulty.csv
main_panel150_gpt54nano,Self-Consistency Routed Judge,medqa_test,medqa,en,medqa_panel4_150_052,test:1100,1100,hard,B,,6,5.0,0.8333333333333334,False,thesis_github/data/evals/failure_prediction/panel150_gpt54nano_delta_ci_plot_v1/panel150_gpt54nano_per_question_method_accuracy_with_difficulty.csv
main_panel150_gpt54nano,Self-Consistency Routed Judge,medqa_test,medqa,en,medqa_panel4_150_053,test:1106,1106,hard,C,,6,0.0,0.0,False,thesis_github/data/evals/failure_prediction/panel150_gpt54nano_delta_ci_plot_v1/panel150_gpt54nano_per_question_method_accuracy_with_difficulty.csv
main_panel150_gpt54nano,Self-Consistency Routed Judge,medqa_test,medqa,en,medqa_panel4_150_001,test:1108,1108,easy,D,,6,6.0,1.0,False,thesis_github/data/evals/failure_prediction/panel150_gpt54nano_delta_ci_plot_v1/panel150_gpt54nano_per_question_method_accuracy_with_difficulty.csv
main_panel150_gpt54nano,Self-Consistency Routed Judge,medqa_test,medqa,en,medqa_panel4_150_054,test:1135,1135,hard,E,,6,0.0,0.0,False,thesis_github/data/evals/failure_prediction/panel150_gpt54nano_delta_ci_plot_v1/panel150_gpt54nano_per_question_method_accuracy_with_difficulty.csv
main_panel150_gpt54nano,Self-Consistency Routed Judge,medqa_test,medqa,en,medqa_panel4_150_103,test:1140,1140,medium,C,,6,6.0,1.0,False,thesis_github/data/evals/failure_prediction/panel150_gpt54nano_delta_ci_plot_v1/panel150_gpt54nano_per_question_method_accuracy_with_difficulty.csv
main_panel150_gpt54nano,Self-Consistency Routed Judge,medqa_test,medqa,en,medqa_panel4_150_121,test:1149,1149,medium,B,,6,6.0,1.0,False,thesis_github/data/evals/failure_prediction/panel150_gpt54nano_delta_ci_plot_v1/panel150_gpt54nano_per_question_method_accuracy_with_difficulty.csv
main_panel150_gpt54nano,Self-Consistency Routed Judge,medqa_test,medqa,en,medqa_panel4_150_104,test:1153,1153,medium,A,,6,6.0,1.0,False,thesis_github/data/evals/failure_prediction/panel150_gpt54nano_delta_ci_plot_v1/panel150_gpt54nano_per_question_method_accuracy_with_difficulty.csv
main_panel150_gpt54nano,Self-Consistency Routed Judge,medqa_test,medqa,en,medqa_panel4_150_002,test:1155,1155,easy,E,,6,6.0,1.0,False,thesis_github/data/evals/failure_prediction/panel150_gpt54nano_delta_ci_plot_v1/panel150_gpt54nano_per_question_method_accuracy_with_difficulty.csv
main_panel150_gpt54nano,Self-Consistency Routed Judge,medqa_test,medqa,en,medqa_panel4_150_055,test:1161,1161,hard,B,,6,6.0,1.0,False,thesis_github/data/evals/failure_prediction/panel150_gpt54nano_delta_ci_plot_v1/panel150_gpt54nano_per_question_method_accuracy_with_difficulty.csv
main_panel150_gpt54nano,Self-Consistency Routed Judge,medqa_test,medqa,en,medqa_panel4_150_067,test:1164,1164,hard,A,,6,3.0,0.5,False,thesis_github/data/evals/failure_prediction/panel150_gpt54nano_delta_ci_plot_v1/panel150_gpt54nano_per_question_method_accuracy_with_difficulty.csv
main_panel150_gpt54nano,Self-Consistency Routed Judge,medqa_test,medqa,en,medqa_panel4_150_122,test:117,117,medium,D,,6,2.0,0.3333333333333333,False,thesis_github/data/evals/failure_prediction/panel150_gpt54nano_delta_ci_plot_v1/panel150_gpt54nano_per_question_method_accuracy_with_difficulty.csv
main_panel150_gpt54nano,Self-Consistency Routed Judge,medqa_test,medqa,en,medqa_panel4_150_123,test:1179,1179,medium,C,,6,6.0,1.0,False,thesis_github/data/evals/failure_prediction/panel150_gpt54nano_delta_ci_plot_v1/panel150_gpt54nano_per_question_method_accuracy_with_difficulty.csv
main_panel150_gpt54nano,Self-Consistency Routed Judge,medqa_test,medqa,en,medqa_panel4_150_003,test:1182,1182,easy,A,,6,4.0,0.6666666666666666,False,thesis_github/data/evals/failure_prediction/panel150_gpt54nano_delta_ci_plot_v1/panel150_gpt54nano_per_question_method_accuracy_with_difficulty.csv
main_panel150_gpt54nano,Self-Consistency Routed Judge,medqa_test,medqa,en,medqa_panel4_150_004,test:1194,1194,easy,E,,6,6.0,1.0,False,thesis_github/data/evals/failure_prediction/panel150_gpt54nano_delta_ci_plot_v1/panel150_gpt54nano_per_question_method_accuracy_with_difficulty.csv
main_panel150_gpt54nano,Self-Consistency Routed Judge,medqa_test,medqa,en,medqa_panel4_150_124,test:1203,1203,medium,C,,6,6.0,1.0,False,thesis_github/data/evals/failure_prediction/panel150_gpt54nano_delta_ci_plot_v1/panel150_gpt54nano_per_question_method_accuracy_with_difficulty.csv
main_panel150_gpt54nano,Self-Consistency Routed Judge,medqa_test,medqa,en,medqa_panel4_150_005,test:1207,1207,easy,B,,6,6.0,1.0,False,thesis_github/data/evals/failure_prediction/panel150_gpt54nano_delta_ci_plot_v1/panel150_gpt54nano_per_question_method_accuracy_with_difficulty.csv
main_panel150_gpt54nano,Self-Consistency Routed Judge,medqa_test,medqa,en,medqa_panel4_150_056,test:1220,1220,hard,A,,6,2.0,0.3333333333333333,False,thesis_github/data/evals/failure_prediction/panel150_gpt54nano_delta_ci_plot_v1/panel150_gpt54nano_per_question_method_accuracy_with_difficulty.csv
main_panel150_gpt54nano,Self-Consistency Routed Judge,medqa_test,medqa,en,medqa_panel4_150_068,test:1233,1233,hard,B,,6,0.0,0.0,False,thesis_github/data/evals/failure_prediction/panel150_gpt54nano_delta_ci_plot_v1/panel150_gpt54nano_per_question_method_accuracy_with_difficulty.csv
main_panel150_gpt54nano,Self-Consistency Routed Judge,medqa_test,medqa,en,medqa_panel4_150_019,test:1259,1259,easy,C,,6,6.0,1.0,False,thesis_github/data/evals/failure_prediction/panel150_gpt54nano_delta_ci_plot_v1/panel150_gpt54nano_per_question_method_accuracy_with_difficulty.csv
main_panel150_gpt54nano,Self-Consistency Routed Judge,medqa_test,medqa,en,medqa_panel4_150_020,test:1264,1264,easy,B,,6,6.0,1.0,False,thesis_github/data/evals/failure_prediction/panel150_gpt54nano_delta_ci_plot_v1/panel150_gpt54nano_per_question_method_accuracy_with_difficulty.csv
main_panel150_gpt54nano,Self-Consistency Routed Judge,medqa_test,medqa,en,medqa_panel4_150_069,test:1269,1269,hard,E,,6,6.0,1.0,False,thesis_github/data/evals/failure_prediction/panel150_gpt54nano_delta_ci_plot_v1/panel150_gpt54nano_per_question_method_accuracy_with_difficulty.csv
main_panel150_gpt54nano,Self-Consistency Routed Judge,medqa_test,medqa,en,medqa_panel4_150_070,test:1270,1270,hard,C,,6,0.0,0.0,False,thesis_github/data/evals/failure_prediction/panel150_gpt54nano_delta_ci_plot_v1/panel150_gpt54nano_per_question_method_accuracy_with_difficulty.csv
main_panel150_gpt54nano,Self-Consistency Routed Judge,medqa_test,medqa,en,medqa_panel4_150_021,test:1271,1271,easy,C,,6,6.0,1.0,False,thesis_github/data/evals/failure_prediction/panel150_gpt54nano_delta_ci_plot_v1/panel150_gpt54nano_per_question_method_accuracy_with_difficulty.csv
main_panel150_gpt54nano,Self-Consistency Routed Judge,medqa_test,medqa,en,medqa_panel4_150_071,test:128,128,hard,A,,6,4.0,0.6666666666666666,False,thesis_github/data/evals/failure_prediction/panel150_gpt54nano_delta_ci_plot_v1/panel150_gpt54nano_per_question_method_accuracy_with_difficulty.csv
main_panel150_gpt54nano,Self-Consistency Routed Judge,medqa_test,medqa,en,medqa_panel4_150_022,test:133,133,easy,B,,6,6.0,1.0,False,thesis_github/data/evals/failure_prediction/panel150_gpt54nano_delta_ci_plot_v1/panel150_gpt54nano_per_question_method_accuracy_with_difficulty.csv
main_panel150_gpt54nano,Self-Consistency Routed Judge,medqa_test,medqa,en,medqa_panel4_150_006,test:140,140,easy,D,,6,6.0,1.0,False,thesis_github/data/evals/failure_prediction/panel150_gpt54nano_delta_ci_plot_v1/panel150_gpt54nano_per_question_method_accuracy_with_difficulty.csv
main_panel150_gpt54nano,Self-Consistency Routed Judge,medqa_test,medqa,en,medqa_panel4_150_023,test:144,144,easy,D,,6,6.0,1.0,False,thesis_github/data/evals/failure_prediction/panel150_gpt54nano_delta_ci_plot_v1/panel150_gpt54nano_per_question_method_accuracy_with_difficulty.csv
main_panel150_gpt54nano,Self-Consistency Routed Judge,medqa_test,medqa,en,medqa_panel4_150_072,test:15,15,hard,B,,6,0.0,0.0,False,thesis_github/data/evals/failure_prediction/panel150_gpt54nano_delta_ci_plot_v1/panel150_gpt54nano_per_question_method_accuracy_with_difficulty.csv
main_panel150_gpt54nano,Self-Consistency Routed Judge,medqa_test,medqa,en,medqa_panel4_150_073,test:155,155,hard,E,,6,6.0,1.0,False,thesis_github/data/evals/failure_prediction/panel150_gpt54nano_delta_ci_plot_v1/panel150_gpt54nano_per_question_method_accuracy_with_difficulty.csv
main_panel150_gpt54nano,Self-Consistency Routed Judge,medqa_test,medqa,en,medqa_panel4_150_024,test:161,161,easy,B,,6,6.0,1.0,False,thesis_github/data/evals/failure_prediction/panel150_gpt54nano_delta_ci_plot_v1/panel150_gpt54nano_per_question_method_accuracy_with_difficulty.csv
main_panel150_gpt54nano,Self-Consistency Routed Judge,medqa_test,medqa,en,medqa_panel4_150_025,test:170,170,easy,C,,6,6.0,1.0,False,thesis_github/data/evals/failure_prediction/panel150_gpt54nano_delta_ci_plot_v1/panel150_gpt54nano_per_question_method_accuracy_with_difficulty.csv
main_panel150_gpt54nano,Self-Consistency Routed Judge,medqa_test,medqa,en,medqa_panel4_150_125,test:171,171,medium,D,,6,4.0,0.6666666666666666,False,thesis_github/data/evals/failure_prediction/panel150_gpt54nano_delta_ci_plot_v1/panel150_gpt54nano_per_question_method_accuracy_with_difficulty.csv
main_panel150_gpt54nano,Self-Consistency Routed Judge,medqa_test,medqa,en,medqa_panel4_150_126,test:185,185,medium,D,,6,6.0,1.0,False,thesis_github/data/evals/failure_prediction/panel150_gpt54nano_delta_ci_plot_v1/panel150_gpt54nano_per_question_method_accuracy_with_difficulty.csv
main_panel150_gpt54nano,Self-Consistency Routed Judge,medqa_test,medqa,en,medqa_panel4_150_074,test:19,19,hard,E,,6,0.0,0.0,False,thesis_github/data/evals/failure_prediction/panel150_gpt54nano_delta_ci_plot_v1/panel150_gpt54nano_per_question_method_accuracy_with_difficulty.csv
main_panel150_gpt54nano,Self-Consistency Routed Judge,medqa_test,medqa,en,medqa_panel4_150_026,test:192,192,easy,E,,6,6.0,1.0,False,thesis_github/data/evals/failure_prediction/panel150_gpt54nano_delta_ci_plot_v1/panel150_gpt54nano_per_question_method_accuracy_with_difficulty.csv
main_panel150_gpt54nano,Self-Consistency Routed Judge,medqa_test,medqa,en,medqa_panel4_150_105,test:196,196,medium,A,,6,0.0,0.0,False,thesis_github/data/evals/failure_prediction/panel150_gpt54nano_delta_ci_plot_v1/panel150_gpt54nano_per_question_method_accuracy_with_difficulty.csv
main_panel150_gpt54nano,Self-Consistency Routed Judge,medqa_test,medqa,en,medqa_panel4_150_106,test:198,198,medium,E,,6,6.0,1.0,False,thesis_github/data/evals/failure_prediction/panel150_gpt54nano_delta_ci_plot_v1/panel150_gpt54nano_per_question_method_accuracy_with_difficulty.csv
main_panel150_gpt54nano,Self-Consistency Routed Judge,medqa_test,medqa,en,medqa_panel4_150_027,test:2,2,easy,C,,6,6.0,1.0,False,thesis_github/data/evals/failure_prediction/panel150_gpt54nano_delta_ci_plot_v1/panel150_gpt54nano_per_question_method_accuracy_with_difficulty.csv
main_panel150_gpt54nano,Self-Consistency Routed Judge,medqa_test,medqa,en,medqa_panel4_150_107,test:204,204,medium,C,,6,6.0,1.0,False,thesis_github/data/evals/failure_prediction/panel150_gpt54nano_delta_ci_plot_v1/panel150_gpt54nano_per_question_method_accuracy_with_difficulty.csv
main_panel150_gpt54nano,Self-Consistency Routed Judge,medqa_test,medqa,en,medqa_panel4_150_075,test:211,211,hard,B,,6,0.0,0.0,False,thesis_github/data/evals/failure_prediction/panel150_gpt54nano_delta_ci_plot_v1/panel150_gpt54nano_per_question_method_accuracy_with_difficulty.csv
main_panel150_gpt54nano,Self-Consistency Routed Judge,medqa_test,medqa,en,medqa_panel4_150_028,test:232,232,easy,D,,6,6.0,1.0,False,thesis_github/data/evals/failure_prediction/panel150_gpt54nano_delta_ci_plot_v1/panel150_gpt54nano_per_question_method_accuracy_with_difficulty.csv
main_panel150_gpt54nano,Self-Consistency Routed Judge,medqa_test,medqa,en,medqa_panel4_150_127,test:241,241,medium,B,,6,6.0,1.0,False,thesis_github/data/evals/failure_prediction/panel150_gpt54nano_delta_ci_plot_v1/panel150_gpt54nano_per_question_method_accuracy_with_difficulty.csv
main_panel150_gpt54nano,Self-Consistency Routed Judge,medqa_test,medqa,en,medqa_panel4_150_076,test:250,250,hard,A,,6,0.0,0.0,False,thesis_github/data/evals/failure_prediction/panel150_gpt54nano_delta_ci_plot_v1/panel150_gpt54nano_per_question_method_accuracy_with_difficulty.csv
main_panel150_gpt54nano,Self-Consistency Routed Judge,medqa_test,medqa,en,medqa_panel4_150_029,test:260,260,easy,C,,6,6.0,1.0,False,thesis_github/data/evals/failure_prediction/panel150_gpt54nano_delta_ci_plot_v1/panel150_gpt54nano_per_question_method_accuracy_with_difficulty.csv
main_panel150_gpt54nano,Self-Consistency Routed Judge,medqa_test,medqa,en,medqa_panel4_150_030,test:261,261,easy,C,,6,6.0,1.0,False,thesis_github/data/evals/failure_prediction/panel150_gpt54nano_delta_ci_plot_v1/panel150_gpt54nano_per_question_method_accuracy_with_difficulty.csv
main_panel150_gpt54nano,Self-Consistency Routed Judge,medqa_test,medqa,en,medqa_panel4_150_077,test:271,271,hard,B,,6,3.0,0.5,False,thesis_github/data/evals/failure_prediction/panel150_gpt54nano_delta_ci_plot_v1/panel150_gpt54nano_per_question_method_accuracy_with_difficulty.csv
main_panel150_gpt54nano,Self-Consistency Routed Judge,medqa_test,medqa,en,medqa_panel4_150_031,test:279,279,easy,B,,6,6.0,1.0,False,thesis_github/data/evals/failure_prediction/panel150_gpt54nano_delta_ci_plot_v1/panel150_gpt54nano_per_question_method_accuracy_with_difficulty.csv
main_panel150_gpt54nano,Self-Consistency Routed Judge,medqa_test,medqa,en,medqa_panel4_150_078,test:285,285,hard,D,,6,0.0,0.0,False,thesis_github/data/evals/failure_prediction/panel150_gpt54nano_delta_ci_plot_v1/panel150_gpt54nano_per_question_method_accuracy_with_difficulty.csv
main_panel150_gpt54nano,Self-Consistency Routed Judge,medqa_test,medqa,en,medqa_panel4_150_079,test:29,29,hard,D,,6,0.0,0.0,False,thesis_github/data/evals/failure_prediction/panel150_gpt54nano_delta_ci_plot_v1/panel150_gpt54nano_per_question_method_accuracy_with_difficulty.csv
main_panel150_gpt54nano,Self-Consistency Routed Judge,medqa_test,medqa,en,medqa_panel4_150_032,test:316,316,easy,A,,6,6.0,1.0,False,thesis_github/data/evals/failure_prediction/panel150_gpt54nano_delta_ci_plot_v1/panel150_gpt54nano_per_question_method_accuracy_with_difficulty.csv
main_panel150_gpt54nano,Self-Consistency Routed Judge,medqa_test,medqa,en,medqa_panel4_150_128,test:326,326,medium,B,,6,6.0,1.0,False,thesis_github/data/evals/failure_prediction/panel150_gpt54nano_delta_ci_plot_v1/panel150_gpt54nano_per_question_method_accuracy_with_difficulty.csv
main_panel150_gpt54nano,Self-Consistency Routed Judge,medqa_test,medqa,en,medqa_panel4_150_080,test:337,337,hard,C,,6,0.9999999999999996,0.1666666666666666,False,thesis_github/data/evals/failure_prediction/panel150_gpt54nano_delta_ci_plot_v1/panel150_gpt54nano_per_question_method_accuracy_with_difficulty.csv
main_panel150_gpt54nano,Self-Consistency Routed Judge,medqa_test,medqa,en,medqa_panel4_150_129,test:345,345,medium,C,,6,6.0,1.0,False,thesis_github/data/evals/failure_prediction/panel150_gpt54nano_delta_ci_plot_v1/panel150_gpt54nano_per_question_method_accuracy_with_difficulty.csv
main_panel150_gpt54nano,Self-Consistency Routed Judge,medqa_test,medqa,en,medqa_panel4_150_007,test:356,356,easy,A,,6,6.0,1.0,False,thesis_github/data/evals/failure_prediction/panel150_gpt54nano_delta_ci_plot_v1/panel150_gpt54nano_per_question_method_accuracy_with_difficulty.csv
main_panel150_gpt54nano,Self-Consistency Routed Judge,medqa_test,medqa,en,medqa_panel4_150_130,test:358,358,medium,B,,6,6.0,1.0,False,thesis_github/data/evals/failure_prediction/panel150_gpt54nano_delta_ci_plot_v1/panel150_gpt54nano_per_question_method_accuracy_with_difficulty.csv
main_panel150_gpt54nano,Self-Consistency Routed Judge,medqa_test,medqa,en,medqa_panel4_150_108,test:36,36,medium,E,,6,6.0,1.0,False,thesis_github/data/evals/failure_prediction/panel150_gpt54nano_delta_ci_plot_v1/panel150_gpt54nano_per_question_method_accuracy_with_difficulty.csv
main_panel150_gpt54nano,Self-Consistency Routed Judge,medqa_test,medqa,en,medqa_panel4_150_131,test:372,372,medium,E,,6,6.0,1.0,False,thesis_github/data/evals/failure_prediction/panel150_gpt54nano_delta_ci_plot_v1/panel150_gpt54nano_per_question_method_accuracy_with_difficulty.csv
main_panel150_gpt54nano,Self-Consistency Routed Judge,medqa_test,medqa,en,medqa_panel4_150_033,test:374,374,easy,D,,6,6.0,1.0,False,thesis_github/data/evals/failure_prediction/panel150_gpt54nano_delta_ci_plot_v1/panel150_gpt54nano_per_question_method_accuracy_with_difficulty.csv
main_panel150_gpt54nano,Self-Consistency Routed Judge,medqa_test,medqa,en,medqa_panel4_150_034,test:387,387,easy,B,,6,6.0,1.0,False,thesis_github/data/evals/failure_prediction/panel150_gpt54nano_delta_ci_plot_v1/panel150_gpt54nano_per_question_method_accuracy_with_difficulty.csv
main_panel150_gpt54nano,Self-Consistency Routed Judge,medqa_test,medqa,en,medqa_panel4_150_008,test:400,400,easy,B,,6,6.0,1.0,False,thesis_github/data/evals/failure_prediction/panel150_gpt54nano_delta_ci_plot_v1/panel150_gpt54nano_per_question_method_accuracy_with_difficulty.csv
main_panel150_gpt54nano,Self-Consistency Routed Judge,medqa_test,medqa,en,medqa_panel4_150_132,test:401,401,medium,C,,6,5.0,0.8333333333333334,False,thesis_github/data/evals/failure_prediction/panel150_gpt54nano_delta_ci_plot_v1/panel150_gpt54nano_per_question_method_accuracy_with_difficulty.csv
main_panel150_gpt54nano,Self-Consistency Routed Judge,medqa_test,medqa,en,medqa_panel4_150_081,test:413,413,hard,B,,6,6.0,1.0,False,thesis_github/data/evals/failure_prediction/panel150_gpt54nano_delta_ci_plot_v1/panel150_gpt54nano_per_question_method_accuracy_with_difficulty.csv
main_panel150_gpt54nano,Self-Consistency Routed Judge,medqa_test,medqa,en,medqa_panel4_150_133,test:42,42,medium,A,,6,6.0,1.0,False,thesis_github/data/evals/failure_prediction/panel150_gpt54nano_delta_ci_plot_v1/panel150_gpt54nano_per_question_method_accuracy_with_difficulty.csv
main_panel150_gpt54nano,Self-Consistency Routed Judge,medqa_test,medqa,en,medqa_panel4_150_134,test:422,422,medium,A,,6,6.0,1.0,False,thesis_github/data/evals/failure_prediction/panel150_gpt54nano_delta_ci_plot_v1/panel150_gpt54nano_per_question_method_accuracy_with_difficulty.csv
main_panel150_gpt54nano,Self-Consistency Routed Judge,medqa_test,medqa,en,medqa_panel4_150_082,test:423,423,hard,E,,6,0.0,0.0,False,thesis_github/data/evals/failure_prediction/panel150_gpt54nano_delta_ci_plot_v1/panel150_gpt54nano_per_question_method_accuracy_with_difficulty.csv
main_panel150_gpt54nano,Self-Consistency Routed Judge,medqa_test,medqa,en,medqa_panel4_150_109,test:425,425,medium,C,,6,0.0,0.0,False,thesis_github/data/evals/failure_prediction/panel150_gpt54nano_delta_ci_plot_v1/panel150_gpt54nano_per_question_method_accuracy_with_difficulty.csv
main_panel150_gpt54nano,Self-Consistency Routed Judge,medqa_test,medqa,en,medqa_panel4_150_009,test:436,436,easy,C,,6,6.0,1.0,False,thesis_github/data/evals/failure_prediction/panel150_gpt54nano_delta_ci_plot_v1/panel150_gpt54nano_per_question_method_accuracy_with_difficulty.csv
main_panel150_gpt54nano,Self-Consistency Routed Judge,medqa_test,medqa,en,medqa_panel4_150_083,test:44,44,hard,B,,6,6.0,1.0,False,thesis_github/data/evals/failure_prediction/panel150_gpt54nano_delta_ci_plot_v1/panel150_gpt54nano_per_question_method_accuracy_with_difficulty.csv
main_panel150_gpt54nano,Self-Consistency Routed Judge,medqa_test,medqa,en,medqa_panel4_150_010,test:451,451,easy,E,,6,6.0,1.0,False,thesis_github/data/evals/failure_prediction/panel150_gpt54nano_delta_ci_plot_v1/panel150_gpt54nano_per_question_method_accuracy_with_difficulty.csv
main_panel150_gpt54nano,Self-Consistency Routed Judge,medqa_test,medqa,en,medqa_panel4_150_057,test:452,452,hard,C,,6,5.0,0.8333333333333334,False,thesis_github/data/evals/failure_prediction/panel150_gpt54nano_delta_ci_plot_v1/panel150_gpt54nano_per_question_method_accuracy_with_difficulty.csv
main_panel150_gpt54nano,Self-Consistency Routed Judge,medqa_test,medqa,en,medqa_panel4_150_135,test:460,460,medium,A,,6,6.0,1.0,False,thesis_github/data/evals/failure_prediction/panel150_gpt54nano_delta_ci_plot_v1/panel150_gpt54nano_per_question_method_accuracy_with_difficulty.csv
main_panel150_gpt54nano,Self-Consistency Routed Judge,medqa_test,medqa,en,medqa_panel4_150_084,test:461,461,hard,D,,6,3.0,0.5,False,thesis_github/data/evals/failure_prediction/panel150_gpt54nano_delta_ci_plot_v1/panel150_gpt54nano_per_question_method_accuracy_with_difficulty.csv
main_panel150_gpt54nano,Self-Consistency Routed Judge,medqa_test,medqa,en,medqa_panel4_150_136,test:471,471,medium,D,,6,4.0,0.6666666666666666,False,thesis_github/data/evals/failure_prediction/panel150_gpt54nano_delta_ci_plot_v1/panel150_gpt54nano_per_question_method_accuracy_with_difficulty.csv
main_panel150_gpt54nano,Self-Consistency Routed Judge,medqa_test,medqa,en,medqa_panel4_150_058,test:480,480,hard,B,,6,4.0,0.6666666666666666,False,thesis_github/data/evals/failure_prediction/panel150_gpt54nano_delta_ci_plot_v1/panel150_gpt54nano_per_question_method_accuracy_with_difficulty.csv
main_panel150_gpt54nano,Self-Consistency Routed Judge,medqa_test,medqa,en,medqa_panel4_150_085,test:483,483,hard,D,,6,0.0,0.0,False,thesis_github/data/evals/failure_prediction/panel150_gpt54nano_delta_ci_plot_v1/panel150_gpt54nano_per_question_method_accuracy_with_difficulty.csv
main_panel150_gpt54nano,Self-Consistency Routed Judge,medqa_test,medqa,en,medqa_panel4_150_137,test:486,486,medium,C,,6,6.0,1.0,False,thesis_github/data/evals/failure_prediction/panel150_gpt54nano_delta_ci_plot_v1/panel150_gpt54nano_per_question_method_accuracy_with_difficulty.csv
main_panel150_gpt54nano,Self-Consistency Routed Judge,medqa_test,medqa,en,medqa_panel4_150_011,test:488,488,easy,A,,6,6.0,1.0,False,thesis_github/data/evals/failure_prediction/panel150_gpt54nano_delta_ci_plot_v1/panel150_gpt54nano_per_question_method_accuracy_with_difficulty.csv
main_panel150_gpt54nano,Self-Consistency Routed Judge,medqa_test,medqa,en,medqa_panel4_150_086,test:5,5,hard,E,,6,0.0,0.0,False,thesis_github/data/evals/failure_prediction/panel150_gpt54nano_delta_ci_plot_v1/panel150_gpt54nano_per_question_method_accuracy_with_difficulty.csv
main_panel150_gpt54nano,Self-Consistency Routed Judge,medqa_test,medqa,en,medqa_panel4_150_035,test:504,504,easy,C,,6,6.0,1.0,False,thesis_github/data/evals/failure_prediction/panel150_gpt54nano_delta_ci_plot_v1/panel150_gpt54nano_per_question_method_accuracy_with_difficulty.csv
main_panel150_gpt54nano,Self-Consistency Routed Judge,medqa_test,medqa,en,medqa_panel4_150_036,test:51,51,easy,A,,6,6.0,1.0,False,thesis_github/data/evals/failure_prediction/panel150_gpt54nano_delta_ci_plot_v1/panel150_gpt54nano_per_question_method_accuracy_with_difficulty.csv
main_panel150_gpt54nano,Self-Consistency Routed Judge,medqa_test,medqa,en,medqa_panel4_150_087,test:514,514,hard,B,,6,0.0,0.0,False,thesis_github/data/evals/failure_prediction/panel150_gpt54nano_delta_ci_plot_v1/panel150_gpt54nano_per_question_method_accuracy_with_difficulty.csv
main_panel150_gpt54nano,Self-Consistency Routed Judge,medqa_test,medqa,en,medqa_panel4_150_110,test:524,524,medium,B,,6,6.0,1.0,False,thesis_github/data/evals/failure_prediction/panel150_gpt54nano_delta_ci_plot_v1/panel150_gpt54nano_per_question_method_accuracy_with_difficulty.csv
main_panel150_gpt54nano,Self-Consistency Routed Judge,medqa_test,medqa,en,medqa_panel4_150_037,test:528,528,easy,D,,6,6.0,1.0,False,thesis_github/data/evals/failure_prediction/panel150_gpt54nano_delta_ci_plot_v1/panel150_gpt54nano_per_question_method_accuracy_with_difficulty.csv
main_panel150_gpt54nano,Self-Consistency Routed Judge,medqa_test,medqa,en,medqa_panel4_150_138,test:550,550,medium,A,,6,4.0,0.6666666666666666,False,thesis_github/data/evals/failure_prediction/panel150_gpt54nano_delta_ci_plot_v1/panel150_gpt54nano_per_question_method_accuracy_with_difficulty.csv
main_panel150_gpt54nano,Self-Consistency Routed Judge,medqa_test,medqa,en,medqa_panel4_150_059,test:564,564,hard,A,,6,0.0,0.0,False,thesis_github/data/evals/failure_prediction/panel150_gpt54nano_delta_ci_plot_v1/panel150_gpt54nano_per_question_method_accuracy_with_difficulty.csv
main_panel150_gpt54nano,Self-Consistency Routed Judge,medqa_test,medqa,en,medqa_panel4_150_038,test:578,578,easy,B,,6,6.0,1.0,False,thesis_github/data/evals/failure_prediction/panel150_gpt54nano_delta_ci_plot_v1/panel150_gpt54nano_per_question_method_accuracy_with_difficulty.csv
main_panel150_gpt54nano,Self-Consistency Routed Judge,medqa_test,medqa,en,medqa_panel4_150_139,test:581,581,medium,D,,6,6.0,1.0,False,thesis_github/data/evals/failure_prediction/panel150_gpt54nano_delta_ci_plot_v1/panel150_gpt54nano_per_question_method_accuracy_with_difficulty.csv
main_panel150_gpt54nano,Self-Consistency Routed Judge,medqa_test,medqa,en,medqa_panel4_150_060,test:583,583,hard,E,,6,0.0,0.0,False,thesis_github/data/evals/failure_prediction/panel150_gpt54nano_delta_ci_plot_v1/panel150_gpt54nano_per_question_method_accuracy_with_difficulty.csv
main_panel150_gpt54nano,Self-Consistency Routed Judge,medqa_test,medqa,en,medqa_panel4_150_088,test:587,587,hard,E,,6,0.0,0.0,False,thesis_github/data/evals/failure_prediction/panel150_gpt54nano_delta_ci_plot_v1/panel150_gpt54nano_per_question_method_accuracy_with_difficulty.csv
main_panel150_gpt54nano,Self-Consistency Routed Judge,medqa_test,medqa,en,medqa_panel4_150_140,test:594,594,medium,D,,6,6.0,1.0,False,thesis_github/data/evals/failure_prediction/panel150_gpt54nano_delta_ci_plot_v1/panel150_gpt54nano_per_question_method_accuracy_with_difficulty.csv
main_panel150_gpt54nano,Self-Consistency Routed Judge,medqa_test,medqa,en,medqa_panel4_150_089,test:616,616,hard,E,,6,6.0,1.0,False,thesis_github/data/evals/failure_prediction/panel150_gpt54nano_delta_ci_plot_v1/panel150_gpt54nano_per_question_method_accuracy_with_difficulty.csv
main_panel150_gpt54nano,Self-Consistency Routed Judge,medqa_test,medqa,en,medqa_panel4_150_039,test:628,628,easy,C,,6,6.0,1.0,False,thesis_github/data/evals/failure_prediction/panel150_gpt54nano_delta_ci_plot_v1/panel150_gpt54nano_per_question_method_accuracy_with_difficulty.csv
main_panel150_gpt54nano,Self-Consistency Routed Judge,medqa_test,medqa,en,medqa_panel4_150_090,test:634,634,hard,A,,6,3.0,0.5,False,thesis_github/data/evals/failure_prediction/panel150_gpt54nano_delta_ci_plot_v1/panel150_gpt54nano_per_question_method_accuracy_with_difficulty.csv
main_panel150_gpt54nano,Self-Consistency Routed Judge,medqa_test,medqa,en,medqa_panel4_150_061,test:64,64,hard,A,,6,2.0,0.3333333333333333,False,thesis_github/data/evals/failure_prediction/panel150_gpt54nano_delta_ci_plot_v1/panel150_gpt54nano_per_question_method_accuracy_with_difficulty.csv
main_panel150_gpt54nano,Self-Consistency Routed Judge,medqa_test,medqa,en,medqa_panel4_150_141,test:652,652,medium,D,,6,6.0,1.0,False,thesis_github/data/evals/failure_prediction/panel150_gpt54nano_delta_ci_plot_v1/panel150_gpt54nano_per_question_method_accuracy_with_difficulty.csv
main_panel150_gpt54nano,Self-Consistency Routed Judge,medqa_test,medqa,en,medqa_panel4_150_012,test:655,655,easy,B,,6,6.0,1.0,False,thesis_github/data/evals/failure_prediction/panel150_gpt54nano_delta_ci_plot_v1/panel150_gpt54nano_per_question_method_accuracy_with_difficulty.csv
main_panel150_gpt54nano,Self-Consistency Routed Judge,medqa_test,medqa,en,medqa_panel4_150_091,test:659,659,hard,D,,6,3.0,0.5,False,thesis_github/data/evals/failure_prediction/panel150_gpt54nano_delta_ci_plot_v1/panel150_gpt54nano_per_question_method_accuracy_with_difficulty.csv
main_panel150_gpt54nano,Self-Consistency Routed Judge,medqa_test,medqa,en,medqa_panel4_150_040,test:66,66,easy,D,,6,6.0,1.0,False,thesis_github/data/evals/failure_prediction/panel150_gpt54nano_delta_ci_plot_v1/panel150_gpt54nano_per_question_method_accuracy_with_difficulty.csv
main_panel150_gpt54nano,Self-Consistency Routed Judge,medqa_test,medqa,en,medqa_panel4_150_111,test:673,673,medium,E,,6,6.0,1.0,False,thesis_github/data/evals/failure_prediction/panel150_gpt54nano_delta_ci_plot_v1/panel150_gpt54nano_per_question_method_accuracy_with_difficulty.csv
main_panel150_gpt54nano,Self-Consistency Routed Judge,medqa_test,medqa,en,medqa_panel4_150_092,test:677,677,hard,A,,6,3.0,0.5,False,thesis_github/data/evals/failure_prediction/panel150_gpt54nano_delta_ci_plot_v1/panel150_gpt54nano_per_question_method_accuracy_with_difficulty.csv
main_panel150_gpt54nano,Self-Consistency Routed Judge,medqa_test,medqa,en,medqa_panel4_150_112,test:679,679,medium,C,,6,3.0,0.5,False,thesis_github/data/evals/failure_prediction/panel150_gpt54nano_delta_ci_plot_v1/panel150_gpt54nano_per_question_method_accuracy_with_difficulty.csv
main_panel150_gpt54nano,Self-Consistency Routed Judge,medqa_test,medqa,en,medqa_panel4_150_041,test:684,684,easy,B,,6,6.0,1.0,False,thesis_github/data/evals/failure_prediction/panel150_gpt54nano_delta_ci_plot_v1/panel150_gpt54nano_per_question_method_accuracy_with_difficulty.csv
main_panel150_gpt54nano,Self-Consistency Routed Judge,medqa_test,medqa,en,medqa_panel4_150_062,test:69,69,hard,A,,6,0.0,0.0,False,thesis_github/data/evals/failure_prediction/panel150_gpt54nano_delta_ci_plot_v1/panel150_gpt54nano_per_question_method_accuracy_with_difficulty.csv
main_panel150_gpt54nano,Self-Consistency Routed Judge,medqa_test,medqa,en,medqa_panel4_150_142,test:691,691,medium,C,,6,6.0,1.0,False,thesis_github/data/evals/failure_prediction/panel150_gpt54nano_delta_ci_plot_v1/panel150_gpt54nano_per_question_method_accuracy_with_difficulty.csv
main_panel150_gpt54nano,Self-Consistency Routed Judge,medqa_test,medqa,en,medqa_panel4_150_042,test:704,704,easy,E,,6,6.0,1.0,False,thesis_github/data/evals/failure_prediction/panel150_gpt54nano_delta_ci_plot_v1/panel150_gpt54nano_per_question_method_accuracy_with_difficulty.csv
main_panel150_gpt54nano,Self-Consistency Routed Judge,medqa_test,medqa,en,medqa_panel4_150_093,test:706,706,hard,C,,6,0.0,0.0,False,thesis_github/data/evals/failure_prediction/panel150_gpt54nano_delta_ci_plot_v1/panel150_gpt54nano_per_question_method_accuracy_with_difficulty.csv
main_panel150_gpt54nano,Self-Consistency Routed Judge,medqa_test,medqa,en,medqa_panel4_150_043,test:729,729,easy,D,,6,6.0,1.0,False,thesis_github/data/evals/failure_prediction/panel150_gpt54nano_delta_ci_plot_v1/panel150_gpt54nano_per_question_method_accuracy_with_difficulty.csv
main_panel150_gpt54nano,Self-Consistency Routed Judge,medqa_test,medqa,en,medqa_panel4_150_143,test:745,745,medium,A,,6,6.0,1.0,False,thesis_github/data/evals/failure_prediction/panel150_gpt54nano_delta_ci_plot_v1/panel150_gpt54nano_per_question_method_accuracy_with_difficulty.csv
main_panel150_gpt54nano,Self-Consistency Routed Judge,medqa_test,medqa,en,medqa_panel4_150_113,test:752,752,medium,C,,6,6.0,1.0,False,thesis_github/data/evals/failure_prediction/panel150_gpt54nano_delta_ci_plot_v1/panel150_gpt54nano_per_question_method_accuracy_with_difficulty.csv
main_panel150_gpt54nano,Self-Consistency Routed Judge,medqa_test,medqa,en,medqa_panel4_150_094,test:755,755,hard,D,,6,0.0,0.0,False,thesis_github/data/evals/failure_prediction/panel150_gpt54nano_delta_ci_plot_v1/panel150_gpt54nano_per_question_method_accuracy_with_difficulty.csv
main_panel150_gpt54nano,Self-Consistency Routed Judge,medqa_test,medqa,en,medqa_panel4_150_114,test:758,758,medium,E,,6,6.0,1.0,False,thesis_github/data/evals/failure_prediction/panel150_gpt54nano_delta_ci_plot_v1/panel150_gpt54nano_per_question_method_accuracy_with_difficulty.csv
main_panel150_gpt54nano,Self-Consistency Routed Judge,medqa_test,medqa,en,medqa_panel4_150_044,test:782,782,easy,E,,6,6.0,1.0,False,thesis_github/data/evals/failure_prediction/panel150_gpt54nano_delta_ci_plot_v1/panel150_gpt54nano_per_question_method_accuracy_with_difficulty.csv
main_panel150_gpt54nano,Self-Consistency Routed Judge,medqa_test,medqa,en,medqa_panel4_150_115,test:798,798,medium,C,,6,6.0,1.0,False,thesis_github/data/evals/failure_prediction/panel150_gpt54nano_delta_ci_plot_v1/panel150_gpt54nano_per_question_method_accuracy_with_difficulty.csv
main_panel150_gpt54nano,Self-Consistency Routed Judge,medqa_test,medqa,en,medqa_panel4_150_013,test:801,801,easy,B,,6,6.0,1.0,False,thesis_github/data/evals/failure_prediction/panel150_gpt54nano_delta_ci_plot_v1/panel150_gpt54nano_per_question_method_accuracy_with_difficulty.csv
main_panel150_gpt54nano,Self-Consistency Routed Judge,medqa_test,medqa,en,medqa_panel4_150_095,test:803,803,hard,B,,6,0.0,0.0,False,thesis_github/data/evals/failure_prediction/panel150_gpt54nano_delta_ci_plot_v1/panel150_gpt54nano_per_question_method_accuracy_with_difficulty.csv
main_panel150_gpt54nano,Self-Consistency Routed Judge,medqa_test,medqa,en,medqa_panel4_150_045,test:804,804,easy,A,,6,6.0,1.0,False,thesis_github/data/evals/failure_prediction/panel150_gpt54nano_delta_ci_plot_v1/panel150_gpt54nano_per_question_method_accuracy_with_difficulty.csv
main_panel150_gpt54nano,Self-Consistency Routed Judge,medqa_test,medqa,en,medqa_panel4_150_096,test:807,807,hard,A,,6,6.0,1.0,False,thesis_github/data/evals/failure_prediction/panel150_gpt54nano_delta_ci_plot_v1/panel150_gpt54nano_per_question_method_accuracy_with_difficulty.csv
main_panel150_gpt54nano,Self-Consistency Routed Judge,medqa_test,medqa,en,medqa_panel4_150_014,test:811,811,easy,E,,6,6.0,1.0,False,thesis_github/data/evals/failure_prediction/panel150_gpt54nano_delta_ci_plot_v1/panel150_gpt54nano_per_question_method_accuracy_with_difficulty.csv
main_panel150_gpt54nano,Self-Consistency Routed Judge,medqa_test,medqa,en,medqa_panel4_150_097,test:829,829,hard,E,,6,0.0,0.0,False,thesis_github/data/evals/failure_prediction/panel150_gpt54nano_delta_ci_plot_v1/panel150_gpt54nano_per_question_method_accuracy_with_difficulty.csv
main_panel150_gpt54nano,Self-Consistency Routed Judge,medqa_test,medqa,en,medqa_panel4_150_046,test:846,846,easy,D,,6,6.0,1.0,False,thesis_github/data/evals/failure_prediction/panel150_gpt54nano_delta_ci_plot_v1/panel150_gpt54nano_per_question_method_accuracy_with_difficulty.csv
main_panel150_gpt54nano,Self-Consistency Routed Judge,medqa_test,medqa,en,medqa_panel4_150_063,test:850,850,hard,C,,6,0.0,0.0,False,thesis_github/data/evals/failure_prediction/panel150_gpt54nano_delta_ci_plot_v1/panel150_gpt54nano_per_question_method_accuracy_with_difficulty.csv
main_panel150_gpt54nano,Self-Consistency Routed Judge,medqa_test,medqa,en,medqa_panel4_150_064,test:856,856,hard,D,,6,0.0,0.0,False,thesis_github/data/evals/failure_prediction/panel150_gpt54nano_delta_ci_plot_v1/panel150_gpt54nano_per_question_method_accuracy_with_difficulty.csv
main_panel150_gpt54nano,Self-Consistency Routed Judge,medqa_test,medqa,en,medqa_panel4_150_015,test:857,857,easy,D,,6,6.0,1.0,False,thesis_github/data/evals/failure_prediction/panel150_gpt54nano_delta_ci_plot_v1/panel150_gpt54nano_per_question_method_accuracy_with_difficulty.csv
main_panel150_gpt54nano,Self-Consistency Routed Judge,medqa_test,medqa,en,medqa_panel4_150_047,test:86,86,easy,C,,6,6.0,1.0,False,thesis_github/data/evals/failure_prediction/panel150_gpt54nano_delta_ci_plot_v1/panel150_gpt54nano_per_question_method_accuracy_with_difficulty.csv
main_panel150_gpt54nano,Self-Consistency Routed Judge,medqa_test,medqa,en,medqa_panel4_150_098,test:880,880,hard,C,,6,2.0,0.3333333333333333,False,thesis_github/data/evals/failure_prediction/panel150_gpt54nano_delta_ci_plot_v1/panel150_gpt54nano_per_question_method_accuracy_with_difficulty.csv
main_panel150_gpt54nano,Self-Consistency Routed Judge,medqa_test,medqa,en,medqa_panel4_150_099,test:885,885,hard,C,,6,3.0,0.5,False,thesis_github/data/evals/failure_prediction/panel150_gpt54nano_delta_ci_plot_v1/panel150_gpt54nano_per_question_method_accuracy_with_difficulty.csv
main_panel150_gpt54nano,Self-Consistency Routed Judge,medqa_test,medqa,en,medqa_panel4_150_100,test:887,887,hard,A,,6,0.0,0.0,False,thesis_github/data/evals/failure_prediction/panel150_gpt54nano_delta_ci_plot_v1/panel150_gpt54nano_per_question_method_accuracy_with_difficulty.csv
main_panel150_gpt54nano,Self-Consistency Routed Judge,medqa_test,medqa,en,medqa_panel4_150_144,test:908,908,medium,C,,6,6.0,1.0,False,thesis_github/data/evals/failure_prediction/panel150_gpt54nano_delta_ci_plot_v1/panel150_gpt54nano_per_question_method_accuracy_with_difficulty.csv
main_panel150_gpt54nano,Self-Consistency Routed Judge,medqa_test,medqa,en,medqa_panel4_150_145,test:934,934,medium,B,,6,6.0,1.0,False,thesis_github/data/evals/failure_prediction/panel150_gpt54nano_delta_ci_plot_v1/panel150_gpt54nano_per_question_method_accuracy_with_difficulty.csv
main_panel150_gpt54nano,Self-Consistency Routed Judge,medqa_test,medqa,en,medqa_panel4_150_146,test:936,936,medium,B,,6,6.0,1.0,False,thesis_github/data/evals/failure_prediction/panel150_gpt54nano_delta_ci_plot_v1/panel150_gpt54nano_per_question_method_accuracy_with_difficulty.csv
main_panel150_gpt54nano,Self-Consistency Routed Judge,medqa_test,medqa,en,medqa_panel4_150_147,test:944,944,medium,E,,6,0.0,0.0,False,thesis_github/data/evals/failure_prediction/panel150_gpt54nano_delta_ci_plot_v1/panel150_gpt54nano_per_question_method_accuracy_with_difficulty.csv
main_panel150_gpt54nano,Self-Consistency Routed Judge,medqa_test,medqa,en,medqa_panel4_150_048,test:946,946,easy,D,,6,6.0,1.0,False,thesis_github/data/evals/failure_prediction/panel150_gpt54nano_delta_ci_plot_v1/panel150_gpt54nano_per_question_method_accuracy_with_difficulty.csv
main_panel150_gpt54nano,Self-Consistency Routed Judge,medqa_test,medqa,en,medqa_panel4_150_049,test:956,956,easy,B,,6,6.0,1.0,False,thesis_github/data/evals/failure_prediction/panel150_gpt54nano_delta_ci_plot_v1/panel150_gpt54nano_per_question_method_accuracy_with_difficulty.csv
main_panel150_gpt54nano,Self-Consistency Routed Judge,medqa_test,medqa,en,medqa_panel4_150_148,test:961,961,medium,A,,6,6.0,1.0,False,thesis_github/data/evals/failure_prediction/panel150_gpt54nano_delta_ci_plot_v1/panel150_gpt54nano_per_question_method_accuracy_with_difficulty.csv
main_panel150_gpt54nano,Self-Consistency Routed Judge,medqa_test,medqa,en,medqa_panel4_150_149,test:980,980,medium,C,,6,6.0,1.0,False,thesis_github/data/evals/failure_prediction/panel150_gpt54nano_delta_ci_plot_v1/panel150_gpt54nano_per_question_method_accuracy_with_difficulty.csv
main_panel150_gpt54nano,Self-Consistency Routed Judge,medqa_test,medqa,en,medqa_panel4_150_150,test:983,983,medium,D,,6,6.0,1.0,False,thesis_github/data/evals/failure_prediction/panel150_gpt54nano_delta_ci_plot_v1/panel150_gpt54nano_per_question_method_accuracy_with_difficulty.csv
main_panel150_gpt54nano,Self-Consistency Routed Judge,medqa_test,medqa,en,medqa_panel4_150_050,test:991,991,easy,D,,6,6.0,1.0,False,thesis_github/data/evals/failure_prediction/panel150_gpt54nano_delta_ci_plot_v1/panel150_gpt54nano_per_question_method_accuracy_with_difficulty.csv
main_panel150_gpt54nano,Self-Consistency Routed Judge,medqa_test,medqa,en,medqa_panel4_150_065,test:993,993,hard,A,,6,4.0,0.6666666666666666,False,thesis_github/data/evals/failure_prediction/panel150_gpt54nano_delta_ci_plot_v1/panel150_gpt54nano_per_question_method_accuracy_with_difficulty.csv
main_panel150_gpt54nano,Self-Consistency Routed Judge,pna_all,pna,pt,pna_panel4_150_101,pna:2018:part_1A:20,17,medium,A,,6,0.0,0.0,False,thesis_github/data/evals/failure_prediction/panel150_gpt54nano_delta_ci_plot_v1/panel150_gpt54nano_per_question_method_accuracy_with_difficulty.csv
main_panel150_gpt54nano,Self-Consistency Routed Judge,pna_all,pna,pt,pna_panel4_150_001,pna:2018:part_1A:28,25,easy,C,,6,6.0,1.0,False,thesis_github/data/evals/failure_prediction/panel150_gpt54nano_delta_ci_plot_v1/panel150_gpt54nano_per_question_method_accuracy_with_difficulty.csv
main_panel150_gpt54nano,Self-Consistency Routed Judge,pna_all,pna,pt,pna_panel4_150_102,pna:2018:part_1A:3,2,medium,C,,6,0.0,0.0,False,thesis_github/data/evals/failure_prediction/panel150_gpt54nano_delta_ci_plot_v1/panel150_gpt54nano_per_question_method_accuracy_with_difficulty.csv
main_panel150_gpt54nano,Self-Consistency Routed Judge,pna_all,pna,pt,pna_panel4_150_103,pna:2018:part_1A:36,33,medium,D,,6,6.0,1.0,False,thesis_github/data/evals/failure_prediction/panel150_gpt54nano_delta_ci_plot_v1/panel150_gpt54nano_per_question_method_accuracy_with_difficulty.csv
main_panel150_gpt54nano,Self-Consistency Routed Judge,pna_all,pna,pt,pna_panel4_150_051,pna:2018:part_1A:42,39,hard,D,,6,2.0,0.3333333333333333,False,thesis_github/data/evals/failure_prediction/panel150_gpt54nano_delta_ci_plot_v1/panel150_gpt54nano_per_question_method_accuracy_with_difficulty.csv
main_panel150_gpt54nano,Self-Consistency Routed Judge,pna_all,pna,pt,pna_panel4_150_002,pna:2018:part_1A:52,49,easy,D,,6,6.0,1.0,False,thesis_github/data/evals/failure_prediction/panel150_gpt54nano_delta_ci_plot_v1/panel150_gpt54nano_per_question_method_accuracy_with_difficulty.csv
main_panel150_gpt54nano,Self-Consistency Routed Judge,pna_all,pna,pt,pna_panel4_150_052,pna:2018:part_1A:59,56,hard,A,,6,0.0,0.0,False,thesis_github/data/evals/failure_prediction/panel150_gpt54nano_delta_ci_plot_v1/panel150_gpt54nano_per_question_method_accuracy_with_difficulty.csv
main_panel150_gpt54nano,Self-Consistency Routed Judge,pna_all,pna,pt,pna_panel4_150_053,pna:2018:part_1A:6,5,hard,C,,6,0.0,0.0,False,thesis_github/data/evals/failure_prediction/panel150_gpt54nano_delta_ci_plot_v1/panel150_gpt54nano_per_question_method_accuracy_with_difficulty.csv
main_panel150_gpt54nano,Self-Consistency Routed Judge,pna_all,pna,pt,pna_panel4_150_003,pna:2018:part_1A:63,60,easy,E,,6,6.0,1.0,False,thesis_github/data/evals/failure_prediction/panel150_gpt54nano_delta_ci_plot_v1/panel150_gpt54nano_per_question_method_accuracy_with_difficulty.csv
main_panel150_gpt54nano,Self-Consistency Routed Judge,pna_all,pna,pt,pna_panel4_150_004,pna:2018:part_1A:64,61,easy,C,,6,6.0,1.0,False,thesis_github/data/evals/failure_prediction/panel150_gpt54nano_delta_ci_plot_v1/panel150_gpt54nano_per_question_method_accuracy_with_difficulty.csv
main_panel150_gpt54nano,Self-Consistency Routed Judge,pna_all,pna,pt,pna_panel4_150_005,pna:2018:part_1A:68,65,easy,A,,6,6.0,1.0,False,thesis_github/data/evals/failure_prediction/panel150_gpt54nano_delta_ci_plot_v1/panel150_gpt54nano_per_question_method_accuracy_with_difficulty.csv
main_panel150_gpt54nano,Self-Consistency Routed Judge,pna_all,pna,pt,pna_panel4_150_054,pna:2018:part_1A:74,71,hard,E,,6,6.0,1.0,False,thesis_github/data/evals/failure_prediction/panel150_gpt54nano_delta_ci_plot_v1/panel150_gpt54nano_per_question_method_accuracy_with_difficulty.csv
main_panel150_gpt54nano,Self-Consistency Routed Judge,pna_all,pna,pt,pna_panel4_150_006,pna:2018:part_1A:9,8,easy,A,,6,6.0,1.0,False,thesis_github/data/evals/failure_prediction/panel150_gpt54nano_delta_ci_plot_v1/panel150_gpt54nano_per_question_method_accuracy_with_difficulty.csv
main_panel150_gpt54nano,Self-Consistency Routed Judge,pna_all,pna,pt,pna_panel4_150_104,pna:2018:part_2A:109,103,medium,B,,6,6.0,1.0,False,thesis_github/data/evals/failure_prediction/panel150_gpt54nano_delta_ci_plot_v1/panel150_gpt54nano_per_question_method_accuracy_with_difficulty.csv
main_panel150_gpt54nano,Self-Consistency Routed Judge,pna_all,pna,pt,pna_panel4_150_055,pna:2018:part_2A:113,107,hard,E,,6,0.0,0.0,False,thesis_github/data/evals/failure_prediction/panel150_gpt54nano_delta_ci_plot_v1/panel150_gpt54nano_per_question_method_accuracy_with_difficulty.csv
main_panel150_gpt54nano,Self-Consistency Routed Judge,pna_all,pna,pt,pna_panel4_150_105,pna:2018:part_2A:143,136,medium,D,,6,6.0,1.0,False,thesis_github/data/evals/failure_prediction/panel150_gpt54nano_delta_ci_plot_v1/panel150_gpt54nano_per_question_method_accuracy_with_difficulty.csv
main_panel150_gpt54nano,Self-Consistency Routed Judge,pna_all,pna,pt,pna_panel4_150_007,pna:2018:part_2A:144,137,easy,B,,6,6.0,1.0,False,thesis_github/data/evals/failure_prediction/panel150_gpt54nano_delta_ci_plot_v1/panel150_gpt54nano_per_question_method_accuracy_with_difficulty.csv
main_panel150_gpt54nano,Self-Consistency Routed Judge,pna_all,pna,pt,pna_panel4_150_106,pna:2018:part_2A:84,80,medium,A,,6,0.0,0.0,False,thesis_github/data/evals/failure_prediction/panel150_gpt54nano_delta_ci_plot_v1/panel150_gpt54nano_per_question_method_accuracy_with_difficulty.csv
main_panel150_gpt54nano,Self-Consistency Routed Judge,pna_all,pna,pt,pna_panel4_150_107,pna:2018:part_2A:94,89,medium,A,,6,6.0,1.0,False,thesis_github/data/evals/failure_prediction/panel150_gpt54nano_delta_ci_plot_v1/panel150_gpt54nano_per_question_method_accuracy_with_difficulty.csv
main_panel150_gpt54nano,Self-Consistency Routed Judge,pna_all,pna,pt,pna_panel4_150_008,pna:2019:part_1A:11,152,easy,A,,6,6.0,1.0,False,thesis_github/data/evals/failure_prediction/panel150_gpt54nano_delta_ci_plot_v1/panel150_gpt54nano_per_question_method_accuracy_with_difficulty.csv
main_panel150_gpt54nano,Self-Consistency Routed Judge,pna_all,pna,pt,pna_panel4_150_108,pna:2019:part_1A:25,164,medium,D,,6,6.0,1.0,False,thesis_github/data/evals/failure_prediction/panel150_gpt54nano_delta_ci_plot_v1/panel150_gpt54nano_per_question_method_accuracy_with_difficulty.csv
main_panel150_gpt54nano,Self-Consistency Routed Judge,pna_all,pna,pt,pna_panel4_150_056,pna:2019:part_1A:44,182,hard,A,,6,6.0,1.0,False,thesis_github/data/evals/failure_prediction/panel150_gpt54nano_delta_ci_plot_v1/panel150_gpt54nano_per_question_method_accuracy_with_difficulty.csv
main_panel150_gpt54nano,Self-Consistency Routed Judge,pna_all,pna,pt,pna_panel4_150_109,pna:2019:part_1A:45,183,medium,E,,6,6.0,1.0,False,thesis_github/data/evals/failure_prediction/panel150_gpt54nano_delta_ci_plot_v1/panel150_gpt54nano_per_question_method_accuracy_with_difficulty.csv
main_panel150_gpt54nano,Self-Consistency Routed Judge,pna_all,pna,pt,pna_panel4_150_110,pna:2019:part_1A:48,186,medium,C,,6,6.0,1.0,False,thesis_github/data/evals/failure_prediction/panel150_gpt54nano_delta_ci_plot_v1/panel150_gpt54nano_per_question_method_accuracy_with_difficulty.csv
main_panel150_gpt54nano,Self-Consistency Routed Judge,pna_all,pna,pt,pna_panel4_150_111,pna:2019:part_1A:54,192,medium,A,,6,0.0,0.0,False,thesis_github/data/evals/failure_prediction/panel150_gpt54nano_delta_ci_plot_v1/panel150_gpt54nano_per_question_method_accuracy_with_difficulty.csv
main_panel150_gpt54nano,Self-Consistency Routed Judge,pna_all,pna,pt,pna_panel4_150_057,pna:2019:part_1A:75,211,hard,E,,6,2.0,0.3333333333333333,False,thesis_github/data/evals/failure_prediction/panel150_gpt54nano_delta_ci_plot_v1/panel150_gpt54nano_per_question_method_accuracy_with_difficulty.csv
main_panel150_gpt54nano,Self-Consistency Routed Judge,pna_all,pna,pt,pna_panel4_150_009,pna:2019:part_2A:100,236,easy,E,,6,6.0,1.0,False,thesis_github/data/evals/failure_prediction/panel150_gpt54nano_delta_ci_plot_v1/panel150_gpt54nano_per_question_method_accuracy_with_difficulty.csv
main_panel150_gpt54nano,Self-Consistency Routed Judge,pna_all,pna,pt,pna_panel4_150_112,pna:2019:part_2A:102,238,medium,C,,6,6.0,1.0,False,thesis_github/data/evals/failure_prediction/panel150_gpt54nano_delta_ci_plot_v1/panel150_gpt54nano_per_question_method_accuracy_with_difficulty.csv
main_panel150_gpt54nano,Self-Consistency Routed Judge,pna_all,pna,pt,pna_panel4_150_058,pna:2019:part_2A:103,239,hard,C,,6,0.0,0.0,False,thesis_github/data/evals/failure_prediction/panel150_gpt54nano_delta_ci_plot_v1/panel150_gpt54nano_per_question_method_accuracy_with_difficulty.csv
main_panel150_gpt54nano,Self-Consistency Routed Judge,pna_all,pna,pt,pna_panel4_150_010,pna:2019:part_2A:109,245,easy,C,,6,6.0,1.0,False,thesis_github/data/evals/failure_prediction/panel150_gpt54nano_delta_ci_plot_v1/panel150_gpt54nano_per_question_method_accuracy_with_difficulty.csv
main_panel150_gpt54nano,Self-Consistency Routed Judge,pna_all,pna,pt,pna_panel4_150_059,pna:2019:part_2A:122,254,hard,D,,6,0.0,0.0,False,thesis_github/data/evals/failure_prediction/panel150_gpt54nano_delta_ci_plot_v1/panel150_gpt54nano_per_question_method_accuracy_with_difficulty.csv
main_panel150_gpt54nano,Self-Consistency Routed Judge,pna_all,pna,pt,pna_panel4_150_011,pna:2019:part_2A:135,266,easy,B,,6,6.0,1.0,False,thesis_github/data/evals/failure_prediction/panel150_gpt54nano_delta_ci_plot_v1/panel150_gpt54nano_per_question_method_accuracy_with_difficulty.csv
main_panel150_gpt54nano,Self-Consistency Routed Judge,pna_all,pna,pt,pna_panel4_150_012,pna:2019:part_2A:138,269,easy,D,,6,6.0,1.0,False,thesis_github/data/evals/failure_prediction/panel150_gpt54nano_delta_ci_plot_v1/panel150_gpt54nano_per_question_method_accuracy_with_difficulty.csv
main_panel150_gpt54nano,Self-Consistency Routed Judge,pna_all,pna,pt,pna_panel4_150_060,pna:2020:part_1A:10,290,hard,A,,6,0.9999999999999996,0.1666666666666666,False,thesis_github/data/evals/failure_prediction/panel150_gpt54nano_delta_ci_plot_v1/panel150_gpt54nano_per_question_method_accuracy_with_difficulty.csv
main_panel150_gpt54nano,Self-Consistency Routed Judge,pna_all,pna,pt,pna_panel4_150_013,pna:2020:part_1A:14,294,easy,A,,6,6.0,1.0,False,thesis_github/data/evals/failure_prediction/panel150_gpt54nano_delta_ci_plot_v1/panel150_gpt54nano_per_question_method_accuracy_with_difficulty.csv
main_panel150_gpt54nano,Self-Consistency Routed Judge,pna_all,pna,pt,pna_panel4_150_014,pna:2020:part_1A:16,296,easy,A,,6,6.0,1.0,False,thesis_github/data/evals/failure_prediction/panel150_gpt54nano_delta_ci_plot_v1/panel150_gpt54nano_per_question_method_accuracy_with_difficulty.csv
main_panel150_gpt54nano,Self-Consistency Routed Judge,pna_all,pna,pt,pna_panel4_150_061,pna:2020:part_1A:2,282,hard,A,,6,0.0,0.0,False,thesis_github/data/evals/failure_prediction/panel150_gpt54nano_delta_ci_plot_v1/panel150_gpt54nano_per_question_method_accuracy_with_difficulty.csv
main_panel150_gpt54nano,Self-Consistency Routed Judge,pna_all,pna,pt,pna_panel4_150_113,pna:2020:part_1A:21,301,medium,D,,6,0.9999999999999996,0.1666666666666666,False,thesis_github/data/evals/failure_prediction/panel150_gpt54nano_delta_ci_plot_v1/panel150_gpt54nano_per_question_method_accuracy_with_difficulty.csv
main_panel150_gpt54nano,Self-Consistency Routed Judge,pna_all,pna,pt,pna_panel4_150_062,pna:2020:part_1A:27,306,hard,A,,6,0.0,0.0,False,thesis_github/data/evals/failure_prediction/panel150_gpt54nano_delta_ci_plot_v1/panel150_gpt54nano_per_question_method_accuracy_with_difficulty.csv
main_panel150_gpt54nano,Self-Consistency Routed Judge,pna_all,pna,pt,pna_panel4_150_114,pna:2020:part_1A:30,309,medium,A,,6,6.0,1.0,False,thesis_github/data/evals/failure_prediction/panel150_gpt54nano_delta_ci_plot_v1/panel150_gpt54nano_per_question_method_accuracy_with_difficulty.csv
main_panel150_gpt54nano,Self-Consistency Routed Judge,pna_all,pna,pt,pna_panel4_150_015,pna:2020:part_1A:31,310,easy,E,,6,6.0,1.0,False,thesis_github/data/evals/failure_prediction/panel150_gpt54nano_delta_ci_plot_v1/panel150_gpt54nano_per_question_method_accuracy_with_difficulty.csv
main_panel150_gpt54nano,Self-Consistency Routed Judge,pna_all,pna,pt,pna_panel4_150_016,pna:2020:part_1A:52,329,easy,B,,6,6.0,1.0,False,thesis_github/data/evals/failure_prediction/panel150_gpt54nano_delta_ci_plot_v1/panel150_gpt54nano_per_question_method_accuracy_with_difficulty.csv
main_panel150_gpt54nano,Self-Consistency Routed Judge,pna_all,pna,pt,pna_panel4_150_017,pna:2020:part_1A:64,339,easy,A,,6,6.0,1.0,False,thesis_github/data/evals/failure_prediction/panel150_gpt54nano_delta_ci_plot_v1/panel150_gpt54nano_per_question_method_accuracy_with_difficulty.csv
main_panel150_gpt54nano,Self-Consistency Routed Judge,pna_all,pna,pt,pna_panel4_150_063,pna:2020:part_1A:70,345,hard,D,,6,0.0,0.0,False,thesis_github/data/evals/failure_prediction/panel150_gpt54nano_delta_ci_plot_v1/panel150_gpt54nano_per_question_method_accuracy_with_difficulty.csv
main_panel150_gpt54nano,Self-Consistency Routed Judge,pna_all,pna,pt,pna_panel4_150_018,pna:2020:part_1A:73,348,easy,B,,6,6.0,1.0,False,thesis_github/data/evals/failure_prediction/panel150_gpt54nano_delta_ci_plot_v1/panel150_gpt54nano_per_question_method_accuracy_with_difficulty.csv
main_panel150_gpt54nano,Self-Consistency Routed Judge,pna_all,pna,pt,pna_panel4_150_019,pna:2020:part_1A:9,289,easy,D,,6,6.0,1.0,False,thesis_github/data/evals/failure_prediction/panel150_gpt54nano_delta_ci_plot_v1/panel150_gpt54nano_per_question_method_accuracy_with_difficulty.csv
main_panel150_gpt54nano,Self-Consistency Routed Judge,pna_all,pna,pt,pna_panel4_150_064,pna:2020:part_2A:105,377,hard,C,,6,0.0,0.0,False,thesis_github/data/evals/failure_prediction/panel150_gpt54nano_delta_ci_plot_v1/panel150_gpt54nano_per_question_method_accuracy_with_difficulty.csv
main_panel150_gpt54nano,Self-Consistency Routed Judge,pna_all,pna,pt,pna_panel4_150_020,pna:2020:part_2A:123,394,easy,B,,6,6.0,1.0,False,thesis_github/data/evals/failure_prediction/panel150_gpt54nano_delta_ci_plot_v1/panel150_gpt54nano_per_question_method_accuracy_with_difficulty.csv
main_panel150_gpt54nano,Self-Consistency Routed Judge,pna_all,pna,pt,pna_panel4_150_115,pna:2020:part_2A:130,400,medium,A,,6,6.0,1.0,False,thesis_github/data/evals/failure_prediction/panel150_gpt54nano_delta_ci_plot_v1/panel150_gpt54nano_per_question_method_accuracy_with_difficulty.csv
main_panel150_gpt54nano,Self-Consistency Routed Judge,pna_all,pna,pt,pna_panel4_150_021,pna:2020:part_2A:94,367,easy,B,,6,6.0,1.0,False,thesis_github/data/evals/failure_prediction/panel150_gpt54nano_delta_ci_plot_v1/panel150_gpt54nano_per_question_method_accuracy_with_difficulty.csv
main_panel150_gpt54nano,Self-Consistency Routed Judge,pna_all,pna,pt,pna_panel4_150_065,pna:2021:part_1A:18,437,hard,D,,6,2.0,0.3333333333333333,False,thesis_github/data/evals/failure_prediction/panel150_gpt54nano_delta_ci_plot_v1/panel150_gpt54nano_per_question_method_accuracy_with_difficulty.csv
main_panel150_gpt54nano,Self-Consistency Routed Judge,pna_all,pna,pt,pna_panel4_150_022,pna:2021:part_1A:22,441,easy,E,,6,6.0,1.0,False,thesis_github/data/evals/failure_prediction/panel150_gpt54nano_delta_ci_plot_v1/panel150_gpt54nano_per_question_method_accuracy_with_difficulty.csv
main_panel150_gpt54nano,Self-Consistency Routed Judge,pna_all,pna,pt,pna_panel4_150_116,pna:2021:part_1A:26,445,medium,E,,6,6.0,1.0,False,thesis_github/data/evals/failure_prediction/panel150_gpt54nano_delta_ci_plot_v1/panel150_gpt54nano_per_question_method_accuracy_with_difficulty.csv
main_panel150_gpt54nano,Self-Consistency Routed Judge,pna_all,pna,pt,pna_panel4_150_023,pna:2021:part_1A:30,449,easy,A,,6,6.0,1.0,False,thesis_github/data/evals/failure_prediction/panel150_gpt54nano_delta_ci_plot_v1/panel150_gpt54nano_per_question_method_accuracy_with_difficulty.csv
main_panel150_gpt54nano,Self-Consistency Routed Judge,pna_all,pna,pt,pna_panel4_150_117,pna:2021:part_1A:4,423,medium,A,,6,6.0,1.0,False,thesis_github/data/evals/failure_prediction/panel150_gpt54nano_delta_ci_plot_v1/panel150_gpt54nano_per_question_method_accuracy_with_difficulty.csv
main_panel150_gpt54nano,Self-Consistency Routed Judge,pna_all,pna,pt,pna_panel4_150_118,pna:2021:part_1A:44,462,medium,C,,6,6.0,1.0,False,thesis_github/data/evals/failure_prediction/panel150_gpt54nano_delta_ci_plot_v1/panel150_gpt54nano_per_question_method_accuracy_with_difficulty.csv
main_panel150_gpt54nano,Self-Consistency Routed Judge,pna_all,pna,pt,pna_panel4_150_066,pna:2021:part_1A:46,464,hard,C,,6,0.0,0.0,False,thesis_github/data/evals/failure_prediction/panel150_gpt54nano_delta_ci_plot_v1/panel150_gpt54nano_per_question_method_accuracy_with_difficulty.csv
main_panel150_gpt54nano,Self-Consistency Routed Judge,pna_all,pna,pt,pna_panel4_150_067,pna:2021:part_1A:5,424,hard,D,,6,0.0,0.0,False,thesis_github/data/evals/failure_prediction/panel150_gpt54nano_delta_ci_plot_v1/panel150_gpt54nano_per_question_method_accuracy_with_difficulty.csv
main_panel150_gpt54nano,Self-Consistency Routed Judge,pna_all,pna,pt,pna_panel4_150_119,pna:2021:part_1A:57,474,medium,C,,6,6.0,1.0,False,thesis_github/data/evals/failure_prediction/panel150_gpt54nano_delta_ci_plot_v1/panel150_gpt54nano_per_question_method_accuracy_with_difficulty.csv
main_panel150_gpt54nano,Self-Consistency Routed Judge,pna_all,pna,pt,pna_panel4_150_024,pna:2021:part_1A:60,477,easy,E,,6,6.0,1.0,False,thesis_github/data/evals/failure_prediction/panel150_gpt54nano_delta_ci_plot_v1/panel150_gpt54nano_per_question_method_accuracy_with_difficulty.csv
main_panel150_gpt54nano,Self-Consistency Routed Judge,pna_all,pna,pt,pna_panel4_150_068,pna:2021:part_1A:61,478,hard,D,,6,5.0,0.8333333333333334,False,thesis_github/data/evals/failure_prediction/panel150_gpt54nano_delta_ci_plot_v1/panel150_gpt54nano_per_question_method_accuracy_with_difficulty.csv
main_panel150_gpt54nano,Self-Consistency Routed Judge,pna_all,pna,pt,pna_panel4_150_025,pna:2021:part_1A:66,483,easy,B,,6,6.0,1.0,False,thesis_github/data/evals/failure_prediction/panel150_gpt54nano_delta_ci_plot_v1/panel150_gpt54nano_per_question_method_accuracy_with_difficulty.csv
main_panel150_gpt54nano,Self-Consistency Routed Judge,pna_all,pna,pt,pna_panel4_150_069,pna:2021:part_1A:68,485,hard,C,,6,0.0,0.0,False,thesis_github/data/evals/failure_prediction/panel150_gpt54nano_delta_ci_plot_v1/panel150_gpt54nano_per_question_method_accuracy_with_difficulty.csv
main_panel150_gpt54nano,Self-Consistency Routed Judge,pna_all,pna,pt,pna_panel4_150_070,pna:2021:part_1A:71,488,hard,A,,6,6.0,1.0,False,thesis_github/data/evals/failure_prediction/panel150_gpt54nano_delta_ci_plot_v1/panel150_gpt54nano_per_question_method_accuracy_with_difficulty.csv
main_panel150_gpt54nano,Self-Consistency Routed Judge,pna_all,pna,pt,pna_panel4_150_071,pna:2021:part_2A:100,514,hard,E,,6,3.0,0.5,False,thesis_github/data/evals/failure_prediction/panel150_gpt54nano_delta_ci_plot_v1/panel150_gpt54nano_per_question_method_accuracy_with_difficulty.csv
main_panel150_gpt54nano,Self-Consistency Routed Judge,pna_all,pna,pt,pna_panel4_150_120,pna:2021:part_2A:105,518,medium,E,,6,6.0,1.0,False,thesis_github/data/evals/failure_prediction/panel150_gpt54nano_delta_ci_plot_v1/panel150_gpt54nano_per_question_method_accuracy_with_difficulty.csv
main_panel150_gpt54nano,Self-Consistency Routed Judge,pna_all,pna,pt,pna_panel4_150_072,pna:2021:part_2A:113,525,hard,A,,6,0.0,0.0,False,thesis_github/data/evals/failure_prediction/panel150_gpt54nano_delta_ci_plot_v1/panel150_gpt54nano_per_question_method_accuracy_with_difficulty.csv
main_panel150_gpt54nano,Self-Consistency Routed Judge,pna_all,pna,pt,pna_panel4_150_073,pna:2021:part_2A:116,528,hard,C,,6,0.0,0.0,False,thesis_github/data/evals/failure_prediction/panel150_gpt54nano_delta_ci_plot_v1/panel150_gpt54nano_per_question_method_accuracy_with_difficulty.csv
main_panel150_gpt54nano,Self-Consistency Routed Judge,pna_all,pna,pt,pna_panel4_150_121,pna:2021:part_2A:118,530,medium,A,,6,5.0,0.8333333333333334,False,thesis_github/data/evals/failure_prediction/panel150_gpt54nano_delta_ci_plot_v1/panel150_gpt54nano_per_question_method_accuracy_with_difficulty.csv
main_panel150_gpt54nano,Self-Consistency Routed Judge,pna_all,pna,pt,pna_panel4_150_026,pna:2021:part_2A:125,537,easy,B,,6,6.0,1.0,False,thesis_github/data/evals/failure_prediction/panel150_gpt54nano_delta_ci_plot_v1/panel150_gpt54nano_per_question_method_accuracy_with_difficulty.csv
main_panel150_gpt54nano,Self-Consistency Routed Judge,pna_all,pna,pt,pna_panel4_150_074,pna:2021:part_2A:129,541,hard,A,,6,0.9999999999999996,0.1666666666666666,False,thesis_github/data/evals/failure_prediction/panel150_gpt54nano_delta_ci_plot_v1/panel150_gpt54nano_per_question_method_accuracy_with_difficulty.csv
main_panel150_gpt54nano,Self-Consistency Routed Judge,pna_all,pna,pt,pna_panel4_150_027,pna:2021:part_2A:137,549,easy,C,,6,6.0,1.0,False,thesis_github/data/evals/failure_prediction/panel150_gpt54nano_delta_ci_plot_v1/panel150_gpt54nano_per_question_method_accuracy_with_difficulty.csv
main_panel150_gpt54nano,Self-Consistency Routed Judge,pna_all,pna,pt,pna_panel4_150_122,pna:2021:part_2A:145,557,medium,E,,6,6.0,1.0,False,thesis_github/data/evals/failure_prediction/panel150_gpt54nano_delta_ci_plot_v1/panel150_gpt54nano_per_question_method_accuracy_with_difficulty.csv
main_panel150_gpt54nano,Self-Consistency Routed Judge,pna_all,pna,pt,pna_panel4_150_123,pna:2021:part_2A:82,498,medium,A,,6,6.0,1.0,False,thesis_github/data/evals/failure_prediction/panel150_gpt54nano_delta_ci_plot_v1/panel150_gpt54nano_per_question_method_accuracy_with_difficulty.csv
main_panel150_gpt54nano,Self-Consistency Routed Judge,pna_all,pna,pt,pna_panel4_150_075,pna:2021:part_2A:90,505,hard,D,,6,0.0,0.0,False,thesis_github/data/evals/failure_prediction/panel150_gpt54nano_delta_ci_plot_v1/panel150_gpt54nano_per_question_method_accuracy_with_difficulty.csv
main_panel150_gpt54nano,Self-Consistency Routed Judge,pna_all,pna,pt,pna_panel4_150_076,pna:2021:part_2A:95,509,hard,B,,6,6.0,1.0,False,thesis_github/data/evals/failure_prediction/panel150_gpt54nano_delta_ci_plot_v1/panel150_gpt54nano_per_question_method_accuracy_with_difficulty.csv
main_panel150_gpt54nano,Self-Consistency Routed Judge,pna_all,pna,pt,pna_panel4_150_077,pna:2022:part_1A:11,571,hard,C,,6,3.0,0.5,False,thesis_github/data/evals/failure_prediction/panel150_gpt54nano_delta_ci_plot_v1/panel150_gpt54nano_per_question_method_accuracy_with_difficulty.csv
main_panel150_gpt54nano,Self-Consistency Routed Judge,pna_all,pna,pt,pna_panel4_150_124,pna:2022:part_1A:15,575,medium,B,,6,0.0,0.0,False,thesis_github/data/evals/failure_prediction/panel150_gpt54nano_delta_ci_plot_v1/panel150_gpt54nano_per_question_method_accuracy_with_difficulty.csv
main_panel150_gpt54nano,Self-Consistency Routed Judge,pna_all,pna,pt,pna_panel4_150_078,pna:2022:part_1A:17,577,hard,D,,6,3.0,0.5,False,thesis_github/data/evals/failure_prediction/panel150_gpt54nano_delta_ci_plot_v1/panel150_gpt54nano_per_question_method_accuracy_with_difficulty.csv
main_panel150_gpt54nano,Self-Consistency Routed Judge,pna_all,pna,pt,pna_panel4_150_125,pna:2022:part_1A:18,578,medium,B,,6,0.0,0.0,False,thesis_github/data/evals/failure_prediction/panel150_gpt54nano_delta_ci_plot_v1/panel150_gpt54nano_per_question_method_accuracy_with_difficulty.csv
main_panel150_gpt54nano,Self-Consistency Routed Judge,pna_all,pna,pt,pna_panel4_150_079,pna:2022:part_1A:19,579,hard,B,,6,0.0,0.0,False,thesis_github/data/evals/failure_prediction/panel150_gpt54nano_delta_ci_plot_v1/panel150_gpt54nano_per_question_method_accuracy_with_difficulty.csv
main_panel150_gpt54nano,Self-Consistency Routed Judge,pna_all,pna,pt,pna_panel4_150_080,pna:2022:part_1A:23,583,hard,E,,6,0.0,0.0,False,thesis_github/data/evals/failure_prediction/panel150_gpt54nano_delta_ci_plot_v1/panel150_gpt54nano_per_question_method_accuracy_with_difficulty.csv
main_panel150_gpt54nano,Self-Consistency Routed Judge,pna_all,pna,pt,pna_panel4_150_028,pna:2022:part_1A:24,584,easy,B,,6,6.0,1.0,False,thesis_github/data/evals/failure_prediction/panel150_gpt54nano_delta_ci_plot_v1/panel150_gpt54nano_per_question_method_accuracy_with_difficulty.csv
main_panel150_gpt54nano,Self-Consistency Routed Judge,pna_all,pna,pt,pna_panel4_150_126,pna:2022:part_1A:25,585,medium,C,,6,6.0,1.0,False,thesis_github/data/evals/failure_prediction/panel150_gpt54nano_delta_ci_plot_v1/panel150_gpt54nano_per_question_method_accuracy_with_difficulty.csv
main_panel150_gpt54nano,Self-Consistency Routed Judge,pna_all,pna,pt,pna_panel4_150_029,pna:2022:part_1A:27,587,easy,B,,6,6.0,1.0,False,thesis_github/data/evals/failure_prediction/panel150_gpt54nano_delta_ci_plot_v1/panel150_gpt54nano_per_question_method_accuracy_with_difficulty.csv
main_panel150_gpt54nano,Self-Consistency Routed Judge,pna_all,pna,pt,pna_panel4_150_127,pna:2022:part_1A:29,589,medium,A,,6,5.0,0.8333333333333334,False,thesis_github/data/evals/failure_prediction/panel150_gpt54nano_delta_ci_plot_v1/panel150_gpt54nano_per_question_method_accuracy_with_difficulty.csv
main_panel150_gpt54nano,Self-Consistency Routed Judge,pna_all,pna,pt,pna_panel4_150_128,pna:2022:part_1A:33,592,medium,C,,6,6.0,1.0,False,thesis_github/data/evals/failure_prediction/panel150_gpt54nano_delta_ci_plot_v1/panel150_gpt54nano_per_question_method_accuracy_with_difficulty.csv
main_panel150_gpt54nano,Self-Consistency Routed Judge,pna_all,pna,pt,pna_panel4_150_129,pna:2022:part_1A:46,604,medium,C,,6,5.0,0.8333333333333334,False,thesis_github/data/evals/failure_prediction/panel150_gpt54nano_delta_ci_plot_v1/panel150_gpt54nano_per_question_method_accuracy_with_difficulty.csv
main_panel150_gpt54nano,Self-Consistency Routed Judge,pna_all,pna,pt,pna_panel4_150_081,pna:2022:part_1A:51,609,hard,C,,6,6.0,1.0,False,thesis_github/data/evals/failure_prediction/panel150_gpt54nano_delta_ci_plot_v1/panel150_gpt54nano_per_question_method_accuracy_with_difficulty.csv
main_panel150_gpt54nano,Self-Consistency Routed Judge,pna_all,pna,pt,pna_panel4_150_030,pna:2022:part_1A:59,617,easy,D,,6,6.0,1.0,False,thesis_github/data/evals/failure_prediction/panel150_gpt54nano_delta_ci_plot_v1/panel150_gpt54nano_per_question_method_accuracy_with_difficulty.csv
main_panel150_gpt54nano,Self-Consistency Routed Judge,pna_all,pna,pt,pna_panel4_150_082,pna:2022:part_1A:64,622,hard,A,,6,0.0,0.0,False,thesis_github/data/evals/failure_prediction/panel150_gpt54nano_delta_ci_plot_v1/panel150_gpt54nano_per_question_method_accuracy_with_difficulty.csv
main_panel150_gpt54nano,Self-Consistency Routed Judge,pna_all,pna,pt,pna_panel4_150_083,pna:2022:part_2A:100,657,hard,A,,6,0.0,0.0,False,thesis_github/data/evals/failure_prediction/panel150_gpt54nano_delta_ci_plot_v1/panel150_gpt54nano_per_question_method_accuracy_with_difficulty.csv
main_panel150_gpt54nano,Self-Consistency Routed Judge,pna_all,pna,pt,pna_panel4_150_031,pna:2022:part_2A:113,670,easy,C,,6,6.0,1.0,False,thesis_github/data/evals/failure_prediction/panel150_gpt54nano_delta_ci_plot_v1/panel150_gpt54nano_per_question_method_accuracy_with_difficulty.csv
main_panel150_gpt54nano,Self-Consistency Routed Judge,pna_all,pna,pt,pna_panel4_150_130,pna:2022:part_2A:129,686,medium,D,,6,6.0,1.0,False,thesis_github/data/evals/failure_prediction/panel150_gpt54nano_delta_ci_plot_v1/panel150_gpt54nano_per_question_method_accuracy_with_difficulty.csv
main_panel150_gpt54nano,Self-Consistency Routed Judge,pna_all,pna,pt,pna_panel4_150_084,pna:2022:part_2A:132,689,hard,A,,6,6.0,1.0,False,thesis_github/data/evals/failure_prediction/panel150_gpt54nano_delta_ci_plot_v1/panel150_gpt54nano_per_question_method_accuracy_with_difficulty.csv
main_panel150_gpt54nano,Self-Consistency Routed Judge,pna_all,pna,pt,pna_panel4_150_085,pna:2022:part_2A:138,695,hard,A,,6,0.0,0.0,False,thesis_github/data/evals/failure_prediction/panel150_gpt54nano_delta_ci_plot_v1/panel150_gpt54nano_per_question_method_accuracy_with_difficulty.csv
main_panel150_gpt54nano,Self-Consistency Routed Judge,pna_all,pna,pt,pna_panel4_150_131,pna:2022:part_2A:79,636,medium,B,,6,6.0,1.0,False,thesis_github/data/evals/failure_prediction/panel150_gpt54nano_delta_ci_plot_v1/panel150_gpt54nano_per_question_method_accuracy_with_difficulty.csv
main_panel150_gpt54nano,Self-Consistency Routed Judge,pna_all,pna,pt,pna_panel4_150_032,pna:2022:part_2A:83,640,easy,A,,6,6.0,1.0,False,thesis_github/data/evals/failure_prediction/panel150_gpt54nano_delta_ci_plot_v1/panel150_gpt54nano_per_question_method_accuracy_with_difficulty.csv
main_panel150_gpt54nano,Self-Consistency Routed Judge,pna_all,pna,pt,pna_panel4_150_132,pna:2023:part_1A:11,715,medium,A,,6,6.0,1.0,False,thesis_github/data/evals/failure_prediction/panel150_gpt54nano_delta_ci_plot_v1/panel150_gpt54nano_per_question_method_accuracy_with_difficulty.csv
main_panel150_gpt54nano,Self-Consistency Routed Judge,pna_all,pna,pt,pna_panel4_150_086,pna:2023:part_1A:31,735,hard,D,,6,0.0,0.0,False,thesis_github/data/evals/failure_prediction/panel150_gpt54nano_delta_ci_plot_v1/panel150_gpt54nano_per_question_method_accuracy_with_difficulty.csv
main_panel150_gpt54nano,Self-Consistency Routed Judge,pna_all,pna,pt,pna_panel4_150_087,pna:2023:part_1A:34,738,hard,E,,6,6.0,1.0,False,thesis_github/data/evals/failure_prediction/panel150_gpt54nano_delta_ci_plot_v1/panel150_gpt54nano_per_question_method_accuracy_with_difficulty.csv
main_panel150_gpt54nano,Self-Consistency Routed Judge,pna_all,pna,pt,pna_panel4_150_033,pna:2023:part_1A:36,740,easy,B,,6,6.0,1.0,False,thesis_github/data/evals/failure_prediction/panel150_gpt54nano_delta_ci_plot_v1/panel150_gpt54nano_per_question_method_accuracy_with_difficulty.csv
main_panel150_gpt54nano,Self-Consistency Routed Judge,pna_all,pna,pt,pna_panel4_150_133,pna:2023:part_1A:5,710,medium,E,,6,0.0,0.0,False,thesis_github/data/evals/failure_prediction/panel150_gpt54nano_delta_ci_plot_v1/panel150_gpt54nano_per_question_method_accuracy_with_difficulty.csv
main_panel150_gpt54nano,Self-Consistency Routed Judge,pna_all,pna,pt,pna_panel4_150_134,pna:2023:part_1A:50,754,medium,E,,6,6.0,1.0,False,thesis_github/data/evals/failure_prediction/panel150_gpt54nano_delta_ci_plot_v1/panel150_gpt54nano_per_question_method_accuracy_with_difficulty.csv
main_panel150_gpt54nano,Self-Consistency Routed Judge,pna_all,pna,pt,pna_panel4_150_088,pna:2023:part_1A:52,756,hard,C,,6,6.0,1.0,False,thesis_github/data/evals/failure_prediction/panel150_gpt54nano_delta_ci_plot_v1/panel150_gpt54nano_per_question_method_accuracy_with_difficulty.csv
main_panel150_gpt54nano,Self-Consistency Routed Judge,pna_all,pna,pt,pna_panel4_150_135,pna:2023:part_1A:55,759,medium,E,,6,6.0,1.0,False,thesis_github/data/evals/failure_prediction/panel150_gpt54nano_delta_ci_plot_v1/panel150_gpt54nano_per_question_method_accuracy_with_difficulty.csv
main_panel150_gpt54nano,Self-Consistency Routed Judge,pna_all,pna,pt,pna_panel4_150_034,pna:2023:part_1A:68,772,easy,C,,6,6.0,1.0,False,thesis_github/data/evals/failure_prediction/panel150_gpt54nano_delta_ci_plot_v1/panel150_gpt54nano_per_question_method_accuracy_with_difficulty.csv
main_panel150_gpt54nano,Self-Consistency Routed Judge,pna_all,pna,pt,pna_panel4_150_035,pna:2023:part_1A:71,775,easy,C,,6,6.0,1.0,False,thesis_github/data/evals/failure_prediction/panel150_gpt54nano_delta_ci_plot_v1/panel150_gpt54nano_per_question_method_accuracy_with_difficulty.csv
main_panel150_gpt54nano,Self-Consistency Routed Judge,pna_all,pna,pt,pna_panel4_150_136,pna:2023:part_2A:103,805,medium,E,,6,6.0,1.0,False,thesis_github/data/evals/failure_prediction/panel150_gpt54nano_delta_ci_plot_v1/panel150_gpt54nano_per_question_method_accuracy_with_difficulty.csv
main_panel150_gpt54nano,Self-Consistency Routed Judge,pna_all,pna,pt,pna_panel4_150_137,pna:2023:part_2A:105,807,medium,B,,6,6.0,1.0,False,thesis_github/data/evals/failure_prediction/panel150_gpt54nano_delta_ci_plot_v1/panel150_gpt54nano_per_question_method_accuracy_with_difficulty.csv
main_panel150_gpt54nano,Self-Consistency Routed Judge,pna_all,pna,pt,pna_panel4_150_036,pna:2023:part_2A:124,824,easy,E,,6,6.0,1.0,False,thesis_github/data/evals/failure_prediction/panel150_gpt54nano_delta_ci_plot_v1/panel150_gpt54nano_per_question_method_accuracy_with_difficulty.csv
main_panel150_gpt54nano,Self-Consistency Routed Judge,pna_all,pna,pt,pna_panel4_150_037,pna:2023:part_2A:141,841,easy,B,,6,6.0,1.0,False,thesis_github/data/evals/failure_prediction/panel150_gpt54nano_delta_ci_plot_v1/panel150_gpt54nano_per_question_method_accuracy_with_difficulty.csv
main_panel150_gpt54nano,Self-Consistency Routed Judge,pna_all,pna,pt,pna_panel4_150_089,pna:2023:part_2A:81,784,hard,E,,6,0.0,0.0,False,thesis_github/data/evals/failure_prediction/panel150_gpt54nano_delta_ci_plot_v1/panel150_gpt54nano_per_question_method_accuracy_with_difficulty.csv
main_panel150_gpt54nano,Self-Consistency Routed Judge,pna_all,pna,pt,pna_panel4_150_090,pna:2023:part_2A:87,790,hard,B,,6,0.0,0.0,False,thesis_github/data/evals/failure_prediction/panel150_gpt54nano_delta_ci_plot_v1/panel150_gpt54nano_per_question_method_accuracy_with_difficulty.csv
main_panel150_gpt54nano,Self-Consistency Routed Judge,pna_all,pna,pt,pna_panel4_150_138,pna:2023:part_2A:90,793,medium,D,,6,6.0,1.0,False,thesis_github/data/evals/failure_prediction/panel150_gpt54nano_delta_ci_plot_v1/panel150_gpt54nano_per_question_method_accuracy_with_difficulty.csv
main_panel150_gpt54nano,Self-Consistency Routed Judge,pna_all,pna,pt,pna_panel4_150_038,pna:2023:part_2A:91,794,easy,A,,6,6.0,1.0,False,thesis_github/data/evals/failure_prediction/panel150_gpt54nano_delta_ci_plot_v1/panel150_gpt54nano_per_question_method_accuracy_with_difficulty.csv
main_panel150_gpt54nano,Self-Consistency Routed Judge,pna_all,pna,pt,pna_panel4_150_139,pna:2024:part_1A:11,860,medium,D,,6,6.0,1.0,False,thesis_github/data/evals/failure_prediction/panel150_gpt54nano_delta_ci_plot_v1/panel150_gpt54nano_per_question_method_accuracy_with_difficulty.csv
main_panel150_gpt54nano,Self-Consistency Routed Judge,pna_all,pna,pt,pna_panel4_150_091,pna:2024:part_1A:12,861,hard,B,,6,6.0,1.0,False,thesis_github/data/evals/failure_prediction/panel150_gpt54nano_delta_ci_plot_v1/panel150_gpt54nano_per_question_method_accuracy_with_difficulty.csv
main_panel150_gpt54nano,Self-Consistency Routed Judge,pna_all,pna,pt,pna_panel4_150_092,pna:2024:part_1A:31,879,hard,C,,6,0.0,0.0,False,thesis_github/data/evals/failure_prediction/panel150_gpt54nano_delta_ci_plot_v1/panel150_gpt54nano_per_question_method_accuracy_with_difficulty.csv
main_panel150_gpt54nano,Self-Consistency Routed Judge,pna_all,pna,pt,pna_panel4_150_140,pna:2024:part_1A:35,883,medium,C,,6,6.0,1.0,False,thesis_github/data/evals/failure_prediction/panel150_gpt54nano_delta_ci_plot_v1/panel150_gpt54nano_per_question_method_accuracy_with_difficulty.csv
main_panel150_gpt54nano,Self-Consistency Routed Judge,pna_all,pna,pt,pna_panel4_150_093,pna:2024:part_1A:44,892,hard,E,,6,0.0,0.0,False,thesis_github/data/evals/failure_prediction/panel150_gpt54nano_delta_ci_plot_v1/panel150_gpt54nano_per_question_method_accuracy_with_difficulty.csv
main_panel150_gpt54nano,Self-Consistency Routed Judge,pna_all,pna,pt,pna_panel4_150_039,pna:2024:part_1A:57,905,easy,E,,6,6.0,1.0,False,thesis_github/data/evals/failure_prediction/panel150_gpt54nano_delta_ci_plot_v1/panel150_gpt54nano_per_question_method_accuracy_with_difficulty.csv
main_panel150_gpt54nano,Self-Consistency Routed Judge,pna_all,pna,pt,pna_panel4_150_141,pna:2024:part_1A:58,906,medium,E,,6,6.0,1.0,False,thesis_github/data/evals/failure_prediction/panel150_gpt54nano_delta_ci_plot_v1/panel150_gpt54nano_per_question_method_accuracy_with_difficulty.csv
main_panel150_gpt54nano,Self-Consistency Routed Judge,pna_all,pna,pt,pna_panel4_150_094,pna:2024:part_1A:9,858,hard,A,,6,0.0,0.0,False,thesis_github/data/evals/failure_prediction/panel150_gpt54nano_delta_ci_plot_v1/panel150_gpt54nano_per_question_method_accuracy_with_difficulty.csv
main_panel150_gpt54nano,Self-Consistency Routed Judge,pna_all,pna,pt,pna_panel4_150_142,pna:2024:part_2A:119,960,medium,D,,6,6.0,1.0,False,thesis_github/data/evals/failure_prediction/panel150_gpt54nano_delta_ci_plot_v1/panel150_gpt54nano_per_question_method_accuracy_with_difficulty.csv
main_panel150_gpt54nano,Self-Consistency Routed Judge,pna_all,pna,pt,pna_panel4_150_040,pna:2024:part_2A:129,970,easy,B,,6,6.0,1.0,False,thesis_github/data/evals/failure_prediction/panel150_gpt54nano_delta_ci_plot_v1/panel150_gpt54nano_per_question_method_accuracy_with_difficulty.csv
main_panel150_gpt54nano,Self-Consistency Routed Judge,pna_all,pna,pt,pna_panel4_150_041,pna:2024:part_2A:134,975,easy,E,,6,6.0,1.0,False,thesis_github/data/evals/failure_prediction/panel150_gpt54nano_delta_ci_plot_v1/panel150_gpt54nano_per_question_method_accuracy_with_difficulty.csv
main_panel150_gpt54nano,Self-Consistency Routed Judge,pna_all,pna,pt,pna_panel4_150_042,pna:2024:part_2A:138,979,easy,A,,6,6.0,1.0,False,thesis_github/data/evals/failure_prediction/panel150_gpt54nano_delta_ci_plot_v1/panel150_gpt54nano_per_question_method_accuracy_with_difficulty.csv
main_panel150_gpt54nano,Self-Consistency Routed Judge,pna_all,pna,pt,pna_panel4_150_043,pna:2024:part_2A:150,991,easy,A,,6,6.0,1.0,False,thesis_github/data/evals/failure_prediction/panel150_gpt54nano_delta_ci_plot_v1/panel150_gpt54nano_per_question_method_accuracy_with_difficulty.csv
main_panel150_gpt54nano,Self-Consistency Routed Judge,pna_all,pna,pt,pna_panel4_150_095,pna:2024:part_2A:92,936,hard,C,,6,0.0,0.0,False,thesis_github/data/evals/failure_prediction/panel150_gpt54nano_delta_ci_plot_v1/panel150_gpt54nano_per_question_method_accuracy_with_difficulty.csv
main_panel150_gpt54nano,Self-Consistency Routed Judge,pna_all,pna,pt,pna_panel4_150_096,pna:2024:part_2A:93,937,hard,A,,6,0.0,0.0,False,thesis_github/data/evals/failure_prediction/panel150_gpt54nano_delta_ci_plot_v1/panel150_gpt54nano_per_question_method_accuracy_with_difficulty.csv
main_panel150_gpt54nano,Self-Consistency Routed Judge,pna_all,pna,pt,pna_panel4_150_044,pna:2024:part_2A:96,940,easy,A,,6,6.0,1.0,False,thesis_github/data/evals/failure_prediction/panel150_gpt54nano_delta_ci_plot_v1/panel150_gpt54nano_per_question_method_accuracy_with_difficulty.csv
main_panel150_gpt54nano,Self-Consistency Routed Judge,pna_all,pna,pt,pna_panel4_150_143,pna:2024:part_2A:97,941,medium,D,,6,6.0,1.0,False,thesis_github/data/evals/failure_prediction/panel150_gpt54nano_delta_ci_plot_v1/panel150_gpt54nano_per_question_method_accuracy_with_difficulty.csv
main_panel150_gpt54nano,Self-Consistency Routed Judge,pna_all,pna,pt,pna_panel4_150_144,pna:2025:part_1A:10,1001,medium,D,,6,4.0,0.6666666666666666,False,thesis_github/data/evals/failure_prediction/panel150_gpt54nano_delta_ci_plot_v1/panel150_gpt54nano_per_question_method_accuracy_with_difficulty.csv
main_panel150_gpt54nano,Self-Consistency Routed Judge,pna_all,pna,pt,pna_panel4_150_145,pna:2025:part_1A:22,1013,medium,A,,6,6.0,1.0,False,thesis_github/data/evals/failure_prediction/panel150_gpt54nano_delta_ci_plot_v1/panel150_gpt54nano_per_question_method_accuracy_with_difficulty.csv
main_panel150_gpt54nano,Self-Consistency Routed Judge,pna_all,pna,pt,pna_panel4_150_045,pna:2025:part_1A:23,1014,easy,B,,6,6.0,1.0,False,thesis_github/data/evals/failure_prediction/panel150_gpt54nano_delta_ci_plot_v1/panel150_gpt54nano_per_question_method_accuracy_with_difficulty.csv
main_panel150_gpt54nano,Self-Consistency Routed Judge,pna_all,pna,pt,pna_panel4_150_146,pna:2025:part_1A:35,1025,medium,A,,6,6.0,1.0,False,thesis_github/data/evals/failure_prediction/panel150_gpt54nano_delta_ci_plot_v1/panel150_gpt54nano_per_question_method_accuracy_with_difficulty.csv
main_panel150_gpt54nano,Self-Consistency Routed Judge,pna_all,pna,pt,pna_panel4_150_046,pna:2025:part_1A:4,995,easy,A,,6,6.0,1.0,False,thesis_github/data/evals/failure_prediction/panel150_gpt54nano_delta_ci_plot_v1/panel150_gpt54nano_per_question_method_accuracy_with_difficulty.csv
main_panel150_gpt54nano,Self-Consistency Routed Judge,pna_all,pna,pt,pna_panel4_150_097,pna:2025:part_1A:42,1031,hard,E,,6,0.0,0.0,False,thesis_github/data/evals/failure_prediction/panel150_gpt54nano_delta_ci_plot_v1/panel150_gpt54nano_per_question_method_accuracy_with_difficulty.csv
main_panel150_gpt54nano,Self-Consistency Routed Judge,pna_all,pna,pt,pna_panel4_150_047,pna:2025:part_1A:59,1048,easy,D,,6,6.0,1.0,False,thesis_github/data/evals/failure_prediction/panel150_gpt54nano_delta_ci_plot_v1/panel150_gpt54nano_per_question_method_accuracy_with_difficulty.csv
main_panel150_gpt54nano,Self-Consistency Routed Judge,pna_all,pna,pt,pna_panel4_150_147,pna:2025:part_1A:60,1049,medium,A,,6,6.0,1.0,False,thesis_github/data/evals/failure_prediction/panel150_gpt54nano_delta_ci_plot_v1/panel150_gpt54nano_per_question_method_accuracy_with_difficulty.csv
main_panel150_gpt54nano,Self-Consistency Routed Judge,pna_all,pna,pt,pna_panel4_150_098,pna:2025:part_1A:72,1058,hard,C,,6,0.0,0.0,False,thesis_github/data/evals/failure_prediction/panel150_gpt54nano_delta_ci_plot_v1/panel150_gpt54nano_per_question_method_accuracy_with_difficulty.csv
main_panel150_gpt54nano,Self-Consistency Routed Judge,pna_all,pna,pt,pna_panel4_150_048,pna:2025:part_1A:8,999,easy,A,,6,6.0,1.0,False,thesis_github/data/evals/failure_prediction/panel150_gpt54nano_delta_ci_plot_v1/panel150_gpt54nano_per_question_method_accuracy_with_difficulty.csv
main_panel150_gpt54nano,Self-Consistency Routed Judge,pna_all,pna,pt,pna_panel4_150_049,pna:2025:part_2A:106,1089,easy,B,,6,6.0,1.0,False,thesis_github/data/evals/failure_prediction/panel150_gpt54nano_delta_ci_plot_v1/panel150_gpt54nano_per_question_method_accuracy_with_difficulty.csv
main_panel150_gpt54nano,Self-Consistency Routed Judge,pna_all,pna,pt,pna_panel4_150_148,pna:2025:part_2A:107,1090,medium,D,,6,6.0,1.0,False,thesis_github/data/evals/failure_prediction/panel150_gpt54nano_delta_ci_plot_v1/panel150_gpt54nano_per_question_method_accuracy_with_difficulty.csv
main_panel150_gpt54nano,Self-Consistency Routed Judge,pna_all,pna,pt,pna_panel4_150_149,pna:2025:part_2A:113,1096,medium,E,,6,6.0,1.0,False,thesis_github/data/evals/failure_prediction/panel150_gpt54nano_delta_ci_plot_v1/panel150_gpt54nano_per_question_method_accuracy_with_difficulty.csv
main_panel150_gpt54nano,Self-Consistency Routed Judge,pna_all,pna,pt,pna_panel4_150_099,pna:2025:part_2A:118,1101,hard,E,,6,0.0,0.0,False,thesis_github/data/evals/failure_prediction/panel150_gpt54nano_delta_ci_plot_v1/panel150_gpt54nano_per_question_method_accuracy_with_difficulty.csv
main_panel150_gpt54nano,Self-Consistency Routed Judge,pna_all,pna,pt,pna_panel4_150_100,pna:2025:part_2A:130,1113,hard,B,,6,6.0,1.0,False,thesis_github/data/evals/failure_prediction/panel150_gpt54nano_delta_ci_plot_v1/panel150_gpt54nano_per_question_method_accuracy_with_difficulty.csv
main_panel150_gpt54nano,Self-Consistency Routed Judge,pna_all,pna,pt,pna_panel4_150_050,pna:2025:part_2A:148,1130,easy,C,,6,6.0,1.0,False,thesis_github/data/evals/failure_prediction/panel150_gpt54nano_delta_ci_plot_v1/panel150_gpt54nano_per_question_method_accuracy_with_difficulty.csv
main_panel150_gpt54nano,Self-Consistency Routed Judge,pna_all,pna,pt,pna_panel4_150_150,pna:2025:part_2A:85,1069,medium,C,,6,6.0,1.0,False,thesis_github/data/evals/failure_prediction/panel150_gpt54nano_delta_ci_plot_v1/panel150_gpt54nano_per_question_method_accuracy_with_difficulty.csv
main_panel150_gpt54nano,MedPrompt,medqa_test,medqa,en,medqa_panel4_150_116,test:100,100,medium,E,,2,2.0,1.0,False,thesis_github/data/evals/failure_prediction/panel150_gpt54nano_delta_ci_plot_v1/panel150_gpt54nano_per_question_method_accuracy_with_difficulty.csv
main_panel150_gpt54nano,MedPrompt,medqa_test,medqa,en,medqa_panel4_150_016,test:1000,1000,easy,C,,2,2.0,1.0,False,thesis_github/data/evals/failure_prediction/panel150_gpt54nano_delta_ci_plot_v1/panel150_gpt54nano_per_question_method_accuracy_with_difficulty.csv
main_panel150_gpt54nano,MedPrompt,medqa_test,medqa,en,medqa_panel4_150_117,test:1008,1008,medium,E,,2,2.0,1.0,False,thesis_github/data/evals/failure_prediction/panel150_gpt54nano_delta_ci_plot_v1/panel150_gpt54nano_per_question_method_accuracy_with_difficulty.csv
main_panel150_gpt54nano,MedPrompt,medqa_test,medqa,en,medqa_panel4_150_101,test:1010,1010,medium,C,,2,2.0,1.0,False,thesis_github/data/evals/failure_prediction/panel150_gpt54nano_delta_ci_plot_v1/panel150_gpt54nano_per_question_method_accuracy_with_difficulty.csv
main_panel150_gpt54nano,MedPrompt,medqa_test,medqa,en,medqa_panel4_150_118,test:1030,1030,medium,A,,2,2.0,1.0,False,thesis_github/data/evals/failure_prediction/panel150_gpt54nano_delta_ci_plot_v1/panel150_gpt54nano_per_question_method_accuracy_with_difficulty.csv
main_panel150_gpt54nano,MedPrompt,medqa_test,medqa,en,medqa_panel4_150_017,test:105,105,easy,B,,2,2.0,1.0,False,thesis_github/data/evals/failure_prediction/panel150_gpt54nano_delta_ci_plot_v1/panel150_gpt54nano_per_question_method_accuracy_with_difficulty.csv
main_panel150_gpt54nano,MedPrompt,medqa_test,medqa,en,medqa_panel4_150_119,test:1054,1054,medium,A,,2,2.0,1.0,False,thesis_github/data/evals/failure_prediction/panel150_gpt54nano_delta_ci_plot_v1/panel150_gpt54nano_per_question_method_accuracy_with_difficulty.csv
main_panel150_gpt54nano,MedPrompt,medqa_test,medqa,en,medqa_panel4_150_102,test:1057,1057,medium,B,,2,2.0,1.0,False,thesis_github/data/evals/failure_prediction/panel150_gpt54nano_delta_ci_plot_v1/panel150_gpt54nano_per_question_method_accuracy_with_difficulty.csv
main_panel150_gpt54nano,MedPrompt,medqa_test,medqa,en,medqa_panel4_150_066,test:106,106,hard,C,,2,0.0,0.0,False,thesis_github/data/evals/failure_prediction/panel150_gpt54nano_delta_ci_plot_v1/panel150_gpt54nano_per_question_method_accuracy_with_difficulty.csv
main_panel150_gpt54nano,MedPrompt,medqa_test,medqa,en,medqa_panel4_150_120,test:1074,1074,medium,C,,2,2.0,1.0,False,thesis_github/data/evals/failure_prediction/panel150_gpt54nano_delta_ci_plot_v1/panel150_gpt54nano_per_question_method_accuracy_with_difficulty.csv
main_panel150_gpt54nano,MedPrompt,medqa_test,medqa,en,medqa_panel4_150_051,test:1076,1076,hard,B,,2,2.0,1.0,False,thesis_github/data/evals/failure_prediction/panel150_gpt54nano_delta_ci_plot_v1/panel150_gpt54nano_per_question_method_accuracy_with_difficulty.csv
main_panel150_gpt54nano,MedPrompt,medqa_test,medqa,en,medqa_panel4_150_018,test:1083,1083,easy,A,,2,2.0,1.0,False,thesis_github/data/evals/failure_prediction/panel150_gpt54nano_delta_ci_plot_v1/panel150_gpt54nano_per_question_method_accuracy_with_difficulty.csv
main_panel150_gpt54nano,MedPrompt,medqa_test,medqa,en,medqa_panel4_150_052,test:1100,1100,hard,B,,2,1.0,0.5,False,thesis_github/data/evals/failure_prediction/panel150_gpt54nano_delta_ci_plot_v1/panel150_gpt54nano_per_question_method_accuracy_with_difficulty.csv
main_panel150_gpt54nano,MedPrompt,medqa_test,medqa,en,medqa_panel4_150_053,test:1106,1106,hard,C,,2,0.0,0.0,False,thesis_github/data/evals/failure_prediction/panel150_gpt54nano_delta_ci_plot_v1/panel150_gpt54nano_per_question_method_accuracy_with_difficulty.csv
main_panel150_gpt54nano,MedPrompt,medqa_test,medqa,en,medqa_panel4_150_001,test:1108,1108,easy,D,,2,2.0,1.0,False,thesis_github/data/evals/failure_prediction/panel150_gpt54nano_delta_ci_plot_v1/panel150_gpt54nano_per_question_method_accuracy_with_difficulty.csv
main_panel150_gpt54nano,MedPrompt,medqa_test,medqa,en,medqa_panel4_150_054,test:1135,1135,hard,E,,2,0.0,0.0,False,thesis_github/data/evals/failure_prediction/panel150_gpt54nano_delta_ci_plot_v1/panel150_gpt54nano_per_question_method_accuracy_with_difficulty.csv
main_panel150_gpt54nano,MedPrompt,medqa_test,medqa,en,medqa_panel4_150_103,test:1140,1140,medium,C,,2,2.0,1.0,False,thesis_github/data/evals/failure_prediction/panel150_gpt54nano_delta_ci_plot_v1/panel150_gpt54nano_per_question_method_accuracy_with_difficulty.csv
main_panel150_gpt54nano,MedPrompt,medqa_test,medqa,en,medqa_panel4_150_121,test:1149,1149,medium,B,,2,2.0,1.0,False,thesis_github/data/evals/failure_prediction/panel150_gpt54nano_delta_ci_plot_v1/panel150_gpt54nano_per_question_method_accuracy_with_difficulty.csv
main_panel150_gpt54nano,MedPrompt,medqa_test,medqa,en,medqa_panel4_150_104,test:1153,1153,medium,A,,2,2.0,1.0,False,thesis_github/data/evals/failure_prediction/panel150_gpt54nano_delta_ci_plot_v1/panel150_gpt54nano_per_question_method_accuracy_with_difficulty.csv
main_panel150_gpt54nano,MedPrompt,medqa_test,medqa,en,medqa_panel4_150_002,test:1155,1155,easy,E,,2,2.0,1.0,False,thesis_github/data/evals/failure_prediction/panel150_gpt54nano_delta_ci_plot_v1/panel150_gpt54nano_per_question_method_accuracy_with_difficulty.csv
main_panel150_gpt54nano,MedPrompt,medqa_test,medqa,en,medqa_panel4_150_055,test:1161,1161,hard,B,,2,2.0,1.0,False,thesis_github/data/evals/failure_prediction/panel150_gpt54nano_delta_ci_plot_v1/panel150_gpt54nano_per_question_method_accuracy_with_difficulty.csv
main_panel150_gpt54nano,MedPrompt,medqa_test,medqa,en,medqa_panel4_150_067,test:1164,1164,hard,A,,2,1.0,0.5,False,thesis_github/data/evals/failure_prediction/panel150_gpt54nano_delta_ci_plot_v1/panel150_gpt54nano_per_question_method_accuracy_with_difficulty.csv
main_panel150_gpt54nano,MedPrompt,medqa_test,medqa,en,medqa_panel4_150_122,test:117,117,medium,D,,2,2.0,1.0,False,thesis_github/data/evals/failure_prediction/panel150_gpt54nano_delta_ci_plot_v1/panel150_gpt54nano_per_question_method_accuracy_with_difficulty.csv
main_panel150_gpt54nano,MedPrompt,medqa_test,medqa,en,medqa_panel4_150_123,test:1179,1179,medium,C,,2,2.0,1.0,False,thesis_github/data/evals/failure_prediction/panel150_gpt54nano_delta_ci_plot_v1/panel150_gpt54nano_per_question_method_accuracy_with_difficulty.csv
main_panel150_gpt54nano,MedPrompt,medqa_test,medqa,en,medqa_panel4_150_003,test:1182,1182,easy,A,,2,2.0,1.0,False,thesis_github/data/evals/failure_prediction/panel150_gpt54nano_delta_ci_plot_v1/panel150_gpt54nano_per_question_method_accuracy_with_difficulty.csv
main_panel150_gpt54nano,MedPrompt,medqa_test,medqa,en,medqa_panel4_150_004,test:1194,1194,easy,E,,2,2.0,1.0,False,thesis_github/data/evals/failure_prediction/panel150_gpt54nano_delta_ci_plot_v1/panel150_gpt54nano_per_question_method_accuracy_with_difficulty.csv
main_panel150_gpt54nano,MedPrompt,medqa_test,medqa,en,medqa_panel4_150_124,test:1203,1203,medium,C,,2,2.0,1.0,False,thesis_github/data/evals/failure_prediction/panel150_gpt54nano_delta_ci_plot_v1/panel150_gpt54nano_per_question_method_accuracy_with_difficulty.csv
main_panel150_gpt54nano,MedPrompt,medqa_test,medqa,en,medqa_panel4_150_005,test:1207,1207,easy,B,,2,2.0,1.0,False,thesis_github/data/evals/failure_prediction/panel150_gpt54nano_delta_ci_plot_v1/panel150_gpt54nano_per_question_method_accuracy_with_difficulty.csv
main_panel150_gpt54nano,MedPrompt,medqa_test,medqa,en,medqa_panel4_150_056,test:1220,1220,hard,A,,2,2.0,1.0,False,thesis_github/data/evals/failure_prediction/panel150_gpt54nano_delta_ci_plot_v1/panel150_gpt54nano_per_question_method_accuracy_with_difficulty.csv
main_panel150_gpt54nano,MedPrompt,medqa_test,medqa,en,medqa_panel4_150_068,test:1233,1233,hard,B,,2,0.0,0.0,False,thesis_github/data/evals/failure_prediction/panel150_gpt54nano_delta_ci_plot_v1/panel150_gpt54nano_per_question_method_accuracy_with_difficulty.csv
main_panel150_gpt54nano,MedPrompt,medqa_test,medqa,en,medqa_panel4_150_019,test:1259,1259,easy,C,,2,2.0,1.0,False,thesis_github/data/evals/failure_prediction/panel150_gpt54nano_delta_ci_plot_v1/panel150_gpt54nano_per_question_method_accuracy_with_difficulty.csv
main_panel150_gpt54nano,MedPrompt,medqa_test,medqa,en,medqa_panel4_150_020,test:1264,1264,easy,B,,2,2.0,1.0,False,thesis_github/data/evals/failure_prediction/panel150_gpt54nano_delta_ci_plot_v1/panel150_gpt54nano_per_question_method_accuracy_with_difficulty.csv
main_panel150_gpt54nano,MedPrompt,medqa_test,medqa,en,medqa_panel4_150_069,test:1269,1269,hard,E,,2,2.0,1.0,False,thesis_github/data/evals/failure_prediction/panel150_gpt54nano_delta_ci_plot_v1/panel150_gpt54nano_per_question_method_accuracy_with_difficulty.csv
main_panel150_gpt54nano,MedPrompt,medqa_test,medqa,en,medqa_panel4_150_070,test:1270,1270,hard,C,,2,0.0,0.0,False,thesis_github/data/evals/failure_prediction/panel150_gpt54nano_delta_ci_plot_v1/panel150_gpt54nano_per_question_method_accuracy_with_difficulty.csv
main_panel150_gpt54nano,MedPrompt,medqa_test,medqa,en,medqa_panel4_150_021,test:1271,1271,easy,C,,2,2.0,1.0,False,thesis_github/data/evals/failure_prediction/panel150_gpt54nano_delta_ci_plot_v1/panel150_gpt54nano_per_question_method_accuracy_with_difficulty.csv
main_panel150_gpt54nano,MedPrompt,medqa_test,medqa,en,medqa_panel4_150_071,test:128,128,hard,A,,2,2.0,1.0,False,thesis_github/data/evals/failure_prediction/panel150_gpt54nano_delta_ci_plot_v1/panel150_gpt54nano_per_question_method_accuracy_with_difficulty.csv
main_panel150_gpt54nano,MedPrompt,medqa_test,medqa,en,medqa_panel4_150_022,test:133,133,easy,B,,2,2.0,1.0,False,thesis_github/data/evals/failure_prediction/panel150_gpt54nano_delta_ci_plot_v1/panel150_gpt54nano_per_question_method_accuracy_with_difficulty.csv
main_panel150_gpt54nano,MedPrompt,medqa_test,medqa,en,medqa_panel4_150_006,test:140,140,easy,D,,2,2.0,1.0,False,thesis_github/data/evals/failure_prediction/panel150_gpt54nano_delta_ci_plot_v1/panel150_gpt54nano_per_question_method_accuracy_with_difficulty.csv
main_panel150_gpt54nano,MedPrompt,medqa_test,medqa,en,medqa_panel4_150_023,test:144,144,easy,D,,2,2.0,1.0,False,thesis_github/data/evals/failure_prediction/panel150_gpt54nano_delta_ci_plot_v1/panel150_gpt54nano_per_question_method_accuracy_with_difficulty.csv
main_panel150_gpt54nano,MedPrompt,medqa_test,medqa,en,medqa_panel4_150_072,test:15,15,hard,B,,2,0.0,0.0,False,thesis_github/data/evals/failure_prediction/panel150_gpt54nano_delta_ci_plot_v1/panel150_gpt54nano_per_question_method_accuracy_with_difficulty.csv
main_panel150_gpt54nano,MedPrompt,medqa_test,medqa,en,medqa_panel4_150_073,test:155,155,hard,E,,2,2.0,1.0,False,thesis_github/data/evals/failure_prediction/panel150_gpt54nano_delta_ci_plot_v1/panel150_gpt54nano_per_question_method_accuracy_with_difficulty.csv
main_panel150_gpt54nano,MedPrompt,medqa_test,medqa,en,medqa_panel4_150_024,test:161,161,easy,B,,2,2.0,1.0,False,thesis_github/data/evals/failure_prediction/panel150_gpt54nano_delta_ci_plot_v1/panel150_gpt54nano_per_question_method_accuracy_with_difficulty.csv
main_panel150_gpt54nano,MedPrompt,medqa_test,medqa,en,medqa_panel4_150_025,test:170,170,easy,C,,2,2.0,1.0,False,thesis_github/data/evals/failure_prediction/panel150_gpt54nano_delta_ci_plot_v1/panel150_gpt54nano_per_question_method_accuracy_with_difficulty.csv
main_panel150_gpt54nano,MedPrompt,medqa_test,medqa,en,medqa_panel4_150_125,test:171,171,medium,D,,2,1.0,0.5,False,thesis_github/data/evals/failure_prediction/panel150_gpt54nano_delta_ci_plot_v1/panel150_gpt54nano_per_question_method_accuracy_with_difficulty.csv
main_panel150_gpt54nano,MedPrompt,medqa_test,medqa,en,medqa_panel4_150_126,test:185,185,medium,D,,2,2.0,1.0,False,thesis_github/data/evals/failure_prediction/panel150_gpt54nano_delta_ci_plot_v1/panel150_gpt54nano_per_question_method_accuracy_with_difficulty.csv
main_panel150_gpt54nano,MedPrompt,medqa_test,medqa,en,medqa_panel4_150_074,test:19,19,hard,E,,2,0.0,0.0,False,thesis_github/data/evals/failure_prediction/panel150_gpt54nano_delta_ci_plot_v1/panel150_gpt54nano_per_question_method_accuracy_with_difficulty.csv
main_panel150_gpt54nano,MedPrompt,medqa_test,medqa,en,medqa_panel4_150_026,test:192,192,easy,E,,2,2.0,1.0,False,thesis_github/data/evals/failure_prediction/panel150_gpt54nano_delta_ci_plot_v1/panel150_gpt54nano_per_question_method_accuracy_with_difficulty.csv
main_panel150_gpt54nano,MedPrompt,medqa_test,medqa,en,medqa_panel4_150_105,test:196,196,medium,A,,2,0.0,0.0,False,thesis_github/data/evals/failure_prediction/panel150_gpt54nano_delta_ci_plot_v1/panel150_gpt54nano_per_question_method_accuracy_with_difficulty.csv
main_panel150_gpt54nano,MedPrompt,medqa_test,medqa,en,medqa_panel4_150_106,test:198,198,medium,E,,2,2.0,1.0,False,thesis_github/data/evals/failure_prediction/panel150_gpt54nano_delta_ci_plot_v1/panel150_gpt54nano_per_question_method_accuracy_with_difficulty.csv
main_panel150_gpt54nano,MedPrompt,medqa_test,medqa,en,medqa_panel4_150_027,test:2,2,easy,C,,2,2.0,1.0,False,thesis_github/data/evals/failure_prediction/panel150_gpt54nano_delta_ci_plot_v1/panel150_gpt54nano_per_question_method_accuracy_with_difficulty.csv
main_panel150_gpt54nano,MedPrompt,medqa_test,medqa,en,medqa_panel4_150_107,test:204,204,medium,C,,2,2.0,1.0,False,thesis_github/data/evals/failure_prediction/panel150_gpt54nano_delta_ci_plot_v1/panel150_gpt54nano_per_question_method_accuracy_with_difficulty.csv
main_panel150_gpt54nano,MedPrompt,medqa_test,medqa,en,medqa_panel4_150_075,test:211,211,hard,B,,2,0.0,0.0,False,thesis_github/data/evals/failure_prediction/panel150_gpt54nano_delta_ci_plot_v1/panel150_gpt54nano_per_question_method_accuracy_with_difficulty.csv
main_panel150_gpt54nano,MedPrompt,medqa_test,medqa,en,medqa_panel4_150_028,test:232,232,easy,D,,2,2.0,1.0,False,thesis_github/data/evals/failure_prediction/panel150_gpt54nano_delta_ci_plot_v1/panel150_gpt54nano_per_question_method_accuracy_with_difficulty.csv
main_panel150_gpt54nano,MedPrompt,medqa_test,medqa,en,medqa_panel4_150_127,test:241,241,medium,B,,2,2.0,1.0,False,thesis_github/data/evals/failure_prediction/panel150_gpt54nano_delta_ci_plot_v1/panel150_gpt54nano_per_question_method_accuracy_with_difficulty.csv
main_panel150_gpt54nano,MedPrompt,medqa_test,medqa,en,medqa_panel4_150_076,test:250,250,hard,A,,2,0.0,0.0,False,thesis_github/data/evals/failure_prediction/panel150_gpt54nano_delta_ci_plot_v1/panel150_gpt54nano_per_question_method_accuracy_with_difficulty.csv
main_panel150_gpt54nano,MedPrompt,medqa_test,medqa,en,medqa_panel4_150_029,test:260,260,easy,C,,2,2.0,1.0,False,thesis_github/data/evals/failure_prediction/panel150_gpt54nano_delta_ci_plot_v1/panel150_gpt54nano_per_question_method_accuracy_with_difficulty.csv
main_panel150_gpt54nano,MedPrompt,medqa_test,medqa,en,medqa_panel4_150_030,test:261,261,easy,C,,2,2.0,1.0,False,thesis_github/data/evals/failure_prediction/panel150_gpt54nano_delta_ci_plot_v1/panel150_gpt54nano_per_question_method_accuracy_with_difficulty.csv
main_panel150_gpt54nano,MedPrompt,medqa_test,medqa,en,medqa_panel4_150_077,test:271,271,hard,B,,2,0.0,0.0,False,thesis_github/data/evals/failure_prediction/panel150_gpt54nano_delta_ci_plot_v1/panel150_gpt54nano_per_question_method_accuracy_with_difficulty.csv
main_panel150_gpt54nano,MedPrompt,medqa_test,medqa,en,medqa_panel4_150_031,test:279,279,easy,B,,2,2.0,1.0,False,thesis_github/data/evals/failure_prediction/panel150_gpt54nano_delta_ci_plot_v1/panel150_gpt54nano_per_question_method_accuracy_with_difficulty.csv
main_panel150_gpt54nano,MedPrompt,medqa_test,medqa,en,medqa_panel4_150_078,test:285,285,hard,D,,2,0.0,0.0,False,thesis_github/data/evals/failure_prediction/panel150_gpt54nano_delta_ci_plot_v1/panel150_gpt54nano_per_question_method_accuracy_with_difficulty.csv
main_panel150_gpt54nano,MedPrompt,medqa_test,medqa,en,medqa_panel4_150_079,test:29,29,hard,D,,2,1.0,0.5,False,thesis_github/data/evals/failure_prediction/panel150_gpt54nano_delta_ci_plot_v1/panel150_gpt54nano_per_question_method_accuracy_with_difficulty.csv
main_panel150_gpt54nano,MedPrompt,medqa_test,medqa,en,medqa_panel4_150_032,test:316,316,easy,A,,2,2.0,1.0,False,thesis_github/data/evals/failure_prediction/panel150_gpt54nano_delta_ci_plot_v1/panel150_gpt54nano_per_question_method_accuracy_with_difficulty.csv
main_panel150_gpt54nano,MedPrompt,medqa_test,medqa,en,medqa_panel4_150_128,test:326,326,medium,B,,2,2.0,1.0,False,thesis_github/data/evals/failure_prediction/panel150_gpt54nano_delta_ci_plot_v1/panel150_gpt54nano_per_question_method_accuracy_with_difficulty.csv
main_panel150_gpt54nano,MedPrompt,medqa_test,medqa,en,medqa_panel4_150_080,test:337,337,hard,C,,2,1.0,0.5,False,thesis_github/data/evals/failure_prediction/panel150_gpt54nano_delta_ci_plot_v1/panel150_gpt54nano_per_question_method_accuracy_with_difficulty.csv
main_panel150_gpt54nano,MedPrompt,medqa_test,medqa,en,medqa_panel4_150_129,test:345,345,medium,C,,2,2.0,1.0,False,thesis_github/data/evals/failure_prediction/panel150_gpt54nano_delta_ci_plot_v1/panel150_gpt54nano_per_question_method_accuracy_with_difficulty.csv
main_panel150_gpt54nano,MedPrompt,medqa_test,medqa,en,medqa_panel4_150_007,test:356,356,easy,A,,2,2.0,1.0,False,thesis_github/data/evals/failure_prediction/panel150_gpt54nano_delta_ci_plot_v1/panel150_gpt54nano_per_question_method_accuracy_with_difficulty.csv
main_panel150_gpt54nano,MedPrompt,medqa_test,medqa,en,medqa_panel4_150_130,test:358,358,medium,B,,2,2.0,1.0,False,thesis_github/data/evals/failure_prediction/panel150_gpt54nano_delta_ci_plot_v1/panel150_gpt54nano_per_question_method_accuracy_with_difficulty.csv
main_panel150_gpt54nano,MedPrompt,medqa_test,medqa,en,medqa_panel4_150_108,test:36,36,medium,E,,2,2.0,1.0,False,thesis_github/data/evals/failure_prediction/panel150_gpt54nano_delta_ci_plot_v1/panel150_gpt54nano_per_question_method_accuracy_with_difficulty.csv
main_panel150_gpt54nano,MedPrompt,medqa_test,medqa,en,medqa_panel4_150_131,test:372,372,medium,E,,2,2.0,1.0,False,thesis_github/data/evals/failure_prediction/panel150_gpt54nano_delta_ci_plot_v1/panel150_gpt54nano_per_question_method_accuracy_with_difficulty.csv
main_panel150_gpt54nano,MedPrompt,medqa_test,medqa,en,medqa_panel4_150_033,test:374,374,easy,D,,2,2.0,1.0,False,thesis_github/data/evals/failure_prediction/panel150_gpt54nano_delta_ci_plot_v1/panel150_gpt54nano_per_question_method_accuracy_with_difficulty.csv
main_panel150_gpt54nano,MedPrompt,medqa_test,medqa,en,medqa_panel4_150_034,test:387,387,easy,B,,2,2.0,1.0,False,thesis_github/data/evals/failure_prediction/panel150_gpt54nano_delta_ci_plot_v1/panel150_gpt54nano_per_question_method_accuracy_with_difficulty.csv
main_panel150_gpt54nano,MedPrompt,medqa_test,medqa,en,medqa_panel4_150_008,test:400,400,easy,B,,2,0.0,0.0,False,thesis_github/data/evals/failure_prediction/panel150_gpt54nano_delta_ci_plot_v1/panel150_gpt54nano_per_question_method_accuracy_with_difficulty.csv
main_panel150_gpt54nano,MedPrompt,medqa_test,medqa,en,medqa_panel4_150_132,test:401,401,medium,C,,2,1.0,0.5,False,thesis_github/data/evals/failure_prediction/panel150_gpt54nano_delta_ci_plot_v1/panel150_gpt54nano_per_question_method_accuracy_with_difficulty.csv
main_panel150_gpt54nano,MedPrompt,medqa_test,medqa,en,medqa_panel4_150_081,test:413,413,hard,B,,2,2.0,1.0,False,thesis_github/data/evals/failure_prediction/panel150_gpt54nano_delta_ci_plot_v1/panel150_gpt54nano_per_question_method_accuracy_with_difficulty.csv
main_panel150_gpt54nano,MedPrompt,medqa_test,medqa,en,medqa_panel4_150_133,test:42,42,medium,A,,2,2.0,1.0,False,thesis_github/data/evals/failure_prediction/panel150_gpt54nano_delta_ci_plot_v1/panel150_gpt54nano_per_question_method_accuracy_with_difficulty.csv
main_panel150_gpt54nano,MedPrompt,medqa_test,medqa,en,medqa_panel4_150_134,test:422,422,medium,A,,2,2.0,1.0,False,thesis_github/data/evals/failure_prediction/panel150_gpt54nano_delta_ci_plot_v1/panel150_gpt54nano_per_question_method_accuracy_with_difficulty.csv
main_panel150_gpt54nano,MedPrompt,medqa_test,medqa,en,medqa_panel4_150_082,test:423,423,hard,E,,2,2.0,1.0,False,thesis_github/data/evals/failure_prediction/panel150_gpt54nano_delta_ci_plot_v1/panel150_gpt54nano_per_question_method_accuracy_with_difficulty.csv
main_panel150_gpt54nano,MedPrompt,medqa_test,medqa,en,medqa_panel4_150_109,test:425,425,medium,C,,2,0.0,0.0,False,thesis_github/data/evals/failure_prediction/panel150_gpt54nano_delta_ci_plot_v1/panel150_gpt54nano_per_question_method_accuracy_with_difficulty.csv
main_panel150_gpt54nano,MedPrompt,medqa_test,medqa,en,medqa_panel4_150_009,test:436,436,easy,C,,2,2.0,1.0,False,thesis_github/data/evals/failure_prediction/panel150_gpt54nano_delta_ci_plot_v1/panel150_gpt54nano_per_question_method_accuracy_with_difficulty.csv
main_panel150_gpt54nano,MedPrompt,medqa_test,medqa,en,medqa_panel4_150_083,test:44,44,hard,B,,2,2.0,1.0,False,thesis_github/data/evals/failure_prediction/panel150_gpt54nano_delta_ci_plot_v1/panel150_gpt54nano_per_question_method_accuracy_with_difficulty.csv
main_panel150_gpt54nano,MedPrompt,medqa_test,medqa,en,medqa_panel4_150_010,test:451,451,easy,E,,2,2.0,1.0,False,thesis_github/data/evals/failure_prediction/panel150_gpt54nano_delta_ci_plot_v1/panel150_gpt54nano_per_question_method_accuracy_with_difficulty.csv
main_panel150_gpt54nano,MedPrompt,medqa_test,medqa,en,medqa_panel4_150_057,test:452,452,hard,C,,2,1.0,0.5,False,thesis_github/data/evals/failure_prediction/panel150_gpt54nano_delta_ci_plot_v1/panel150_gpt54nano_per_question_method_accuracy_with_difficulty.csv
main_panel150_gpt54nano,MedPrompt,medqa_test,medqa,en,medqa_panel4_150_135,test:460,460,medium,A,,2,0.0,0.0,False,thesis_github/data/evals/failure_prediction/panel150_gpt54nano_delta_ci_plot_v1/panel150_gpt54nano_per_question_method_accuracy_with_difficulty.csv
main_panel150_gpt54nano,MedPrompt,medqa_test,medqa,en,medqa_panel4_150_084,test:461,461,hard,D,,2,1.0,0.5,False,thesis_github/data/evals/failure_prediction/panel150_gpt54nano_delta_ci_plot_v1/panel150_gpt54nano_per_question_method_accuracy_with_difficulty.csv
main_panel150_gpt54nano,MedPrompt,medqa_test,medqa,en,medqa_panel4_150_136,test:471,471,medium,D,,2,2.0,1.0,False,thesis_github/data/evals/failure_prediction/panel150_gpt54nano_delta_ci_plot_v1/panel150_gpt54nano_per_question_method_accuracy_with_difficulty.csv
main_panel150_gpt54nano,MedPrompt,medqa_test,medqa,en,medqa_panel4_150_058,test:480,480,hard,B,,2,0.0,0.0,False,thesis_github/data/evals/failure_prediction/panel150_gpt54nano_delta_ci_plot_v1/panel150_gpt54nano_per_question_method_accuracy_with_difficulty.csv
main_panel150_gpt54nano,MedPrompt,medqa_test,medqa,en,medqa_panel4_150_085,test:483,483,hard,D,,2,0.0,0.0,False,thesis_github/data/evals/failure_prediction/panel150_gpt54nano_delta_ci_plot_v1/panel150_gpt54nano_per_question_method_accuracy_with_difficulty.csv
main_panel150_gpt54nano,MedPrompt,medqa_test,medqa,en,medqa_panel4_150_137,test:486,486,medium,C,,2,2.0,1.0,False,thesis_github/data/evals/failure_prediction/panel150_gpt54nano_delta_ci_plot_v1/panel150_gpt54nano_per_question_method_accuracy_with_difficulty.csv
main_panel150_gpt54nano,MedPrompt,medqa_test,medqa,en,medqa_panel4_150_011,test:488,488,easy,A,,2,2.0,1.0,False,thesis_github/data/evals/failure_prediction/panel150_gpt54nano_delta_ci_plot_v1/panel150_gpt54nano_per_question_method_accuracy_with_difficulty.csv
main_panel150_gpt54nano,MedPrompt,medqa_test,medqa,en,medqa_panel4_150_086,test:5,5,hard,E,,2,0.0,0.0,False,thesis_github/data/evals/failure_prediction/panel150_gpt54nano_delta_ci_plot_v1/panel150_gpt54nano_per_question_method_accuracy_with_difficulty.csv
main_panel150_gpt54nano,MedPrompt,medqa_test,medqa,en,medqa_panel4_150_035,test:504,504,easy,C,,2,2.0,1.0,False,thesis_github/data/evals/failure_prediction/panel150_gpt54nano_delta_ci_plot_v1/panel150_gpt54nano_per_question_method_accuracy_with_difficulty.csv
main_panel150_gpt54nano,MedPrompt,medqa_test,medqa,en,medqa_panel4_150_036,test:51,51,easy,A,,2,2.0,1.0,False,thesis_github/data/evals/failure_prediction/panel150_gpt54nano_delta_ci_plot_v1/panel150_gpt54nano_per_question_method_accuracy_with_difficulty.csv
main_panel150_gpt54nano,MedPrompt,medqa_test,medqa,en,medqa_panel4_150_087,test:514,514,hard,B,,2,0.0,0.0,False,thesis_github/data/evals/failure_prediction/panel150_gpt54nano_delta_ci_plot_v1/panel150_gpt54nano_per_question_method_accuracy_with_difficulty.csv
main_panel150_gpt54nano,MedPrompt,medqa_test,medqa,en,medqa_panel4_150_110,test:524,524,medium,B,,2,0.0,0.0,False,thesis_github/data/evals/failure_prediction/panel150_gpt54nano_delta_ci_plot_v1/panel150_gpt54nano_per_question_method_accuracy_with_difficulty.csv
main_panel150_gpt54nano,MedPrompt,medqa_test,medqa,en,medqa_panel4_150_037,test:528,528,easy,D,,2,2.0,1.0,False,thesis_github/data/evals/failure_prediction/panel150_gpt54nano_delta_ci_plot_v1/panel150_gpt54nano_per_question_method_accuracy_with_difficulty.csv
main_panel150_gpt54nano,MedPrompt,medqa_test,medqa,en,medqa_panel4_150_138,test:550,550,medium,A,,2,2.0,1.0,False,thesis_github/data/evals/failure_prediction/panel150_gpt54nano_delta_ci_plot_v1/panel150_gpt54nano_per_question_method_accuracy_with_difficulty.csv
main_panel150_gpt54nano,MedPrompt,medqa_test,medqa,en,medqa_panel4_150_059,test:564,564,hard,A,,2,0.0,0.0,False,thesis_github/data/evals/failure_prediction/panel150_gpt54nano_delta_ci_plot_v1/panel150_gpt54nano_per_question_method_accuracy_with_difficulty.csv
main_panel150_gpt54nano,MedPrompt,medqa_test,medqa,en,medqa_panel4_150_038,test:578,578,easy,B,,2,2.0,1.0,False,thesis_github/data/evals/failure_prediction/panel150_gpt54nano_delta_ci_plot_v1/panel150_gpt54nano_per_question_method_accuracy_with_difficulty.csv
main_panel150_gpt54nano,MedPrompt,medqa_test,medqa,en,medqa_panel4_150_139,test:581,581,medium,D,,2,2.0,1.0,False,thesis_github/data/evals/failure_prediction/panel150_gpt54nano_delta_ci_plot_v1/panel150_gpt54nano_per_question_method_accuracy_with_difficulty.csv
main_panel150_gpt54nano,MedPrompt,medqa_test,medqa,en,medqa_panel4_150_060,test:583,583,hard,E,,2,0.0,0.0,False,thesis_github/data/evals/failure_prediction/panel150_gpt54nano_delta_ci_plot_v1/panel150_gpt54nano_per_question_method_accuracy_with_difficulty.csv
main_panel150_gpt54nano,MedPrompt,medqa_test,medqa,en,medqa_panel4_150_088,test:587,587,hard,E,,2,0.0,0.0,False,thesis_github/data/evals/failure_prediction/panel150_gpt54nano_delta_ci_plot_v1/panel150_gpt54nano_per_question_method_accuracy_with_difficulty.csv
main_panel150_gpt54nano,MedPrompt,medqa_test,medqa,en,medqa_panel4_150_140,test:594,594,medium,D,,2,1.0,0.5,False,thesis_github/data/evals/failure_prediction/panel150_gpt54nano_delta_ci_plot_v1/panel150_gpt54nano_per_question_method_accuracy_with_difficulty.csv
main_panel150_gpt54nano,MedPrompt,medqa_test,medqa,en,medqa_panel4_150_089,test:616,616,hard,E,,2,2.0,1.0,False,thesis_github/data/evals/failure_prediction/panel150_gpt54nano_delta_ci_plot_v1/panel150_gpt54nano_per_question_method_accuracy_with_difficulty.csv
main_panel150_gpt54nano,MedPrompt,medqa_test,medqa,en,medqa_panel4_150_039,test:628,628,easy,C,,2,2.0,1.0,False,thesis_github/data/evals/failure_prediction/panel150_gpt54nano_delta_ci_plot_v1/panel150_gpt54nano_per_question_method_accuracy_with_difficulty.csv
main_panel150_gpt54nano,MedPrompt,medqa_test,medqa,en,medqa_panel4_150_090,test:634,634,hard,A,,2,2.0,1.0,False,thesis_github/data/evals/failure_prediction/panel150_gpt54nano_delta_ci_plot_v1/panel150_gpt54nano_per_question_method_accuracy_with_difficulty.csv
main_panel150_gpt54nano,MedPrompt,medqa_test,medqa,en,medqa_panel4_150_061,test:64,64,hard,A,,2,2.0,1.0,False,thesis_github/data/evals/failure_prediction/panel150_gpt54nano_delta_ci_plot_v1/panel150_gpt54nano_per_question_method_accuracy_with_difficulty.csv
main_panel150_gpt54nano,MedPrompt,medqa_test,medqa,en,medqa_panel4_150_141,test:652,652,medium,D,,2,2.0,1.0,False,thesis_github/data/evals/failure_prediction/panel150_gpt54nano_delta_ci_plot_v1/panel150_gpt54nano_per_question_method_accuracy_with_difficulty.csv
main_panel150_gpt54nano,MedPrompt,medqa_test,medqa,en,medqa_panel4_150_012,test:655,655,easy,B,,2,2.0,1.0,False,thesis_github/data/evals/failure_prediction/panel150_gpt54nano_delta_ci_plot_v1/panel150_gpt54nano_per_question_method_accuracy_with_difficulty.csv
main_panel150_gpt54nano,MedPrompt,medqa_test,medqa,en,medqa_panel4_150_091,test:659,659,hard,D,,2,0.0,0.0,False,thesis_github/data/evals/failure_prediction/panel150_gpt54nano_delta_ci_plot_v1/panel150_gpt54nano_per_question_method_accuracy_with_difficulty.csv
main_panel150_gpt54nano,MedPrompt,medqa_test,medqa,en,medqa_panel4_150_040,test:66,66,easy,D,,2,2.0,1.0,False,thesis_github/data/evals/failure_prediction/panel150_gpt54nano_delta_ci_plot_v1/panel150_gpt54nano_per_question_method_accuracy_with_difficulty.csv
main_panel150_gpt54nano,MedPrompt,medqa_test,medqa,en,medqa_panel4_150_111,test:673,673,medium,E,,2,2.0,1.0,False,thesis_github/data/evals/failure_prediction/panel150_gpt54nano_delta_ci_plot_v1/panel150_gpt54nano_per_question_method_accuracy_with_difficulty.csv
main_panel150_gpt54nano,MedPrompt,medqa_test,medqa,en,medqa_panel4_150_092,test:677,677,hard,A,,2,0.0,0.0,False,thesis_github/data/evals/failure_prediction/panel150_gpt54nano_delta_ci_plot_v1/panel150_gpt54nano_per_question_method_accuracy_with_difficulty.csv
main_panel150_gpt54nano,MedPrompt,medqa_test,medqa,en,medqa_panel4_150_112,test:679,679,medium,C,,2,2.0,1.0,False,thesis_github/data/evals/failure_prediction/panel150_gpt54nano_delta_ci_plot_v1/panel150_gpt54nano_per_question_method_accuracy_with_difficulty.csv
main_panel150_gpt54nano,MedPrompt,medqa_test,medqa,en,medqa_panel4_150_041,test:684,684,easy,B,,2,2.0,1.0,False,thesis_github/data/evals/failure_prediction/panel150_gpt54nano_delta_ci_plot_v1/panel150_gpt54nano_per_question_method_accuracy_with_difficulty.csv
main_panel150_gpt54nano,MedPrompt,medqa_test,medqa,en,medqa_panel4_150_062,test:69,69,hard,A,,2,0.0,0.0,False,thesis_github/data/evals/failure_prediction/panel150_gpt54nano_delta_ci_plot_v1/panel150_gpt54nano_per_question_method_accuracy_with_difficulty.csv
main_panel150_gpt54nano,MedPrompt,medqa_test,medqa,en,medqa_panel4_150_142,test:691,691,medium,C,,2,2.0,1.0,False,thesis_github/data/evals/failure_prediction/panel150_gpt54nano_delta_ci_plot_v1/panel150_gpt54nano_per_question_method_accuracy_with_difficulty.csv
main_panel150_gpt54nano,MedPrompt,medqa_test,medqa,en,medqa_panel4_150_042,test:704,704,easy,E,,2,2.0,1.0,False,thesis_github/data/evals/failure_prediction/panel150_gpt54nano_delta_ci_plot_v1/panel150_gpt54nano_per_question_method_accuracy_with_difficulty.csv
main_panel150_gpt54nano,MedPrompt,medqa_test,medqa,en,medqa_panel4_150_093,test:706,706,hard,C,,2,0.0,0.0,False,thesis_github/data/evals/failure_prediction/panel150_gpt54nano_delta_ci_plot_v1/panel150_gpt54nano_per_question_method_accuracy_with_difficulty.csv
main_panel150_gpt54nano,MedPrompt,medqa_test,medqa,en,medqa_panel4_150_043,test:729,729,easy,D,,2,2.0,1.0,False,thesis_github/data/evals/failure_prediction/panel150_gpt54nano_delta_ci_plot_v1/panel150_gpt54nano_per_question_method_accuracy_with_difficulty.csv
main_panel150_gpt54nano,MedPrompt,medqa_test,medqa,en,medqa_panel4_150_143,test:745,745,medium,A,,2,2.0,1.0,False,thesis_github/data/evals/failure_prediction/panel150_gpt54nano_delta_ci_plot_v1/panel150_gpt54nano_per_question_method_accuracy_with_difficulty.csv
main_panel150_gpt54nano,MedPrompt,medqa_test,medqa,en,medqa_panel4_150_113,test:752,752,medium,C,,2,2.0,1.0,False,thesis_github/data/evals/failure_prediction/panel150_gpt54nano_delta_ci_plot_v1/panel150_gpt54nano_per_question_method_accuracy_with_difficulty.csv
main_panel150_gpt54nano,MedPrompt,medqa_test,medqa,en,medqa_panel4_150_094,test:755,755,hard,D,,2,0.0,0.0,False,thesis_github/data/evals/failure_prediction/panel150_gpt54nano_delta_ci_plot_v1/panel150_gpt54nano_per_question_method_accuracy_with_difficulty.csv
main_panel150_gpt54nano,MedPrompt,medqa_test,medqa,en,medqa_panel4_150_114,test:758,758,medium,E,,2,2.0,1.0,False,thesis_github/data/evals/failure_prediction/panel150_gpt54nano_delta_ci_plot_v1/panel150_gpt54nano_per_question_method_accuracy_with_difficulty.csv
main_panel150_gpt54nano,MedPrompt,medqa_test,medqa,en,medqa_panel4_150_044,test:782,782,easy,E,,2,2.0,1.0,False,thesis_github/data/evals/failure_prediction/panel150_gpt54nano_delta_ci_plot_v1/panel150_gpt54nano_per_question_method_accuracy_with_difficulty.csv
main_panel150_gpt54nano,MedPrompt,medqa_test,medqa,en,medqa_panel4_150_115,test:798,798,medium,C,,2,2.0,1.0,False,thesis_github/data/evals/failure_prediction/panel150_gpt54nano_delta_ci_plot_v1/panel150_gpt54nano_per_question_method_accuracy_with_difficulty.csv
main_panel150_gpt54nano,MedPrompt,medqa_test,medqa,en,medqa_panel4_150_013,test:801,801,easy,B,,2,2.0,1.0,False,thesis_github/data/evals/failure_prediction/panel150_gpt54nano_delta_ci_plot_v1/panel150_gpt54nano_per_question_method_accuracy_with_difficulty.csv
main_panel150_gpt54nano,MedPrompt,medqa_test,medqa,en,medqa_panel4_150_095,test:803,803,hard,B,,2,0.0,0.0,False,thesis_github/data/evals/failure_prediction/panel150_gpt54nano_delta_ci_plot_v1/panel150_gpt54nano_per_question_method_accuracy_with_difficulty.csv
main_panel150_gpt54nano,MedPrompt,medqa_test,medqa,en,medqa_panel4_150_045,test:804,804,easy,A,,2,2.0,1.0,False,thesis_github/data/evals/failure_prediction/panel150_gpt54nano_delta_ci_plot_v1/panel150_gpt54nano_per_question_method_accuracy_with_difficulty.csv
main_panel150_gpt54nano,MedPrompt,medqa_test,medqa,en,medqa_panel4_150_096,test:807,807,hard,A,,2,1.0,0.5,False,thesis_github/data/evals/failure_prediction/panel150_gpt54nano_delta_ci_plot_v1/panel150_gpt54nano_per_question_method_accuracy_with_difficulty.csv
main_panel150_gpt54nano,MedPrompt,medqa_test,medqa,en,medqa_panel4_150_014,test:811,811,easy,E,,2,2.0,1.0,False,thesis_github/data/evals/failure_prediction/panel150_gpt54nano_delta_ci_plot_v1/panel150_gpt54nano_per_question_method_accuracy_with_difficulty.csv
main_panel150_gpt54nano,MedPrompt,medqa_test,medqa,en,medqa_panel4_150_097,test:829,829,hard,E,,2,0.0,0.0,False,thesis_github/data/evals/failure_prediction/panel150_gpt54nano_delta_ci_plot_v1/panel150_gpt54nano_per_question_method_accuracy_with_difficulty.csv
main_panel150_gpt54nano,MedPrompt,medqa_test,medqa,en,medqa_panel4_150_046,test:846,846,easy,D,,2,2.0,1.0,False,thesis_github/data/evals/failure_prediction/panel150_gpt54nano_delta_ci_plot_v1/panel150_gpt54nano_per_question_method_accuracy_with_difficulty.csv
main_panel150_gpt54nano,MedPrompt,medqa_test,medqa,en,medqa_panel4_150_063,test:850,850,hard,C,,2,0.0,0.0,False,thesis_github/data/evals/failure_prediction/panel150_gpt54nano_delta_ci_plot_v1/panel150_gpt54nano_per_question_method_accuracy_with_difficulty.csv
main_panel150_gpt54nano,MedPrompt,medqa_test,medqa,en,medqa_panel4_150_064,test:856,856,hard,D,,2,0.0,0.0,False,thesis_github/data/evals/failure_prediction/panel150_gpt54nano_delta_ci_plot_v1/panel150_gpt54nano_per_question_method_accuracy_with_difficulty.csv
main_panel150_gpt54nano,MedPrompt,medqa_test,medqa,en,medqa_panel4_150_015,test:857,857,easy,D,,2,2.0,1.0,False,thesis_github/data/evals/failure_prediction/panel150_gpt54nano_delta_ci_plot_v1/panel150_gpt54nano_per_question_method_accuracy_with_difficulty.csv
main_panel150_gpt54nano,MedPrompt,medqa_test,medqa,en,medqa_panel4_150_047,test:86,86,easy,C,,2,2.0,1.0,False,thesis_github/data/evals/failure_prediction/panel150_gpt54nano_delta_ci_plot_v1/panel150_gpt54nano_per_question_method_accuracy_with_difficulty.csv
main_panel150_gpt54nano,MedPrompt,medqa_test,medqa,en,medqa_panel4_150_098,test:880,880,hard,C,,2,0.0,0.0,False,thesis_github/data/evals/failure_prediction/panel150_gpt54nano_delta_ci_plot_v1/panel150_gpt54nano_per_question_method_accuracy_with_difficulty.csv
main_panel150_gpt54nano,MedPrompt,medqa_test,medqa,en,medqa_panel4_150_099,test:885,885,hard,C,,2,2.0,1.0,False,thesis_github/data/evals/failure_prediction/panel150_gpt54nano_delta_ci_plot_v1/panel150_gpt54nano_per_question_method_accuracy_with_difficulty.csv
main_panel150_gpt54nano,MedPrompt,medqa_test,medqa,en,medqa_panel4_150_100,test:887,887,hard,A,,2,0.0,0.0,False,thesis_github/data/evals/failure_prediction/panel150_gpt54nano_delta_ci_plot_v1/panel150_gpt54nano_per_question_method_accuracy_with_difficulty.csv
main_panel150_gpt54nano,MedPrompt,medqa_test,medqa,en,medqa_panel4_150_144,test:908,908,medium,C,,2,2.0,1.0,False,thesis_github/data/evals/failure_prediction/panel150_gpt54nano_delta_ci_plot_v1/panel150_gpt54nano_per_question_method_accuracy_with_difficulty.csv
main_panel150_gpt54nano,MedPrompt,medqa_test,medqa,en,medqa_panel4_150_145,test:934,934,medium,B,,2,2.0,1.0,False,thesis_github/data/evals/failure_prediction/panel150_gpt54nano_delta_ci_plot_v1/panel150_gpt54nano_per_question_method_accuracy_with_difficulty.csv
main_panel150_gpt54nano,MedPrompt,medqa_test,medqa,en,medqa_panel4_150_146,test:936,936,medium,B,,2,2.0,1.0,False,thesis_github/data/evals/failure_prediction/panel150_gpt54nano_delta_ci_plot_v1/panel150_gpt54nano_per_question_method_accuracy_with_difficulty.csv
main_panel150_gpt54nano,MedPrompt,medqa_test,medqa,en,medqa_panel4_150_147,test:944,944,medium,E,,2,0.0,0.0,False,thesis_github/data/evals/failure_prediction/panel150_gpt54nano_delta_ci_plot_v1/panel150_gpt54nano_per_question_method_accuracy_with_difficulty.csv
main_panel150_gpt54nano,MedPrompt,medqa_test,medqa,en,medqa_panel4_150_048,test:946,946,easy,D,,2,2.0,1.0,False,thesis_github/data/evals/failure_prediction/panel150_gpt54nano_delta_ci_plot_v1/panel150_gpt54nano_per_question_method_accuracy_with_difficulty.csv
main_panel150_gpt54nano,MedPrompt,medqa_test,medqa,en,medqa_panel4_150_049,test:956,956,easy,B,,2,2.0,1.0,False,thesis_github/data/evals/failure_prediction/panel150_gpt54nano_delta_ci_plot_v1/panel150_gpt54nano_per_question_method_accuracy_with_difficulty.csv
main_panel150_gpt54nano,MedPrompt,medqa_test,medqa,en,medqa_panel4_150_148,test:961,961,medium,A,,2,2.0,1.0,False,thesis_github/data/evals/failure_prediction/panel150_gpt54nano_delta_ci_plot_v1/panel150_gpt54nano_per_question_method_accuracy_with_difficulty.csv
main_panel150_gpt54nano,MedPrompt,medqa_test,medqa,en,medqa_panel4_150_149,test:980,980,medium,C,,2,0.0,0.0,False,thesis_github/data/evals/failure_prediction/panel150_gpt54nano_delta_ci_plot_v1/panel150_gpt54nano_per_question_method_accuracy_with_difficulty.csv
main_panel150_gpt54nano,MedPrompt,medqa_test,medqa,en,medqa_panel4_150_150,test:983,983,medium,D,,2,2.0,1.0,False,thesis_github/data/evals/failure_prediction/panel150_gpt54nano_delta_ci_plot_v1/panel150_gpt54nano_per_question_method_accuracy_with_difficulty.csv
main_panel150_gpt54nano,MedPrompt,medqa_test,medqa,en,medqa_panel4_150_050,test:991,991,easy,D,,2,2.0,1.0,False,thesis_github/data/evals/failure_prediction/panel150_gpt54nano_delta_ci_plot_v1/panel150_gpt54nano_per_question_method_accuracy_with_difficulty.csv
main_panel150_gpt54nano,MedPrompt,medqa_test,medqa,en,medqa_panel4_150_065,test:993,993,hard,A,,2,0.0,0.0,False,thesis_github/data/evals/failure_prediction/panel150_gpt54nano_delta_ci_plot_v1/panel150_gpt54nano_per_question_method_accuracy_with_difficulty.csv
main_panel150_gpt54nano,MedPrompt,pna_all,pna,pt,pna_panel4_150_101,pna:2018:part_1A:20,17,medium,A,,2,0.0,0.0,False,thesis_github/data/evals/failure_prediction/panel150_gpt54nano_delta_ci_plot_v1/panel150_gpt54nano_per_question_method_accuracy_with_difficulty.csv
main_panel150_gpt54nano,MedPrompt,pna_all,pna,pt,pna_panel4_150_001,pna:2018:part_1A:28,25,easy,C,,2,2.0,1.0,False,thesis_github/data/evals/failure_prediction/panel150_gpt54nano_delta_ci_plot_v1/panel150_gpt54nano_per_question_method_accuracy_with_difficulty.csv
main_panel150_gpt54nano,MedPrompt,pna_all,pna,pt,pna_panel4_150_102,pna:2018:part_1A:3,2,medium,C,,2,1.0,0.5,False,thesis_github/data/evals/failure_prediction/panel150_gpt54nano_delta_ci_plot_v1/panel150_gpt54nano_per_question_method_accuracy_with_difficulty.csv
main_panel150_gpt54nano,MedPrompt,pna_all,pna,pt,pna_panel4_150_103,pna:2018:part_1A:36,33,medium,D,,2,2.0,1.0,False,thesis_github/data/evals/failure_prediction/panel150_gpt54nano_delta_ci_plot_v1/panel150_gpt54nano_per_question_method_accuracy_with_difficulty.csv
main_panel150_gpt54nano,MedPrompt,pna_all,pna,pt,pna_panel4_150_051,pna:2018:part_1A:42,39,hard,D,,2,0.0,0.0,False,thesis_github/data/evals/failure_prediction/panel150_gpt54nano_delta_ci_plot_v1/panel150_gpt54nano_per_question_method_accuracy_with_difficulty.csv
main_panel150_gpt54nano,MedPrompt,pna_all,pna,pt,pna_panel4_150_002,pna:2018:part_1A:52,49,easy,D,,2,2.0,1.0,False,thesis_github/data/evals/failure_prediction/panel150_gpt54nano_delta_ci_plot_v1/panel150_gpt54nano_per_question_method_accuracy_with_difficulty.csv
main_panel150_gpt54nano,MedPrompt,pna_all,pna,pt,pna_panel4_150_052,pna:2018:part_1A:59,56,hard,A,,2,0.0,0.0,False,thesis_github/data/evals/failure_prediction/panel150_gpt54nano_delta_ci_plot_v1/panel150_gpt54nano_per_question_method_accuracy_with_difficulty.csv
main_panel150_gpt54nano,MedPrompt,pna_all,pna,pt,pna_panel4_150_053,pna:2018:part_1A:6,5,hard,C,,2,0.0,0.0,False,thesis_github/data/evals/failure_prediction/panel150_gpt54nano_delta_ci_plot_v1/panel150_gpt54nano_per_question_method_accuracy_with_difficulty.csv
main_panel150_gpt54nano,MedPrompt,pna_all,pna,pt,pna_panel4_150_003,pna:2018:part_1A:63,60,easy,E,,2,2.0,1.0,False,thesis_github/data/evals/failure_prediction/panel150_gpt54nano_delta_ci_plot_v1/panel150_gpt54nano_per_question_method_accuracy_with_difficulty.csv
main_panel150_gpt54nano,MedPrompt,pna_all,pna,pt,pna_panel4_150_004,pna:2018:part_1A:64,61,easy,C,,2,2.0,1.0,False,thesis_github/data/evals/failure_prediction/panel150_gpt54nano_delta_ci_plot_v1/panel150_gpt54nano_per_question_method_accuracy_with_difficulty.csv
main_panel150_gpt54nano,MedPrompt,pna_all,pna,pt,pna_panel4_150_005,pna:2018:part_1A:68,65,easy,A,,2,2.0,1.0,False,thesis_github/data/evals/failure_prediction/panel150_gpt54nano_delta_ci_plot_v1/panel150_gpt54nano_per_question_method_accuracy_with_difficulty.csv
main_panel150_gpt54nano,MedPrompt,pna_all,pna,pt,pna_panel4_150_054,pna:2018:part_1A:74,71,hard,E,,2,1.0,0.5,False,thesis_github/data/evals/failure_prediction/panel150_gpt54nano_delta_ci_plot_v1/panel150_gpt54nano_per_question_method_accuracy_with_difficulty.csv
main_panel150_gpt54nano,MedPrompt,pna_all,pna,pt,pna_panel4_150_006,pna:2018:part_1A:9,8,easy,A,,2,2.0,1.0,False,thesis_github/data/evals/failure_prediction/panel150_gpt54nano_delta_ci_plot_v1/panel150_gpt54nano_per_question_method_accuracy_with_difficulty.csv
main_panel150_gpt54nano,MedPrompt,pna_all,pna,pt,pna_panel4_150_104,pna:2018:part_2A:109,103,medium,B,,2,2.0,1.0,False,thesis_github/data/evals/failure_prediction/panel150_gpt54nano_delta_ci_plot_v1/panel150_gpt54nano_per_question_method_accuracy_with_difficulty.csv
main_panel150_gpt54nano,MedPrompt,pna_all,pna,pt,pna_panel4_150_055,pna:2018:part_2A:113,107,hard,E,,2,1.0,0.5,False,thesis_github/data/evals/failure_prediction/panel150_gpt54nano_delta_ci_plot_v1/panel150_gpt54nano_per_question_method_accuracy_with_difficulty.csv
main_panel150_gpt54nano,MedPrompt,pna_all,pna,pt,pna_panel4_150_105,pna:2018:part_2A:143,136,medium,D,,2,2.0,1.0,False,thesis_github/data/evals/failure_prediction/panel150_gpt54nano_delta_ci_plot_v1/panel150_gpt54nano_per_question_method_accuracy_with_difficulty.csv
main_panel150_gpt54nano,MedPrompt,pna_all,pna,pt,pna_panel4_150_007,pna:2018:part_2A:144,137,easy,B,,2,2.0,1.0,False,thesis_github/data/evals/failure_prediction/panel150_gpt54nano_delta_ci_plot_v1/panel150_gpt54nano_per_question_method_accuracy_with_difficulty.csv
main_panel150_gpt54nano,MedPrompt,pna_all,pna,pt,pna_panel4_150_106,pna:2018:part_2A:84,80,medium,A,,2,2.0,1.0,False,thesis_github/data/evals/failure_prediction/panel150_gpt54nano_delta_ci_plot_v1/panel150_gpt54nano_per_question_method_accuracy_with_difficulty.csv
main_panel150_gpt54nano,MedPrompt,pna_all,pna,pt,pna_panel4_150_107,pna:2018:part_2A:94,89,medium,A,,2,2.0,1.0,False,thesis_github/data/evals/failure_prediction/panel150_gpt54nano_delta_ci_plot_v1/panel150_gpt54nano_per_question_method_accuracy_with_difficulty.csv
main_panel150_gpt54nano,MedPrompt,pna_all,pna,pt,pna_panel4_150_008,pna:2019:part_1A:11,152,easy,A,,2,2.0,1.0,False,thesis_github/data/evals/failure_prediction/panel150_gpt54nano_delta_ci_plot_v1/panel150_gpt54nano_per_question_method_accuracy_with_difficulty.csv
main_panel150_gpt54nano,MedPrompt,pna_all,pna,pt,pna_panel4_150_108,pna:2019:part_1A:25,164,medium,D,,2,2.0,1.0,False,thesis_github/data/evals/failure_prediction/panel150_gpt54nano_delta_ci_plot_v1/panel150_gpt54nano_per_question_method_accuracy_with_difficulty.csv
main_panel150_gpt54nano,MedPrompt,pna_all,pna,pt,pna_panel4_150_056,pna:2019:part_1A:44,182,hard,A,,2,2.0,1.0,False,thesis_github/data/evals/failure_prediction/panel150_gpt54nano_delta_ci_plot_v1/panel150_gpt54nano_per_question_method_accuracy_with_difficulty.csv
main_panel150_gpt54nano,MedPrompt,pna_all,pna,pt,pna_panel4_150_109,pna:2019:part_1A:45,183,medium,E,,2,2.0,1.0,False,thesis_github/data/evals/failure_prediction/panel150_gpt54nano_delta_ci_plot_v1/panel150_gpt54nano_per_question_method_accuracy_with_difficulty.csv
main_panel150_gpt54nano,MedPrompt,pna_all,pna,pt,pna_panel4_150_110,pna:2019:part_1A:48,186,medium,C,,2,2.0,1.0,False,thesis_github/data/evals/failure_prediction/panel150_gpt54nano_delta_ci_plot_v1/panel150_gpt54nano_per_question_method_accuracy_with_difficulty.csv
main_panel150_gpt54nano,MedPrompt,pna_all,pna,pt,pna_panel4_150_111,pna:2019:part_1A:54,192,medium,A,,2,2.0,1.0,False,thesis_github/data/evals/failure_prediction/panel150_gpt54nano_delta_ci_plot_v1/panel150_gpt54nano_per_question_method_accuracy_with_difficulty.csv
main_panel150_gpt54nano,MedPrompt,pna_all,pna,pt,pna_panel4_150_057,pna:2019:part_1A:75,211,hard,E,,2,0.0,0.0,False,thesis_github/data/evals/failure_prediction/panel150_gpt54nano_delta_ci_plot_v1/panel150_gpt54nano_per_question_method_accuracy_with_difficulty.csv
main_panel150_gpt54nano,MedPrompt,pna_all,pna,pt,pna_panel4_150_009,pna:2019:part_2A:100,236,easy,E,,2,2.0,1.0,False,thesis_github/data/evals/failure_prediction/panel150_gpt54nano_delta_ci_plot_v1/panel150_gpt54nano_per_question_method_accuracy_with_difficulty.csv
main_panel150_gpt54nano,MedPrompt,pna_all,pna,pt,pna_panel4_150_112,pna:2019:part_2A:102,238,medium,C,,2,2.0,1.0,False,thesis_github/data/evals/failure_prediction/panel150_gpt54nano_delta_ci_plot_v1/panel150_gpt54nano_per_question_method_accuracy_with_difficulty.csv
main_panel150_gpt54nano,MedPrompt,pna_all,pna,pt,pna_panel4_150_058,pna:2019:part_2A:103,239,hard,C,,2,0.0,0.0,False,thesis_github/data/evals/failure_prediction/panel150_gpt54nano_delta_ci_plot_v1/panel150_gpt54nano_per_question_method_accuracy_with_difficulty.csv
main_panel150_gpt54nano,MedPrompt,pna_all,pna,pt,pna_panel4_150_010,pna:2019:part_2A:109,245,easy,C,,2,2.0,1.0,False,thesis_github/data/evals/failure_prediction/panel150_gpt54nano_delta_ci_plot_v1/panel150_gpt54nano_per_question_method_accuracy_with_difficulty.csv
main_panel150_gpt54nano,MedPrompt,pna_all,pna,pt,pna_panel4_150_059,pna:2019:part_2A:122,254,hard,D,,2,2.0,1.0,False,thesis_github/data/evals/failure_prediction/panel150_gpt54nano_delta_ci_plot_v1/panel150_gpt54nano_per_question_method_accuracy_with_difficulty.csv
main_panel150_gpt54nano,MedPrompt,pna_all,pna,pt,pna_panel4_150_011,pna:2019:part_2A:135,266,easy,B,,2,2.0,1.0,False,thesis_github/data/evals/failure_prediction/panel150_gpt54nano_delta_ci_plot_v1/panel150_gpt54nano_per_question_method_accuracy_with_difficulty.csv
main_panel150_gpt54nano,MedPrompt,pna_all,pna,pt,pna_panel4_150_012,pna:2019:part_2A:138,269,easy,D,,2,2.0,1.0,False,thesis_github/data/evals/failure_prediction/panel150_gpt54nano_delta_ci_plot_v1/panel150_gpt54nano_per_question_method_accuracy_with_difficulty.csv
main_panel150_gpt54nano,MedPrompt,pna_all,pna,pt,pna_panel4_150_060,pna:2020:part_1A:10,290,hard,A,,2,1.0,0.5,False,thesis_github/data/evals/failure_prediction/panel150_gpt54nano_delta_ci_plot_v1/panel150_gpt54nano_per_question_method_accuracy_with_difficulty.csv
main_panel150_gpt54nano,MedPrompt,pna_all,pna,pt,pna_panel4_150_013,pna:2020:part_1A:14,294,easy,A,,2,2.0,1.0,False,thesis_github/data/evals/failure_prediction/panel150_gpt54nano_delta_ci_plot_v1/panel150_gpt54nano_per_question_method_accuracy_with_difficulty.csv
main_panel150_gpt54nano,MedPrompt,pna_all,pna,pt,pna_panel4_150_014,pna:2020:part_1A:16,296,easy,A,,2,2.0,1.0,False,thesis_github/data/evals/failure_prediction/panel150_gpt54nano_delta_ci_plot_v1/panel150_gpt54nano_per_question_method_accuracy_with_difficulty.csv
main_panel150_gpt54nano,MedPrompt,pna_all,pna,pt,pna_panel4_150_061,pna:2020:part_1A:2,282,hard,A,,2,0.0,0.0,False,thesis_github/data/evals/failure_prediction/panel150_gpt54nano_delta_ci_plot_v1/panel150_gpt54nano_per_question_method_accuracy_with_difficulty.csv
main_panel150_gpt54nano,MedPrompt,pna_all,pna,pt,pna_panel4_150_113,pna:2020:part_1A:21,301,medium,D,,2,0.0,0.0,False,thesis_github/data/evals/failure_prediction/panel150_gpt54nano_delta_ci_plot_v1/panel150_gpt54nano_per_question_method_accuracy_with_difficulty.csv
main_panel150_gpt54nano,MedPrompt,pna_all,pna,pt,pna_panel4_150_062,pna:2020:part_1A:27,306,hard,A,,2,1.0,0.5,False,thesis_github/data/evals/failure_prediction/panel150_gpt54nano_delta_ci_plot_v1/panel150_gpt54nano_per_question_method_accuracy_with_difficulty.csv
main_panel150_gpt54nano,MedPrompt,pna_all,pna,pt,pna_panel4_150_114,pna:2020:part_1A:30,309,medium,A,,2,0.0,0.0,False,thesis_github/data/evals/failure_prediction/panel150_gpt54nano_delta_ci_plot_v1/panel150_gpt54nano_per_question_method_accuracy_with_difficulty.csv
main_panel150_gpt54nano,MedPrompt,pna_all,pna,pt,pna_panel4_150_015,pna:2020:part_1A:31,310,easy,E,,2,2.0,1.0,False,thesis_github/data/evals/failure_prediction/panel150_gpt54nano_delta_ci_plot_v1/panel150_gpt54nano_per_question_method_accuracy_with_difficulty.csv
main_panel150_gpt54nano,MedPrompt,pna_all,pna,pt,pna_panel4_150_016,pna:2020:part_1A:52,329,easy,B,,2,2.0,1.0,False,thesis_github/data/evals/failure_prediction/panel150_gpt54nano_delta_ci_plot_v1/panel150_gpt54nano_per_question_method_accuracy_with_difficulty.csv
main_panel150_gpt54nano,MedPrompt,pna_all,pna,pt,pna_panel4_150_017,pna:2020:part_1A:64,339,easy,A,,2,2.0,1.0,False,thesis_github/data/evals/failure_prediction/panel150_gpt54nano_delta_ci_plot_v1/panel150_gpt54nano_per_question_method_accuracy_with_difficulty.csv
main_panel150_gpt54nano,MedPrompt,pna_all,pna,pt,pna_panel4_150_063,pna:2020:part_1A:70,345,hard,D,,2,0.0,0.0,False,thesis_github/data/evals/failure_prediction/panel150_gpt54nano_delta_ci_plot_v1/panel150_gpt54nano_per_question_method_accuracy_with_difficulty.csv
main_panel150_gpt54nano,MedPrompt,pna_all,pna,pt,pna_panel4_150_018,pna:2020:part_1A:73,348,easy,B,,2,2.0,1.0,False,thesis_github/data/evals/failure_prediction/panel150_gpt54nano_delta_ci_plot_v1/panel150_gpt54nano_per_question_method_accuracy_with_difficulty.csv
main_panel150_gpt54nano,MedPrompt,pna_all,pna,pt,pna_panel4_150_019,pna:2020:part_1A:9,289,easy,D,,2,2.0,1.0,False,thesis_github/data/evals/failure_prediction/panel150_gpt54nano_delta_ci_plot_v1/panel150_gpt54nano_per_question_method_accuracy_with_difficulty.csv
main_panel150_gpt54nano,MedPrompt,pna_all,pna,pt,pna_panel4_150_064,pna:2020:part_2A:105,377,hard,C,,2,0.0,0.0,False,thesis_github/data/evals/failure_prediction/panel150_gpt54nano_delta_ci_plot_v1/panel150_gpt54nano_per_question_method_accuracy_with_difficulty.csv
main_panel150_gpt54nano,MedPrompt,pna_all,pna,pt,pna_panel4_150_020,pna:2020:part_2A:123,394,easy,B,,2,2.0,1.0,False,thesis_github/data/evals/failure_prediction/panel150_gpt54nano_delta_ci_plot_v1/panel150_gpt54nano_per_question_method_accuracy_with_difficulty.csv
main_panel150_gpt54nano,MedPrompt,pna_all,pna,pt,pna_panel4_150_115,pna:2020:part_2A:130,400,medium,A,,2,2.0,1.0,False,thesis_github/data/evals/failure_prediction/panel150_gpt54nano_delta_ci_plot_v1/panel150_gpt54nano_per_question_method_accuracy_with_difficulty.csv
main_panel150_gpt54nano,MedPrompt,pna_all,pna,pt,pna_panel4_150_021,pna:2020:part_2A:94,367,easy,B,,2,2.0,1.0,False,thesis_github/data/evals/failure_prediction/panel150_gpt54nano_delta_ci_plot_v1/panel150_gpt54nano_per_question_method_accuracy_with_difficulty.csv
main_panel150_gpt54nano,MedPrompt,pna_all,pna,pt,pna_panel4_150_065,pna:2021:part_1A:18,437,hard,D,,2,0.0,0.0,False,thesis_github/data/evals/failure_prediction/panel150_gpt54nano_delta_ci_plot_v1/panel150_gpt54nano_per_question_method_accuracy_with_difficulty.csv
main_panel150_gpt54nano,MedPrompt,pna_all,pna,pt,pna_panel4_150_022,pna:2021:part_1A:22,441,easy,E,,2,2.0,1.0,False,thesis_github/data/evals/failure_prediction/panel150_gpt54nano_delta_ci_plot_v1/panel150_gpt54nano_per_question_method_accuracy_with_difficulty.csv
main_panel150_gpt54nano,MedPrompt,pna_all,pna,pt,pna_panel4_150_116,pna:2021:part_1A:26,445,medium,E,,2,2.0,1.0,False,thesis_github/data/evals/failure_prediction/panel150_gpt54nano_delta_ci_plot_v1/panel150_gpt54nano_per_question_method_accuracy_with_difficulty.csv
main_panel150_gpt54nano,MedPrompt,pna_all,pna,pt,pna_panel4_150_023,pna:2021:part_1A:30,449,easy,A,,2,2.0,1.0,False,thesis_github/data/evals/failure_prediction/panel150_gpt54nano_delta_ci_plot_v1/panel150_gpt54nano_per_question_method_accuracy_with_difficulty.csv
main_panel150_gpt54nano,MedPrompt,pna_all,pna,pt,pna_panel4_150_117,pna:2021:part_1A:4,423,medium,A,,2,2.0,1.0,False,thesis_github/data/evals/failure_prediction/panel150_gpt54nano_delta_ci_plot_v1/panel150_gpt54nano_per_question_method_accuracy_with_difficulty.csv
main_panel150_gpt54nano,MedPrompt,pna_all,pna,pt,pna_panel4_150_118,pna:2021:part_1A:44,462,medium,C,,2,2.0,1.0,False,thesis_github/data/evals/failure_prediction/panel150_gpt54nano_delta_ci_plot_v1/panel150_gpt54nano_per_question_method_accuracy_with_difficulty.csv
main_panel150_gpt54nano,MedPrompt,pna_all,pna,pt,pna_panel4_150_066,pna:2021:part_1A:46,464,hard,C,,2,0.0,0.0,False,thesis_github/data/evals/failure_prediction/panel150_gpt54nano_delta_ci_plot_v1/panel150_gpt54nano_per_question_method_accuracy_with_difficulty.csv
main_panel150_gpt54nano,MedPrompt,pna_all,pna,pt,pna_panel4_150_067,pna:2021:part_1A:5,424,hard,D,,2,0.0,0.0,False,thesis_github/data/evals/failure_prediction/panel150_gpt54nano_delta_ci_plot_v1/panel150_gpt54nano_per_question_method_accuracy_with_difficulty.csv
main_panel150_gpt54nano,MedPrompt,pna_all,pna,pt,pna_panel4_150_119,pna:2021:part_1A:57,474,medium,C,,2,2.0,1.0,False,thesis_github/data/evals/failure_prediction/panel150_gpt54nano_delta_ci_plot_v1/panel150_gpt54nano_per_question_method_accuracy_with_difficulty.csv
main_panel150_gpt54nano,MedPrompt,pna_all,pna,pt,pna_panel4_150_024,pna:2021:part_1A:60,477,easy,E,,2,2.0,1.0,False,thesis_github/data/evals/failure_prediction/panel150_gpt54nano_delta_ci_plot_v1/panel150_gpt54nano_per_question_method_accuracy_with_difficulty.csv
main_panel150_gpt54nano,MedPrompt,pna_all,pna,pt,pna_panel4_150_068,pna:2021:part_1A:61,478,hard,D,,2,0.0,0.0,False,thesis_github/data/evals/failure_prediction/panel150_gpt54nano_delta_ci_plot_v1/panel150_gpt54nano_per_question_method_accuracy_with_difficulty.csv
main_panel150_gpt54nano,MedPrompt,pna_all,pna,pt,pna_panel4_150_025,pna:2021:part_1A:66,483,easy,B,,2,2.0,1.0,False,thesis_github/data/evals/failure_prediction/panel150_gpt54nano_delta_ci_plot_v1/panel150_gpt54nano_per_question_method_accuracy_with_difficulty.csv
main_panel150_gpt54nano,MedPrompt,pna_all,pna,pt,pna_panel4_150_069,pna:2021:part_1A:68,485,hard,C,,2,0.0,0.0,False,thesis_github/data/evals/failure_prediction/panel150_gpt54nano_delta_ci_plot_v1/panel150_gpt54nano_per_question_method_accuracy_with_difficulty.csv
main_panel150_gpt54nano,MedPrompt,pna_all,pna,pt,pna_panel4_150_070,pna:2021:part_1A:71,488,hard,A,,2,2.0,1.0,False,thesis_github/data/evals/failure_prediction/panel150_gpt54nano_delta_ci_plot_v1/panel150_gpt54nano_per_question_method_accuracy_with_difficulty.csv
main_panel150_gpt54nano,MedPrompt,pna_all,pna,pt,pna_panel4_150_071,pna:2021:part_2A:100,514,hard,E,,2,1.0,0.5,False,thesis_github/data/evals/failure_prediction/panel150_gpt54nano_delta_ci_plot_v1/panel150_gpt54nano_per_question_method_accuracy_with_difficulty.csv
main_panel150_gpt54nano,MedPrompt,pna_all,pna,pt,pna_panel4_150_120,pna:2021:part_2A:105,518,medium,E,,2,2.0,1.0,False,thesis_github/data/evals/failure_prediction/panel150_gpt54nano_delta_ci_plot_v1/panel150_gpt54nano_per_question_method_accuracy_with_difficulty.csv
main_panel150_gpt54nano,MedPrompt,pna_all,pna,pt,pna_panel4_150_072,pna:2021:part_2A:113,525,hard,A,,2,0.0,0.0,False,thesis_github/data/evals/failure_prediction/panel150_gpt54nano_delta_ci_plot_v1/panel150_gpt54nano_per_question_method_accuracy_with_difficulty.csv
main_panel150_gpt54nano,MedPrompt,pna_all,pna,pt,pna_panel4_150_073,pna:2021:part_2A:116,528,hard,C,,2,0.0,0.0,False,thesis_github/data/evals/failure_prediction/panel150_gpt54nano_delta_ci_plot_v1/panel150_gpt54nano_per_question_method_accuracy_with_difficulty.csv
main_panel150_gpt54nano,MedPrompt,pna_all,pna,pt,pna_panel4_150_121,pna:2021:part_2A:118,530,medium,A,,2,2.0,1.0,False,thesis_github/data/evals/failure_prediction/panel150_gpt54nano_delta_ci_plot_v1/panel150_gpt54nano_per_question_method_accuracy_with_difficulty.csv
main_panel150_gpt54nano,MedPrompt,pna_all,pna,pt,pna_panel4_150_026,pna:2021:part_2A:125,537,easy,B,,2,2.0,1.0,False,thesis_github/data/evals/failure_prediction/panel150_gpt54nano_delta_ci_plot_v1/panel150_gpt54nano_per_question_method_accuracy_with_difficulty.csv
main_panel150_gpt54nano,MedPrompt,pna_all,pna,pt,pna_panel4_150_074,pna:2021:part_2A:129,541,hard,A,,2,0.0,0.0,False,thesis_github/data/evals/failure_prediction/panel150_gpt54nano_delta_ci_plot_v1/panel150_gpt54nano_per_question_method_accuracy_with_difficulty.csv
main_panel150_gpt54nano,MedPrompt,pna_all,pna,pt,pna_panel4_150_027,pna:2021:part_2A:137,549,easy,C,,2,2.0,1.0,False,thesis_github/data/evals/failure_prediction/panel150_gpt54nano_delta_ci_plot_v1/panel150_gpt54nano_per_question_method_accuracy_with_difficulty.csv
main_panel150_gpt54nano,MedPrompt,pna_all,pna,pt,pna_panel4_150_122,pna:2021:part_2A:145,557,medium,E,,2,2.0,1.0,False,thesis_github/data/evals/failure_prediction/panel150_gpt54nano_delta_ci_plot_v1/panel150_gpt54nano_per_question_method_accuracy_with_difficulty.csv
main_panel150_gpt54nano,MedPrompt,pna_all,pna,pt,pna_panel4_150_123,pna:2021:part_2A:82,498,medium,A,,2,2.0,1.0,False,thesis_github/data/evals/failure_prediction/panel150_gpt54nano_delta_ci_plot_v1/panel150_gpt54nano_per_question_method_accuracy_with_difficulty.csv
main_panel150_gpt54nano,MedPrompt,pna_all,pna,pt,pna_panel4_150_075,pna:2021:part_2A:90,505,hard,D,,2,1.0,0.5,False,thesis_github/data/evals/failure_prediction/panel150_gpt54nano_delta_ci_plot_v1/panel150_gpt54nano_per_question_method_accuracy_with_difficulty.csv
main_panel150_gpt54nano,MedPrompt,pna_all,pna,pt,pna_panel4_150_076,pna:2021:part_2A:95,509,hard,B,,2,2.0,1.0,False,thesis_github/data/evals/failure_prediction/panel150_gpt54nano_delta_ci_plot_v1/panel150_gpt54nano_per_question_method_accuracy_with_difficulty.csv
main_panel150_gpt54nano,MedPrompt,pna_all,pna,pt,pna_panel4_150_077,pna:2022:part_1A:11,571,hard,C,,2,0.0,0.0,False,thesis_github/data/evals/failure_prediction/panel150_gpt54nano_delta_ci_plot_v1/panel150_gpt54nano_per_question_method_accuracy_with_difficulty.csv
main_panel150_gpt54nano,MedPrompt,pna_all,pna,pt,pna_panel4_150_124,pna:2022:part_1A:15,575,medium,B,,2,0.0,0.0,False,thesis_github/data/evals/failure_prediction/panel150_gpt54nano_delta_ci_plot_v1/panel150_gpt54nano_per_question_method_accuracy_with_difficulty.csv
main_panel150_gpt54nano,MedPrompt,pna_all,pna,pt,pna_panel4_150_078,pna:2022:part_1A:17,577,hard,D,,2,0.0,0.0,False,thesis_github/data/evals/failure_prediction/panel150_gpt54nano_delta_ci_plot_v1/panel150_gpt54nano_per_question_method_accuracy_with_difficulty.csv
main_panel150_gpt54nano,MedPrompt,pna_all,pna,pt,pna_panel4_150_125,pna:2022:part_1A:18,578,medium,B,,2,0.0,0.0,False,thesis_github/data/evals/failure_prediction/panel150_gpt54nano_delta_ci_plot_v1/panel150_gpt54nano_per_question_method_accuracy_with_difficulty.csv
main_panel150_gpt54nano,MedPrompt,pna_all,pna,pt,pna_panel4_150_079,pna:2022:part_1A:19,579,hard,B,,2,0.0,0.0,False,thesis_github/data/evals/failure_prediction/panel150_gpt54nano_delta_ci_plot_v1/panel150_gpt54nano_per_question_method_accuracy_with_difficulty.csv
main_panel150_gpt54nano,MedPrompt,pna_all,pna,pt,pna_panel4_150_080,pna:2022:part_1A:23,583,hard,E,,2,0.0,0.0,False,thesis_github/data/evals/failure_prediction/panel150_gpt54nano_delta_ci_plot_v1/panel150_gpt54nano_per_question_method_accuracy_with_difficulty.csv
main_panel150_gpt54nano,MedPrompt,pna_all,pna,pt,pna_panel4_150_028,pna:2022:part_1A:24,584,easy,B,,2,2.0,1.0,False,thesis_github/data/evals/failure_prediction/panel150_gpt54nano_delta_ci_plot_v1/panel150_gpt54nano_per_question_method_accuracy_with_difficulty.csv
main_panel150_gpt54nano,MedPrompt,pna_all,pna,pt,pna_panel4_150_126,pna:2022:part_1A:25,585,medium,C,,2,2.0,1.0,False,thesis_github/data/evals/failure_prediction/panel150_gpt54nano_delta_ci_plot_v1/panel150_gpt54nano_per_question_method_accuracy_with_difficulty.csv
main_panel150_gpt54nano,MedPrompt,pna_all,pna,pt,pna_panel4_150_029,pna:2022:part_1A:27,587,easy,B,,2,2.0,1.0,False,thesis_github/data/evals/failure_prediction/panel150_gpt54nano_delta_ci_plot_v1/panel150_gpt54nano_per_question_method_accuracy_with_difficulty.csv
main_panel150_gpt54nano,MedPrompt,pna_all,pna,pt,pna_panel4_150_127,pna:2022:part_1A:29,589,medium,A,,2,2.0,1.0,False,thesis_github/data/evals/failure_prediction/panel150_gpt54nano_delta_ci_plot_v1/panel150_gpt54nano_per_question_method_accuracy_with_difficulty.csv
main_panel150_gpt54nano,MedPrompt,pna_all,pna,pt,pna_panel4_150_128,pna:2022:part_1A:33,592,medium,C,,2,2.0,1.0,False,thesis_github/data/evals/failure_prediction/panel150_gpt54nano_delta_ci_plot_v1/panel150_gpt54nano_per_question_method_accuracy_with_difficulty.csv
main_panel150_gpt54nano,MedPrompt,pna_all,pna,pt,pna_panel4_150_129,pna:2022:part_1A:46,604,medium,C,,2,1.0,0.5,False,thesis_github/data/evals/failure_prediction/panel150_gpt54nano_delta_ci_plot_v1/panel150_gpt54nano_per_question_method_accuracy_with_difficulty.csv
main_panel150_gpt54nano,MedPrompt,pna_all,pna,pt,pna_panel4_150_081,pna:2022:part_1A:51,609,hard,C,,2,2.0,1.0,False,thesis_github/data/evals/failure_prediction/panel150_gpt54nano_delta_ci_plot_v1/panel150_gpt54nano_per_question_method_accuracy_with_difficulty.csv
main_panel150_gpt54nano,MedPrompt,pna_all,pna,pt,pna_panel4_150_030,pna:2022:part_1A:59,617,easy,D,,2,2.0,1.0,False,thesis_github/data/evals/failure_prediction/panel150_gpt54nano_delta_ci_plot_v1/panel150_gpt54nano_per_question_method_accuracy_with_difficulty.csv
main_panel150_gpt54nano,MedPrompt,pna_all,pna,pt,pna_panel4_150_082,pna:2022:part_1A:64,622,hard,A,,2,0.0,0.0,False,thesis_github/data/evals/failure_prediction/panel150_gpt54nano_delta_ci_plot_v1/panel150_gpt54nano_per_question_method_accuracy_with_difficulty.csv
main_panel150_gpt54nano,MedPrompt,pna_all,pna,pt,pna_panel4_150_083,pna:2022:part_2A:100,657,hard,A,,2,2.0,1.0,False,thesis_github/data/evals/failure_prediction/panel150_gpt54nano_delta_ci_plot_v1/panel150_gpt54nano_per_question_method_accuracy_with_difficulty.csv
main_panel150_gpt54nano,MedPrompt,pna_all,pna,pt,pna_panel4_150_031,pna:2022:part_2A:113,670,easy,C,,2,2.0,1.0,False,thesis_github/data/evals/failure_prediction/panel150_gpt54nano_delta_ci_plot_v1/panel150_gpt54nano_per_question_method_accuracy_with_difficulty.csv
main_panel150_gpt54nano,MedPrompt,pna_all,pna,pt,pna_panel4_150_130,pna:2022:part_2A:129,686,medium,D,,2,2.0,1.0,False,thesis_github/data/evals/failure_prediction/panel150_gpt54nano_delta_ci_plot_v1/panel150_gpt54nano_per_question_method_accuracy_with_difficulty.csv
main_panel150_gpt54nano,MedPrompt,pna_all,pna,pt,pna_panel4_150_084,pna:2022:part_2A:132,689,hard,A,,2,2.0,1.0,False,thesis_github/data/evals/failure_prediction/panel150_gpt54nano_delta_ci_plot_v1/panel150_gpt54nano_per_question_method_accuracy_with_difficulty.csv
main_panel150_gpt54nano,MedPrompt,pna_all,pna,pt,pna_panel4_150_085,pna:2022:part_2A:138,695,hard,A,,2,0.0,0.0,False,thesis_github/data/evals/failure_prediction/panel150_gpt54nano_delta_ci_plot_v1/panel150_gpt54nano_per_question_method_accuracy_with_difficulty.csv
main_panel150_gpt54nano,MedPrompt,pna_all,pna,pt,pna_panel4_150_131,pna:2022:part_2A:79,636,medium,B,,2,2.0,1.0,False,thesis_github/data/evals/failure_prediction/panel150_gpt54nano_delta_ci_plot_v1/panel150_gpt54nano_per_question_method_accuracy_with_difficulty.csv
main_panel150_gpt54nano,MedPrompt,pna_all,pna,pt,pna_panel4_150_032,pna:2022:part_2A:83,640,easy,A,,2,2.0,1.0,False,thesis_github/data/evals/failure_prediction/panel150_gpt54nano_delta_ci_plot_v1/panel150_gpt54nano_per_question_method_accuracy_with_difficulty.csv
main_panel150_gpt54nano,MedPrompt,pna_all,pna,pt,pna_panel4_150_132,pna:2023:part_1A:11,715,medium,A,,2,2.0,1.0,False,thesis_github/data/evals/failure_prediction/panel150_gpt54nano_delta_ci_plot_v1/panel150_gpt54nano_per_question_method_accuracy_with_difficulty.csv
main_panel150_gpt54nano,MedPrompt,pna_all,pna,pt,pna_panel4_150_086,pna:2023:part_1A:31,735,hard,D,,2,1.0,0.5,False,thesis_github/data/evals/failure_prediction/panel150_gpt54nano_delta_ci_plot_v1/panel150_gpt54nano_per_question_method_accuracy_with_difficulty.csv
main_panel150_gpt54nano,MedPrompt,pna_all,pna,pt,pna_panel4_150_087,pna:2023:part_1A:34,738,hard,E,,2,2.0,1.0,False,thesis_github/data/evals/failure_prediction/panel150_gpt54nano_delta_ci_plot_v1/panel150_gpt54nano_per_question_method_accuracy_with_difficulty.csv
main_panel150_gpt54nano,MedPrompt,pna_all,pna,pt,pna_panel4_150_033,pna:2023:part_1A:36,740,easy,B,,2,2.0,1.0,False,thesis_github/data/evals/failure_prediction/panel150_gpt54nano_delta_ci_plot_v1/panel150_gpt54nano_per_question_method_accuracy_with_difficulty.csv
main_panel150_gpt54nano,MedPrompt,pna_all,pna,pt,pna_panel4_150_133,pna:2023:part_1A:5,710,medium,E,,2,2.0,1.0,False,thesis_github/data/evals/failure_prediction/panel150_gpt54nano_delta_ci_plot_v1/panel150_gpt54nano_per_question_method_accuracy_with_difficulty.csv
main_panel150_gpt54nano,MedPrompt,pna_all,pna,pt,pna_panel4_150_134,pna:2023:part_1A:50,754,medium,E,,2,2.0,1.0,False,thesis_github/data/evals/failure_prediction/panel150_gpt54nano_delta_ci_plot_v1/panel150_gpt54nano_per_question_method_accuracy_with_difficulty.csv
main_panel150_gpt54nano,MedPrompt,pna_all,pna,pt,pna_panel4_150_088,pna:2023:part_1A:52,756,hard,C,,2,2.0,1.0,False,thesis_github/data/evals/failure_prediction/panel150_gpt54nano_delta_ci_plot_v1/panel150_gpt54nano_per_question_method_accuracy_with_difficulty.csv
main_panel150_gpt54nano,MedPrompt,pna_all,pna,pt,pna_panel4_150_135,pna:2023:part_1A:55,759,medium,E,,2,1.0,0.5,False,thesis_github/data/evals/failure_prediction/panel150_gpt54nano_delta_ci_plot_v1/panel150_gpt54nano_per_question_method_accuracy_with_difficulty.csv
main_panel150_gpt54nano,MedPrompt,pna_all,pna,pt,pna_panel4_150_034,pna:2023:part_1A:68,772,easy,C,,2,2.0,1.0,False,thesis_github/data/evals/failure_prediction/panel150_gpt54nano_delta_ci_plot_v1/panel150_gpt54nano_per_question_method_accuracy_with_difficulty.csv
main_panel150_gpt54nano,MedPrompt,pna_all,pna,pt,pna_panel4_150_035,pna:2023:part_1A:71,775,easy,C,,2,2.0,1.0,False,thesis_github/data/evals/failure_prediction/panel150_gpt54nano_delta_ci_plot_v1/panel150_gpt54nano_per_question_method_accuracy_with_difficulty.csv
main_panel150_gpt54nano,MedPrompt,pna_all,pna,pt,pna_panel4_150_136,pna:2023:part_2A:103,805,medium,E,,2,2.0,1.0,False,thesis_github/data/evals/failure_prediction/panel150_gpt54nano_delta_ci_plot_v1/panel150_gpt54nano_per_question_method_accuracy_with_difficulty.csv
main_panel150_gpt54nano,MedPrompt,pna_all,pna,pt,pna_panel4_150_137,pna:2023:part_2A:105,807,medium,B,,2,2.0,1.0,False,thesis_github/data/evals/failure_prediction/panel150_gpt54nano_delta_ci_plot_v1/panel150_gpt54nano_per_question_method_accuracy_with_difficulty.csv
main_panel150_gpt54nano,MedPrompt,pna_all,pna,pt,pna_panel4_150_036,pna:2023:part_2A:124,824,easy,E,,2,2.0,1.0,False,thesis_github/data/evals/failure_prediction/panel150_gpt54nano_delta_ci_plot_v1/panel150_gpt54nano_per_question_method_accuracy_with_difficulty.csv
main_panel150_gpt54nano,MedPrompt,pna_all,pna,pt,pna_panel4_150_037,pna:2023:part_2A:141,841,easy,B,,2,2.0,1.0,False,thesis_github/data/evals/failure_prediction/panel150_gpt54nano_delta_ci_plot_v1/panel150_gpt54nano_per_question_method_accuracy_with_difficulty.csv
main_panel150_gpt54nano,MedPrompt,pna_all,pna,pt,pna_panel4_150_089,pna:2023:part_2A:81,784,hard,E,,2,0.0,0.0,False,thesis_github/data/evals/failure_prediction/panel150_gpt54nano_delta_ci_plot_v1/panel150_gpt54nano_per_question_method_accuracy_with_difficulty.csv
main_panel150_gpt54nano,MedPrompt,pna_all,pna,pt,pna_panel4_150_090,pna:2023:part_2A:87,790,hard,B,,2,0.0,0.0,False,thesis_github/data/evals/failure_prediction/panel150_gpt54nano_delta_ci_plot_v1/panel150_gpt54nano_per_question_method_accuracy_with_difficulty.csv
main_panel150_gpt54nano,MedPrompt,pna_all,pna,pt,pna_panel4_150_138,pna:2023:part_2A:90,793,medium,D,,2,2.0,1.0,False,thesis_github/data/evals/failure_prediction/panel150_gpt54nano_delta_ci_plot_v1/panel150_gpt54nano_per_question_method_accuracy_with_difficulty.csv
main_panel150_gpt54nano,MedPrompt,pna_all,pna,pt,pna_panel4_150_038,pna:2023:part_2A:91,794,easy,A,,2,2.0,1.0,False,thesis_github/data/evals/failure_prediction/panel150_gpt54nano_delta_ci_plot_v1/panel150_gpt54nano_per_question_method_accuracy_with_difficulty.csv
main_panel150_gpt54nano,MedPrompt,pna_all,pna,pt,pna_panel4_150_139,pna:2024:part_1A:11,860,medium,D,,2,2.0,1.0,False,thesis_github/data/evals/failure_prediction/panel150_gpt54nano_delta_ci_plot_v1/panel150_gpt54nano_per_question_method_accuracy_with_difficulty.csv
main_panel150_gpt54nano,MedPrompt,pna_all,pna,pt,pna_panel4_150_091,pna:2024:part_1A:12,861,hard,B,,2,2.0,1.0,False,thesis_github/data/evals/failure_prediction/panel150_gpt54nano_delta_ci_plot_v1/panel150_gpt54nano_per_question_method_accuracy_with_difficulty.csv
main_panel150_gpt54nano,MedPrompt,pna_all,pna,pt,pna_panel4_150_092,pna:2024:part_1A:31,879,hard,C,,2,0.0,0.0,False,thesis_github/data/evals/failure_prediction/panel150_gpt54nano_delta_ci_plot_v1/panel150_gpt54nano_per_question_method_accuracy_with_difficulty.csv
main_panel150_gpt54nano,MedPrompt,pna_all,pna,pt,pna_panel4_150_140,pna:2024:part_1A:35,883,medium,C,,2,2.0,1.0,False,thesis_github/data/evals/failure_prediction/panel150_gpt54nano_delta_ci_plot_v1/panel150_gpt54nano_per_question_method_accuracy_with_difficulty.csv
main_panel150_gpt54nano,MedPrompt,pna_all,pna,pt,pna_panel4_150_093,pna:2024:part_1A:44,892,hard,E,,2,0.0,0.0,False,thesis_github/data/evals/failure_prediction/panel150_gpt54nano_delta_ci_plot_v1/panel150_gpt54nano_per_question_method_accuracy_with_difficulty.csv
main_panel150_gpt54nano,MedPrompt,pna_all,pna,pt,pna_panel4_150_039,pna:2024:part_1A:57,905,easy,E,,2,2.0,1.0,False,thesis_github/data/evals/failure_prediction/panel150_gpt54nano_delta_ci_plot_v1/panel150_gpt54nano_per_question_method_accuracy_with_difficulty.csv
main_panel150_gpt54nano,MedPrompt,pna_all,pna,pt,pna_panel4_150_141,pna:2024:part_1A:58,906,medium,E,,2,2.0,1.0,False,thesis_github/data/evals/failure_prediction/panel150_gpt54nano_delta_ci_plot_v1/panel150_gpt54nano_per_question_method_accuracy_with_difficulty.csv
main_panel150_gpt54nano,MedPrompt,pna_all,pna,pt,pna_panel4_150_094,pna:2024:part_1A:9,858,hard,A,,2,2.0,1.0,False,thesis_github/data/evals/failure_prediction/panel150_gpt54nano_delta_ci_plot_v1/panel150_gpt54nano_per_question_method_accuracy_with_difficulty.csv
main_panel150_gpt54nano,MedPrompt,pna_all,pna,pt,pna_panel4_150_142,pna:2024:part_2A:119,960,medium,D,,2,2.0,1.0,False,thesis_github/data/evals/failure_prediction/panel150_gpt54nano_delta_ci_plot_v1/panel150_gpt54nano_per_question_method_accuracy_with_difficulty.csv
main_panel150_gpt54nano,MedPrompt,pna_all,pna,pt,pna_panel4_150_040,pna:2024:part_2A:129,970,easy,B,,2,2.0,1.0,False,thesis_github/data/evals/failure_prediction/panel150_gpt54nano_delta_ci_plot_v1/panel150_gpt54nano_per_question_method_accuracy_with_difficulty.csv
main_panel150_gpt54nano,MedPrompt,pna_all,pna,pt,pna_panel4_150_041,pna:2024:part_2A:134,975,easy,E,,2,2.0,1.0,False,thesis_github/data/evals/failure_prediction/panel150_gpt54nano_delta_ci_plot_v1/panel150_gpt54nano_per_question_method_accuracy_with_difficulty.csv
main_panel150_gpt54nano,MedPrompt,pna_all,pna,pt,pna_panel4_150_042,pna:2024:part_2A:138,979,easy,A,,2,2.0,1.0,False,thesis_github/data/evals/failure_prediction/panel150_gpt54nano_delta_ci_plot_v1/panel150_gpt54nano_per_question_method_accuracy_with_difficulty.csv
main_panel150_gpt54nano,MedPrompt,pna_all,pna,pt,pna_panel4_150_043,pna:2024:part_2A:150,991,easy,A,,2,2.0,1.0,False,thesis_github/data/evals/failure_prediction/panel150_gpt54nano_delta_ci_plot_v1/panel150_gpt54nano_per_question_method_accuracy_with_difficulty.csv
main_panel150_gpt54nano,MedPrompt,pna_all,pna,pt,pna_panel4_150_095,pna:2024:part_2A:92,936,hard,C,,2,1.0,0.5,False,thesis_github/data/evals/failure_prediction/panel150_gpt54nano_delta_ci_plot_v1/panel150_gpt54nano_per_question_method_accuracy_with_difficulty.csv
main_panel150_gpt54nano,MedPrompt,pna_all,pna,pt,pna_panel4_150_096,pna:2024:part_2A:93,937,hard,A,,2,0.0,0.0,False,thesis_github/data/evals/failure_prediction/panel150_gpt54nano_delta_ci_plot_v1/panel150_gpt54nano_per_question_method_accuracy_with_difficulty.csv
main_panel150_gpt54nano,MedPrompt,pna_all,pna,pt,pna_panel4_150_044,pna:2024:part_2A:96,940,easy,A,,2,2.0,1.0,False,thesis_github/data/evals/failure_prediction/panel150_gpt54nano_delta_ci_plot_v1/panel150_gpt54nano_per_question_method_accuracy_with_difficulty.csv
main_panel150_gpt54nano,MedPrompt,pna_all,pna,pt,pna_panel4_150_143,pna:2024:part_2A:97,941,medium,D,,2,2.0,1.0,False,thesis_github/data/evals/failure_prediction/panel150_gpt54nano_delta_ci_plot_v1/panel150_gpt54nano_per_question_method_accuracy_with_difficulty.csv
main_panel150_gpt54nano,MedPrompt,pna_all,pna,pt,pna_panel4_150_144,pna:2025:part_1A:10,1001,medium,D,,2,1.0,0.5,False,thesis_github/data/evals/failure_prediction/panel150_gpt54nano_delta_ci_plot_v1/panel150_gpt54nano_per_question_method_accuracy_with_difficulty.csv
main_panel150_gpt54nano,MedPrompt,pna_all,pna,pt,pna_panel4_150_145,pna:2025:part_1A:22,1013,medium,A,,2,2.0,1.0,False,thesis_github/data/evals/failure_prediction/panel150_gpt54nano_delta_ci_plot_v1/panel150_gpt54nano_per_question_method_accuracy_with_difficulty.csv
main_panel150_gpt54nano,MedPrompt,pna_all,pna,pt,pna_panel4_150_045,pna:2025:part_1A:23,1014,easy,B,,2,2.0,1.0,False,thesis_github/data/evals/failure_prediction/panel150_gpt54nano_delta_ci_plot_v1/panel150_gpt54nano_per_question_method_accuracy_with_difficulty.csv
main_panel150_gpt54nano,MedPrompt,pna_all,pna,pt,pna_panel4_150_146,pna:2025:part_1A:35,1025,medium,A,,2,2.0,1.0,False,thesis_github/data/evals/failure_prediction/panel150_gpt54nano_delta_ci_plot_v1/panel150_gpt54nano_per_question_method_accuracy_with_difficulty.csv
main_panel150_gpt54nano,MedPrompt,pna_all,pna,pt,pna_panel4_150_046,pna:2025:part_1A:4,995,easy,A,,2,2.0,1.0,False,thesis_github/data/evals/failure_prediction/panel150_gpt54nano_delta_ci_plot_v1/panel150_gpt54nano_per_question_method_accuracy_with_difficulty.csv
main_panel150_gpt54nano,MedPrompt,pna_all,pna,pt,pna_panel4_150_097,pna:2025:part_1A:42,1031,hard,E,,2,0.0,0.0,False,thesis_github/data/evals/failure_prediction/panel150_gpt54nano_delta_ci_plot_v1/panel150_gpt54nano_per_question_method_accuracy_with_difficulty.csv
main_panel150_gpt54nano,MedPrompt,pna_all,pna,pt,pna_panel4_150_047,pna:2025:part_1A:59,1048,easy,D,,2,2.0,1.0,False,thesis_github/data/evals/failure_prediction/panel150_gpt54nano_delta_ci_plot_v1/panel150_gpt54nano_per_question_method_accuracy_with_difficulty.csv
main_panel150_gpt54nano,MedPrompt,pna_all,pna,pt,pna_panel4_150_147,pna:2025:part_1A:60,1049,medium,A,,2,2.0,1.0,False,thesis_github/data/evals/failure_prediction/panel150_gpt54nano_delta_ci_plot_v1/panel150_gpt54nano_per_question_method_accuracy_with_difficulty.csv
main_panel150_gpt54nano,MedPrompt,pna_all,pna,pt,pna_panel4_150_098,pna:2025:part_1A:72,1058,hard,C,,2,0.0,0.0,False,thesis_github/data/evals/failure_prediction/panel150_gpt54nano_delta_ci_plot_v1/panel150_gpt54nano_per_question_method_accuracy_with_difficulty.csv
main_panel150_gpt54nano,MedPrompt,pna_all,pna,pt,pna_panel4_150_048,pna:2025:part_1A:8,999,easy,A,,2,2.0,1.0,False,thesis_github/data/evals/failure_prediction/panel150_gpt54nano_delta_ci_plot_v1/panel150_gpt54nano_per_question_method_accuracy_with_difficulty.csv
main_panel150_gpt54nano,MedPrompt,pna_all,pna,pt,pna_panel4_150_049,pna:2025:part_2A:106,1089,easy,B,,2,2.0,1.0,False,thesis_github/data/evals/failure_prediction/panel150_gpt54nano_delta_ci_plot_v1/panel150_gpt54nano_per_question_method_accuracy_with_difficulty.csv
main_panel150_gpt54nano,MedPrompt,pna_all,pna,pt,pna_panel4_150_148,pna:2025:part_2A:107,1090,medium,D,,2,2.0,1.0,False,thesis_github/data/evals/failure_prediction/panel150_gpt54nano_delta_ci_plot_v1/panel150_gpt54nano_per_question_method_accuracy_with_difficulty.csv
main_panel150_gpt54nano,MedPrompt,pna_all,pna,pt,pna_panel4_150_149,pna:2025:part_2A:113,1096,medium,E,,2,2.0,1.0,False,thesis_github/data/evals/failure_prediction/panel150_gpt54nano_delta_ci_plot_v1/panel150_gpt54nano_per_question_method_accuracy_with_difficulty.csv
main_panel150_gpt54nano,MedPrompt,pna_all,pna,pt,pna_panel4_150_099,pna:2025:part_2A:118,1101,hard,E,,2,0.0,0.0,False,thesis_github/data/evals/failure_prediction/panel150_gpt54nano_delta_ci_plot_v1/panel150_gpt54nano_per_question_method_accuracy_with_difficulty.csv
main_panel150_gpt54nano,MedPrompt,pna_all,pna,pt,pna_panel4_150_100,pna:2025:part_2A:130,1113,hard,B,,2,2.0,1.0,False,thesis_github/data/evals/failure_prediction/panel150_gpt54nano_delta_ci_plot_v1/panel150_gpt54nano_per_question_method_accuracy_with_difficulty.csv
main_panel150_gpt54nano,MedPrompt,pna_all,pna,pt,pna_panel4_150_050,pna:2025:part_2A:148,1130,easy,C,,2,2.0,1.0,False,thesis_github/data/evals/failure_prediction/panel150_gpt54nano_delta_ci_plot_v1/panel150_gpt54nano_per_question_method_accuracy_with_difficulty.csv
main_panel150_gpt54nano,MedPrompt,pna_all,pna,pt,pna_panel4_150_150,pna:2025:part_2A:85,1069,medium,C,,2,2.0,1.0,False,thesis_github/data/evals/failure_prediction/panel150_gpt54nano_delta_ci_plot_v1/panel150_gpt54nano_per_question_method_accuracy_with_difficulty.csv
main_panel150_gpt54nano,MDAgents,medqa_test,medqa,en,medqa_panel4_150_116,test:100,100,medium,E,"{""E"": 1}",1,1.0,1.0,True,thesis_github/data/evals/failure_prediction/panel150_gpt_family_tts_v1/gpt54nano_medium/mdagents_adaptive_paper_faithful_v1/medqa_test/mdagents_predictions_long.csv
main_panel150_gpt54nano,MDAgents,medqa_test,medqa,en,medqa_panel4_150_016,test:1000,1000,easy,C,"{""A"": 1}",1,0.0,0.0,True,thesis_github/data/evals/failure_prediction/panel150_gpt_family_tts_v1/gpt54nano_medium/mdagents_adaptive_paper_faithful_v1/medqa_test/mdagents_predictions_long.csv
main_panel150_gpt54nano,MDAgents,medqa_test,medqa,en,medqa_panel4_150_117,test:1008,1008,medium,E,"{""E"": 1}",1,1.0,1.0,True,thesis_github/data/evals/failure_prediction/panel150_gpt_family_tts_v1/gpt54nano_medium/mdagents_adaptive_paper_faithful_v1/medqa_test/mdagents_predictions_long.csv
main_panel150_gpt54nano,MDAgents,medqa_test,medqa,en,medqa_panel4_150_101,test:1010,1010,medium,C,"{""C"": 1}",1,1.0,1.0,True,thesis_github/data/evals/failure_prediction/panel150_gpt_family_tts_v1/gpt54nano_medium/mdagents_adaptive_paper_faithful_v1/medqa_test/mdagents_predictions_long.csv
main_panel150_gpt54nano,MDAgents,medqa_test,medqa,en,medqa_panel4_150_118,test:1030,1030,medium,A,"{""A"": 1}",1,1.0,1.0,True,thesis_github/data/evals/failure_prediction/panel150_gpt_family_tts_v1/gpt54nano_medium/mdagents_adaptive_paper_faithful_v1/medqa_test/mdagents_predictions_long.csv
main_panel150_gpt54nano,MDAgents,medqa_test,medqa,en,medqa_panel4_150_017,test:105,105,easy,B,"{""B"": 1}",1,1.0,1.0,True,thesis_github/data/evals/failure_prediction/panel150_gpt_family_tts_v1/gpt54nano_medium/mdagents_adaptive_paper_faithful_v1/medqa_test/mdagents_predictions_long.csv
main_panel150_gpt54nano,MDAgents,medqa_test,medqa,en,medqa_panel4_150_119,test:1054,1054,medium,A,"{""A"": 1}",1,1.0,1.0,True,thesis_github/data/evals/failure_prediction/panel150_gpt_family_tts_v1/gpt54nano_medium/mdagents_adaptive_paper_faithful_v1/medqa_test/mdagents_predictions_long.csv
main_panel150_gpt54nano,MDAgents,medqa_test,medqa,en,medqa_panel4_150_102,test:1057,1057,medium,B,"{""A"": 1}",1,0.0,0.0,True,thesis_github/data/evals/failure_prediction/panel150_gpt_family_tts_v1/gpt54nano_medium/mdagents_adaptive_paper_faithful_v1/medqa_test/mdagents_predictions_long.csv
main_panel150_gpt54nano,MDAgents,medqa_test,medqa,en,medqa_panel4_150_066,test:106,106,hard,C,"{""A"": 1}",1,0.0,0.0,True,thesis_github/data/evals/failure_prediction/panel150_gpt_family_tts_v1/gpt54nano_medium/mdagents_adaptive_paper_faithful_v1/medqa_test/mdagents_predictions_long.csv
main_panel150_gpt54nano,MDAgents,medqa_test,medqa,en,medqa_panel4_150_120,test:1074,1074,medium,C,"{""C"": 1}",1,1.0,1.0,True,thesis_github/data/evals/failure_prediction/panel150_gpt_family_tts_v1/gpt54nano_medium/mdagents_adaptive_paper_faithful_v1/medqa_test/mdagents_predictions_long.csv
main_panel150_gpt54nano,MDAgents,medqa_test,medqa,en,medqa_panel4_150_051,test:1076,1076,hard,B,"{""E"": 1}",1,0.0,0.0,True,thesis_github/data/evals/failure_prediction/panel150_gpt_family_tts_v1/gpt54nano_medium/mdagents_adaptive_paper_faithful_v1/medqa_test/mdagents_predictions_long.csv
main_panel150_gpt54nano,MDAgents,medqa_test,medqa,en,medqa_panel4_150_018,test:1083,1083,easy,A,"{""A"": 1}",1,1.0,1.0,True,thesis_github/data/evals/failure_prediction/panel150_gpt_family_tts_v1/gpt54nano_medium/mdagents_adaptive_paper_faithful_v1/medqa_test/mdagents_predictions_long.csv
main_panel150_gpt54nano,MDAgents,medqa_test,medqa,en,medqa_panel4_150_052,test:1100,1100,hard,B,"{""E"": 1}",1,0.0,0.0,True,thesis_github/data/evals/failure_prediction/panel150_gpt_family_tts_v1/gpt54nano_medium/mdagents_adaptive_paper_faithful_v1/medqa_test/mdagents_predictions_long.csv
main_panel150_gpt54nano,MDAgents,medqa_test,medqa,en,medqa_panel4_150_053,test:1106,1106,hard,C,"{""B"": 1}",1,0.0,0.0,True,thesis_github/data/evals/failure_prediction/panel150_gpt_family_tts_v1/gpt54nano_medium/mdagents_adaptive_paper_faithful_v1/medqa_test/mdagents_predictions_long.csv
main_panel150_gpt54nano,MDAgents,medqa_test,medqa,en,medqa_panel4_150_001,test:1108,1108,easy,D,"{""D"": 1}",1,1.0,1.0,True,thesis_github/data/evals/failure_prediction/panel150_gpt_family_tts_v1/gpt54nano_medium/mdagents_adaptive_paper_faithful_v1/medqa_test/mdagents_predictions_long.csv
main_panel150_gpt54nano,MDAgents,medqa_test,medqa,en,medqa_panel4_150_054,test:1135,1135,hard,E,"{""A"": 1}",1,0.0,0.0,True,thesis_github/data/evals/failure_prediction/panel150_gpt_family_tts_v1/gpt54nano_medium/mdagents_adaptive_paper_faithful_v1/medqa_test/mdagents_predictions_long.csv
main_panel150_gpt54nano,MDAgents,medqa_test,medqa,en,medqa_panel4_150_103,test:1140,1140,medium,C,"{""C"": 1}",1,1.0,1.0,True,thesis_github/data/evals/failure_prediction/panel150_gpt_family_tts_v1/gpt54nano_medium/mdagents_adaptive_paper_faithful_v1/medqa_test/mdagents_predictions_long.csv
main_panel150_gpt54nano,MDAgents,medqa_test,medqa,en,medqa_panel4_150_121,test:1149,1149,medium,B,"{""B"": 1}",1,1.0,1.0,True,thesis_github/data/evals/failure_prediction/panel150_gpt_family_tts_v1/gpt54nano_medium/mdagents_adaptive_paper_faithful_v1/medqa_test/mdagents_predictions_long.csv
main_panel150_gpt54nano,MDAgents,medqa_test,medqa,en,medqa_panel4_150_104,test:1153,1153,medium,A,"{""A"": 1}",1,1.0,1.0,True,thesis_github/data/evals/failure_prediction/panel150_gpt_family_tts_v1/gpt54nano_medium/mdagents_adaptive_paper_faithful_v1/medqa_test/mdagents_predictions_long.csv
main_panel150_gpt54nano,MDAgents,medqa_test,medqa,en,medqa_panel4_150_002,test:1155,1155,easy,E,"{""E"": 1}",1,1.0,1.0,True,thesis_github/data/evals/failure_prediction/panel150_gpt_family_tts_v1/gpt54nano_medium/mdagents_adaptive_paper_faithful_v1/medqa_test/mdagents_predictions_long.csv
main_panel150_gpt54nano,MDAgents,medqa_test,medqa,en,medqa_panel4_150_055,test:1161,1161,hard,B,"{""C"": 1}",1,0.0,0.0,True,thesis_github/data/evals/failure_prediction/panel150_gpt_family_tts_v1/gpt54nano_medium/mdagents_adaptive_paper_faithful_v1/medqa_test/mdagents_predictions_long.csv
main_panel150_gpt54nano,MDAgents,medqa_test,medqa,en,medqa_panel4_150_067,test:1164,1164,hard,A,"{""C"": 1}",1,0.0,0.0,True,thesis_github/data/evals/failure_prediction/panel150_gpt_family_tts_v1/gpt54nano_medium/mdagents_adaptive_paper_faithful_v1/medqa_test/mdagents_predictions_long.csv
main_panel150_gpt54nano,MDAgents,medqa_test,medqa,en,medqa_panel4_150_122,test:117,117,medium,D,"{""D"": 1}",1,1.0,1.0,True,thesis_github/data/evals/failure_prediction/panel150_gpt_family_tts_v1/gpt54nano_medium/mdagents_adaptive_paper_faithful_v1/medqa_test/mdagents_predictions_long.csv
main_panel150_gpt54nano,MDAgents,medqa_test,medqa,en,medqa_panel4_150_123,test:1179,1179,medium,C,"{""C"": 1}",1,1.0,1.0,True,thesis_github/data/evals/failure_prediction/panel150_gpt_family_tts_v1/gpt54nano_medium/mdagents_adaptive_paper_faithful_v1/medqa_test/mdagents_predictions_long.csv
main_panel150_gpt54nano,MDAgents,medqa_test,medqa,en,medqa_panel4_150_003,test:1182,1182,easy,A,"{""A"": 1}",1,1.0,1.0,True,thesis_github/data/evals/failure_prediction/panel150_gpt_family_tts_v1/gpt54nano_medium/mdagents_adaptive_paper_faithful_v1/medqa_test/mdagents_predictions_long.csv
main_panel150_gpt54nano,MDAgents,medqa_test,medqa,en,medqa_panel4_150_004,test:1194,1194,easy,E,"{""E"": 1}",1,1.0,1.0,True,thesis_github/data/evals/failure_prediction/panel150_gpt_family_tts_v1/gpt54nano_medium/mdagents_adaptive_paper_faithful_v1/medqa_test/mdagents_predictions_long.csv
main_panel150_gpt54nano,MDAgents,medqa_test,medqa,en,medqa_panel4_150_124,test:1203,1203,medium,C,"{""C"": 1}",1,1.0,1.0,True,thesis_github/data/evals/failure_prediction/panel150_gpt_family_tts_v1/gpt54nano_medium/mdagents_adaptive_paper_faithful_v1/medqa_test/mdagents_predictions_long.csv
main_panel150_gpt54nano,MDAgents,medqa_test,medqa,en,medqa_panel4_150_005,test:1207,1207,easy,B,"{""B"": 1}",1,1.0,1.0,True,thesis_github/data/evals/failure_prediction/panel150_gpt_family_tts_v1/gpt54nano_medium/mdagents_adaptive_paper_faithful_v1/medqa_test/mdagents_predictions_long.csv
main_panel150_gpt54nano,MDAgents,medqa_test,medqa,en,medqa_panel4_150_056,test:1220,1220,hard,A,"{""A"": 1}",1,1.0,1.0,True,thesis_github/data/evals/failure_prediction/panel150_gpt_family_tts_v1/gpt54nano_medium/mdagents_adaptive_paper_faithful_v1/medqa_test/mdagents_predictions_long.csv
main_panel150_gpt54nano,MDAgents,medqa_test,medqa,en,medqa_panel4_150_068,test:1233,1233,hard,B,"{""A"": 1}",1,0.0,0.0,True,thesis_github/data/evals/failure_prediction/panel150_gpt_family_tts_v1/gpt54nano_medium/mdagents_adaptive_paper_faithful_v1/medqa_test/mdagents_predictions_long.csv
main_panel150_gpt54nano,MDAgents,medqa_test,medqa,en,medqa_panel4_150_019,test:1259,1259,easy,C,"{""C"": 1}",1,1.0,1.0,True,thesis_github/data/evals/failure_prediction/panel150_gpt_family_tts_v1/gpt54nano_medium/mdagents_adaptive_paper_faithful_v1/medqa_test/mdagents_predictions_long.csv
main_panel150_gpt54nano,MDAgents,medqa_test,medqa,en,medqa_panel4_150_020,test:1264,1264,easy,B,"{""B"": 1}",1,1.0,1.0,True,thesis_github/data/evals/failure_prediction/panel150_gpt_family_tts_v1/gpt54nano_medium/mdagents_adaptive_paper_faithful_v1/medqa_test/mdagents_predictions_long.csv
main_panel150_gpt54nano,MDAgents,medqa_test,medqa,en,medqa_panel4_150_069,test:1269,1269,hard,E,"{""C"": 1}",1,0.0,0.0,True,thesis_github/data/evals/failure_prediction/panel150_gpt_family_tts_v1/gpt54nano_medium/mdagents_adaptive_paper_faithful_v1/medqa_test/mdagents_predictions_long.csv
main_panel150_gpt54nano,MDAgents,medqa_test,medqa,en,medqa_panel4_150_070,test:1270,1270,hard,C,"{""C"": 1}",1,1.0,1.0,True,thesis_github/data/evals/failure_prediction/panel150_gpt_family_tts_v1/gpt54nano_medium/mdagents_adaptive_paper_faithful_v1/medqa_test/mdagents_predictions_long.csv
main_panel150_gpt54nano,MDAgents,medqa_test,medqa,en,medqa_panel4_150_021,test:1271,1271,easy,C,"{""C"": 1}",1,1.0,1.0,True,thesis_github/data/evals/failure_prediction/panel150_gpt_family_tts_v1/gpt54nano_medium/mdagents_adaptive_paper_faithful_v1/medqa_test/mdagents_predictions_long.csv
main_panel150_gpt54nano,MDAgents,medqa_test,medqa,en,medqa_panel4_150_071,test:128,128,hard,A,"{""C"": 1}",1,0.0,0.0,True,thesis_github/data/evals/failure_prediction/panel150_gpt_family_tts_v1/gpt54nano_medium/mdagents_adaptive_paper_faithful_v1/medqa_test/mdagents_predictions_long.csv
main_panel150_gpt54nano,MDAgents,medqa_test,medqa,en,medqa_panel4_150_022,test:133,133,easy,B,"{""B"": 1}",1,1.0,1.0,True,thesis_github/data/evals/failure_prediction/panel150_gpt_family_tts_v1/gpt54nano_medium/mdagents_adaptive_paper_faithful_v1/medqa_test/mdagents_predictions_long.csv
main_panel150_gpt54nano,MDAgents,medqa_test,medqa,en,medqa_panel4_150_006,test:140,140,easy,D,"{""D"": 1}",1,1.0,1.0,True,thesis_github/data/evals/failure_prediction/panel150_gpt_family_tts_v1/gpt54nano_medium/mdagents_adaptive_paper_faithful_v1/medqa_test/mdagents_predictions_long.csv
main_panel150_gpt54nano,MDAgents,medqa_test,medqa,en,medqa_panel4_150_023,test:144,144,easy,D,"{""A"": 1}",1,0.0,0.0,True,thesis_github/data/evals/failure_prediction/panel150_gpt_family_tts_v1/gpt54nano_medium/mdagents_adaptive_paper_faithful_v1/medqa_test/mdagents_predictions_long.csv
main_panel150_gpt54nano,MDAgents,medqa_test,medqa,en,medqa_panel4_150_072,test:15,15,hard,B,"{""D"": 1}",1,0.0,0.0,True,thesis_github/data/evals/failure_prediction/panel150_gpt_family_tts_v1/gpt54nano_medium/mdagents_adaptive_paper_faithful_v1/medqa_test/mdagents_predictions_long.csv
main_panel150_gpt54nano,MDAgents,medqa_test,medqa,en,medqa_panel4_150_073,test:155,155,hard,E,"{""E"": 1}",1,1.0,1.0,True,thesis_github/data/evals/failure_prediction/panel150_gpt_family_tts_v1/gpt54nano_medium/mdagents_adaptive_paper_faithful_v1/medqa_test/mdagents_predictions_long.csv
main_panel150_gpt54nano,MDAgents,medqa_test,medqa,en,medqa_panel4_150_024,test:161,161,easy,B,"{""B"": 1}",1,1.0,1.0,True,thesis_github/data/evals/failure_prediction/panel150_gpt_family_tts_v1/gpt54nano_medium/mdagents_adaptive_paper_faithful_v1/medqa_test/mdagents_predictions_long.csv
main_panel150_gpt54nano,MDAgents,medqa_test,medqa,en,medqa_panel4_150_025,test:170,170,easy,C,"{""C"": 1}",1,1.0,1.0,True,thesis_github/data/evals/failure_prediction/panel150_gpt_family_tts_v1/gpt54nano_medium/mdagents_adaptive_paper_faithful_v1/medqa_test/mdagents_predictions_long.csv
main_panel150_gpt54nano,MDAgents,medqa_test,medqa,en,medqa_panel4_150_125,test:171,171,medium,D,"{""C"": 1}",1,0.0,0.0,True,thesis_github/data/evals/failure_prediction/panel150_gpt_family_tts_v1/gpt54nano_medium/mdagents_adaptive_paper_faithful_v1/medqa_test/mdagents_predictions_long.csv
main_panel150_gpt54nano,MDAgents,medqa_test,medqa,en,medqa_panel4_150_126,test:185,185,medium,D,"{""D"": 1}",1,1.0,1.0,True,thesis_github/data/evals/failure_prediction/panel150_gpt_family_tts_v1/gpt54nano_medium/mdagents_adaptive_paper_faithful_v1/medqa_test/mdagents_predictions_long.csv
main_panel150_gpt54nano,MDAgents,medqa_test,medqa,en,medqa_panel4_150_074,test:19,19,hard,E,"{""C"": 1}",1,0.0,0.0,True,thesis_github/data/evals/failure_prediction/panel150_gpt_family_tts_v1/gpt54nano_medium/mdagents_adaptive_paper_faithful_v1/medqa_test/mdagents_predictions_long.csv
main_panel150_gpt54nano,MDAgents,medqa_test,medqa,en,medqa_panel4_150_026,test:192,192,easy,E,"{""E"": 1}",1,1.0,1.0,True,thesis_github/data/evals/failure_prediction/panel150_gpt_family_tts_v1/gpt54nano_medium/mdagents_adaptive_paper_faithful_v1/medqa_test/mdagents_predictions_long.csv
main_panel150_gpt54nano,MDAgents,medqa_test,medqa,en,medqa_panel4_150_105,test:196,196,medium,A,"{""B"": 1}",1,0.0,0.0,True,thesis_github/data/evals/failure_prediction/panel150_gpt_family_tts_v1/gpt54nano_medium/mdagents_adaptive_paper_faithful_v1/medqa_test/mdagents_predictions_long.csv
main_panel150_gpt54nano,MDAgents,medqa_test,medqa,en,medqa_panel4_150_106,test:198,198,medium,E,"{""B"": 1}",1,0.0,0.0,True,thesis_github/data/evals/failure_prediction/panel150_gpt_family_tts_v1/gpt54nano_medium/mdagents_adaptive_paper_faithful_v1/medqa_test/mdagents_predictions_long.csv
main_panel150_gpt54nano,MDAgents,medqa_test,medqa,en,medqa_panel4_150_027,test:2,2,easy,C,"{""C"": 1}",1,1.0,1.0,True,thesis_github/data/evals/failure_prediction/panel150_gpt_family_tts_v1/gpt54nano_medium/mdagents_adaptive_paper_faithful_v1/medqa_test/mdagents_predictions_long.csv
main_panel150_gpt54nano,MDAgents,medqa_test,medqa,en,medqa_panel4_150_107,test:204,204,medium,C,"{""C"": 1}",1,1.0,1.0,True,thesis_github/data/evals/failure_prediction/panel150_gpt_family_tts_v1/gpt54nano_medium/mdagents_adaptive_paper_faithful_v1/medqa_test/mdagents_predictions_long.csv
main_panel150_gpt54nano,MDAgents,medqa_test,medqa,en,medqa_panel4_150_075,test:211,211,hard,B,"{""D"": 1}",1,0.0,0.0,True,thesis_github/data/evals/failure_prediction/panel150_gpt_family_tts_v1/gpt54nano_medium/mdagents_adaptive_paper_faithful_v1/medqa_test/mdagents_predictions_long.csv
main_panel150_gpt54nano,MDAgents,medqa_test,medqa,en,medqa_panel4_150_028,test:232,232,easy,D,"{""D"": 1}",1,1.0,1.0,True,thesis_github/data/evals/failure_prediction/panel150_gpt_family_tts_v1/gpt54nano_medium/mdagents_adaptive_paper_faithful_v1/medqa_test/mdagents_predictions_long.csv
main_panel150_gpt54nano,MDAgents,medqa_test,medqa,en,medqa_panel4_150_127,test:241,241,medium,B,"{""B"": 1}",1,1.0,1.0,True,thesis_github/data/evals/failure_prediction/panel150_gpt_family_tts_v1/gpt54nano_medium/mdagents_adaptive_paper_faithful_v1/medqa_test/mdagents_predictions_long.csv
main_panel150_gpt54nano,MDAgents,medqa_test,medqa,en,medqa_panel4_150_076,test:250,250,hard,A,"{""D"": 1}",1,0.0,0.0,True,thesis_github/data/evals/failure_prediction/panel150_gpt_family_tts_v1/gpt54nano_medium/mdagents_adaptive_paper_faithful_v1/medqa_test/mdagents_predictions_long.csv
main_panel150_gpt54nano,MDAgents,medqa_test,medqa,en,medqa_panel4_150_029,test:260,260,easy,C,"{""C"": 1}",1,1.0,1.0,True,thesis_github/data/evals/failure_prediction/panel150_gpt_family_tts_v1/gpt54nano_medium/mdagents_adaptive_paper_faithful_v1/medqa_test/mdagents_predictions_long.csv
main_panel150_gpt54nano,MDAgents,medqa_test,medqa,en,medqa_panel4_150_030,test:261,261,easy,C,"{""C"": 1}",1,1.0,1.0,True,thesis_github/data/evals/failure_prediction/panel150_gpt_family_tts_v1/gpt54nano_medium/mdagents_adaptive_paper_faithful_v1/medqa_test/mdagents_predictions_long.csv
main_panel150_gpt54nano,MDAgents,medqa_test,medqa,en,medqa_panel4_150_077,test:271,271,hard,B,"{""C"": 1}",1,0.0,0.0,True,thesis_github/data/evals/failure_prediction/panel150_gpt_family_tts_v1/gpt54nano_medium/mdagents_adaptive_paper_faithful_v1/medqa_test/mdagents_predictions_long.csv
main_panel150_gpt54nano,MDAgents,medqa_test,medqa,en,medqa_panel4_150_031,test:279,279,easy,B,"{""B"": 1}",1,1.0,1.0,True,thesis_github/data/evals/failure_prediction/panel150_gpt_family_tts_v1/gpt54nano_medium/mdagents_adaptive_paper_faithful_v1/medqa_test/mdagents_predictions_long.csv
main_panel150_gpt54nano,MDAgents,medqa_test,medqa,en,medqa_panel4_150_078,test:285,285,hard,D,"{""A"": 1}",1,0.0,0.0,True,thesis_github/data/evals/failure_prediction/panel150_gpt_family_tts_v1/gpt54nano_medium/mdagents_adaptive_paper_faithful_v1/medqa_test/mdagents_predictions_long.csv
main_panel150_gpt54nano,MDAgents,medqa_test,medqa,en,medqa_panel4_150_079,test:29,29,hard,D,"{""A"": 1}",1,0.0,0.0,True,thesis_github/data/evals/failure_prediction/panel150_gpt_family_tts_v1/gpt54nano_medium/mdagents_adaptive_paper_faithful_v1/medqa_test/mdagents_predictions_long.csv
main_panel150_gpt54nano,MDAgents,medqa_test,medqa,en,medqa_panel4_150_032,test:316,316,easy,A,"{""A"": 1}",1,1.0,1.0,True,thesis_github/data/evals/failure_prediction/panel150_gpt_family_tts_v1/gpt54nano_medium/mdagents_adaptive_paper_faithful_v1/medqa_test/mdagents_predictions_long.csv
main_panel150_gpt54nano,MDAgents,medqa_test,medqa,en,medqa_panel4_150_128,test:326,326,medium,B,"{""B"": 1}",1,1.0,1.0,True,thesis_github/data/evals/failure_prediction/panel150_gpt_family_tts_v1/gpt54nano_medium/mdagents_adaptive_paper_faithful_v1/medqa_test/mdagents_predictions_long.csv
main_panel150_gpt54nano,MDAgents,medqa_test,medqa,en,medqa_panel4_150_080,test:337,337,hard,C,"{""E"": 1}",1,0.0,0.0,True,thesis_github/data/evals/failure_prediction/panel150_gpt_family_tts_v1/gpt54nano_medium/mdagents_adaptive_paper_faithful_v1/medqa_test/mdagents_predictions_long.csv
main_panel150_gpt54nano,MDAgents,medqa_test,medqa,en,medqa_panel4_150_129,test:345,345,medium,C,"{""C"": 1}",1,1.0,1.0,True,thesis_github/data/evals/failure_prediction/panel150_gpt_family_tts_v1/gpt54nano_medium/mdagents_adaptive_paper_faithful_v1/medqa_test/mdagents_predictions_long.csv
main_panel150_gpt54nano,MDAgents,medqa_test,medqa,en,medqa_panel4_150_007,test:356,356,easy,A,"{""A"": 1}",1,1.0,1.0,True,thesis_github/data/evals/failure_prediction/panel150_gpt_family_tts_v1/gpt54nano_medium/mdagents_adaptive_paper_faithful_v1/medqa_test/mdagents_predictions_long.csv
main_panel150_gpt54nano,MDAgents,medqa_test,medqa,en,medqa_panel4_150_130,test:358,358,medium,B,"{""B"": 1}",1,1.0,1.0,True,thesis_github/data/evals/failure_prediction/panel150_gpt_family_tts_v1/gpt54nano_medium/mdagents_adaptive_paper_faithful_v1/medqa_test/mdagents_predictions_long.csv
main_panel150_gpt54nano,MDAgents,medqa_test,medqa,en,medqa_panel4_150_108,test:36,36,medium,E,"{""E"": 1}",1,1.0,1.0,True,thesis_github/data/evals/failure_prediction/panel150_gpt_family_tts_v1/gpt54nano_medium/mdagents_adaptive_paper_faithful_v1/medqa_test/mdagents_predictions_long.csv
main_panel150_gpt54nano,MDAgents,medqa_test,medqa,en,medqa_panel4_150_131,test:372,372,medium,E,"{""E"": 1}",1,1.0,1.0,True,thesis_github/data/evals/failure_prediction/panel150_gpt_family_tts_v1/gpt54nano_medium/mdagents_adaptive_paper_faithful_v1/medqa_test/mdagents_predictions_long.csv
main_panel150_gpt54nano,MDAgents,medqa_test,medqa,en,medqa_panel4_150_033,test:374,374,easy,D,"{""D"": 1}",1,1.0,1.0,True,thesis_github/data/evals/failure_prediction/panel150_gpt_family_tts_v1/gpt54nano_medium/mdagents_adaptive_paper_faithful_v1/medqa_test/mdagents_predictions_long.csv
main_panel150_gpt54nano,MDAgents,medqa_test,medqa,en,medqa_panel4_150_034,test:387,387,easy,B,"{""B"": 1}",1,1.0,1.0,True,thesis_github/data/evals/failure_prediction/panel150_gpt_family_tts_v1/gpt54nano_medium/mdagents_adaptive_paper_faithful_v1/medqa_test/mdagents_predictions_long.csv
main_panel150_gpt54nano,MDAgents,medqa_test,medqa,en,medqa_panel4_150_008,test:400,400,easy,B,"{""B"": 1}",1,1.0,1.0,True,thesis_github/data/evals/failure_prediction/panel150_gpt_family_tts_v1/gpt54nano_medium/mdagents_adaptive_paper_faithful_v1/medqa_test/mdagents_predictions_long.csv
main_panel150_gpt54nano,MDAgents,medqa_test,medqa,en,medqa_panel4_150_132,test:401,401,medium,C,"{""A"": 1}",1,0.0,0.0,True,thesis_github/data/evals/failure_prediction/panel150_gpt_family_tts_v1/gpt54nano_medium/mdagents_adaptive_paper_faithful_v1/medqa_test/mdagents_predictions_long.csv
main_panel150_gpt54nano,MDAgents,medqa_test,medqa,en,medqa_panel4_150_081,test:413,413,hard,B,"{""B"": 1}",1,1.0,1.0,True,thesis_github/data/evals/failure_prediction/panel150_gpt_family_tts_v1/gpt54nano_medium/mdagents_adaptive_paper_faithful_v1/medqa_test/mdagents_predictions_long.csv
main_panel150_gpt54nano,MDAgents,medqa_test,medqa,en,medqa_panel4_150_133,test:42,42,medium,A,"{""A"": 1}",1,1.0,1.0,True,thesis_github/data/evals/failure_prediction/panel150_gpt_family_tts_v1/gpt54nano_medium/mdagents_adaptive_paper_faithful_v1/medqa_test/mdagents_predictions_long.csv
main_panel150_gpt54nano,MDAgents,medqa_test,medqa,en,medqa_panel4_150_134,test:422,422,medium,A,"{""A"": 1}",1,1.0,1.0,True,thesis_github/data/evals/failure_prediction/panel150_gpt_family_tts_v1/gpt54nano_medium/mdagents_adaptive_paper_faithful_v1/medqa_test/mdagents_predictions_long.csv
main_panel150_gpt54nano,MDAgents,medqa_test,medqa,en,medqa_panel4_150_082,test:423,423,hard,E,"{""B"": 1}",1,0.0,0.0,True,thesis_github/data/evals/failure_prediction/panel150_gpt_family_tts_v1/gpt54nano_medium/mdagents_adaptive_paper_faithful_v1/medqa_test/mdagents_predictions_long.csv
main_panel150_gpt54nano,MDAgents,medqa_test,medqa,en,medqa_panel4_150_109,test:425,425,medium,C,"{""D"": 1}",1,0.0,0.0,True,thesis_github/data/evals/failure_prediction/panel150_gpt_family_tts_v1/gpt54nano_medium/mdagents_adaptive_paper_faithful_v1/medqa_test/mdagents_predictions_long.csv
main_panel150_gpt54nano,MDAgents,medqa_test,medqa,en,medqa_panel4_150_009,test:436,436,easy,C,"{""C"": 1}",1,1.0,1.0,True,thesis_github/data/evals/failure_prediction/panel150_gpt_family_tts_v1/gpt54nano_medium/mdagents_adaptive_paper_faithful_v1/medqa_test/mdagents_predictions_long.csv
main_panel150_gpt54nano,MDAgents,medqa_test,medqa,en,medqa_panel4_150_083,test:44,44,hard,B,"{""D"": 1}",1,0.0,0.0,True,thesis_github/data/evals/failure_prediction/panel150_gpt_family_tts_v1/gpt54nano_medium/mdagents_adaptive_paper_faithful_v1/medqa_test/mdagents_predictions_long.csv
main_panel150_gpt54nano,MDAgents,medqa_test,medqa,en,medqa_panel4_150_010,test:451,451,easy,E,"{""E"": 1}",1,1.0,1.0,True,thesis_github/data/evals/failure_prediction/panel150_gpt_family_tts_v1/gpt54nano_medium/mdagents_adaptive_paper_faithful_v1/medqa_test/mdagents_predictions_long.csv
main_panel150_gpt54nano,MDAgents,medqa_test,medqa,en,medqa_panel4_150_057,test:452,452,hard,C,"{""B"": 1}",1,0.0,0.0,True,thesis_github/data/evals/failure_prediction/panel150_gpt_family_tts_v1/gpt54nano_medium/mdagents_adaptive_paper_faithful_v1/medqa_test/mdagents_predictions_long.csv
main_panel150_gpt54nano,MDAgents,medqa_test,medqa,en,medqa_panel4_150_135,test:460,460,medium,A,"{""A"": 1}",1,1.0,1.0,True,thesis_github/data/evals/failure_prediction/panel150_gpt_family_tts_v1/gpt54nano_medium/mdagents_adaptive_paper_faithful_v1/medqa_test/mdagents_predictions_long.csv
main_panel150_gpt54nano,MDAgents,medqa_test,medqa,en,medqa_panel4_150_084,test:461,461,hard,D,"{""E"": 1}",1,0.0,0.0,True,thesis_github/data/evals/failure_prediction/panel150_gpt_family_tts_v1/gpt54nano_medium/mdagents_adaptive_paper_faithful_v1/medqa_test/mdagents_predictions_long.csv
main_panel150_gpt54nano,MDAgents,medqa_test,medqa,en,medqa_panel4_150_136,test:471,471,medium,D,"{""D"": 1}",1,1.0,1.0,True,thesis_github/data/evals/failure_prediction/panel150_gpt_family_tts_v1/gpt54nano_medium/mdagents_adaptive_paper_faithful_v1/medqa_test/mdagents_predictions_long.csv
main_panel150_gpt54nano,MDAgents,medqa_test,medqa,en,medqa_panel4_150_058,test:480,480,hard,B,"{""C"": 1}",1,0.0,0.0,True,thesis_github/data/evals/failure_prediction/panel150_gpt_family_tts_v1/gpt54nano_medium/mdagents_adaptive_paper_faithful_v1/medqa_test/mdagents_predictions_long.csv
main_panel150_gpt54nano,MDAgents,medqa_test,medqa,en,medqa_panel4_150_085,test:483,483,hard,D,"{""B"": 1}",1,0.0,0.0,True,thesis_github/data/evals/failure_prediction/panel150_gpt_family_tts_v1/gpt54nano_medium/mdagents_adaptive_paper_faithful_v1/medqa_test/mdagents_predictions_long.csv
main_panel150_gpt54nano,MDAgents,medqa_test,medqa,en,medqa_panel4_150_137,test:486,486,medium,C,"{""C"": 1}",1,1.0,1.0,True,thesis_github/data/evals/failure_prediction/panel150_gpt_family_tts_v1/gpt54nano_medium/mdagents_adaptive_paper_faithful_v1/medqa_test/mdagents_predictions_long.csv
main_panel150_gpt54nano,MDAgents,medqa_test,medqa,en,medqa_panel4_150_011,test:488,488,easy,A,"{""A"": 1}",1,1.0,1.0,True,thesis_github/data/evals/failure_prediction/panel150_gpt_family_tts_v1/gpt54nano_medium/mdagents_adaptive_paper_faithful_v1/medqa_test/mdagents_predictions_long.csv
main_panel150_gpt54nano,MDAgents,medqa_test,medqa,en,medqa_panel4_150_086,test:5,5,hard,E,"{""C"": 1}",1,0.0,0.0,True,thesis_github/data/evals/failure_prediction/panel150_gpt_family_tts_v1/gpt54nano_medium/mdagents_adaptive_paper_faithful_v1/medqa_test/mdagents_predictions_long.csv
main_panel150_gpt54nano,MDAgents,medqa_test,medqa,en,medqa_panel4_150_035,test:504,504,easy,C,"{""C"": 1}",1,1.0,1.0,True,thesis_github/data/evals/failure_prediction/panel150_gpt_family_tts_v1/gpt54nano_medium/mdagents_adaptive_paper_faithful_v1/medqa_test/mdagents_predictions_long.csv
main_panel150_gpt54nano,MDAgents,medqa_test,medqa,en,medqa_panel4_150_036,test:51,51,easy,A,"{""A"": 1}",1,1.0,1.0,True,thesis_github/data/evals/failure_prediction/panel150_gpt_family_tts_v1/gpt54nano_medium/mdagents_adaptive_paper_faithful_v1/medqa_test/mdagents_predictions_long.csv
main_panel150_gpt54nano,MDAgents,medqa_test,medqa,en,medqa_panel4_150_087,test:514,514,hard,B,"{""D"": 1}",1,0.0,0.0,True,thesis_github/data/evals/failure_prediction/panel150_gpt_family_tts_v1/gpt54nano_medium/mdagents_adaptive_paper_faithful_v1/medqa_test/mdagents_predictions_long.csv
main_panel150_gpt54nano,MDAgents,medqa_test,medqa,en,medqa_panel4_150_110,test:524,524,medium,B,"{""B"": 1}",1,1.0,1.0,True,thesis_github/data/evals/failure_prediction/panel150_gpt_family_tts_v1/gpt54nano_medium/mdagents_adaptive_paper_faithful_v1/medqa_test/mdagents_predictions_long.csv
main_panel150_gpt54nano,MDAgents,medqa_test,medqa,en,medqa_panel4_150_037,test:528,528,easy,D,"{""D"": 1}",1,1.0,1.0,True,thesis_github/data/evals/failure_prediction/panel150_gpt_family_tts_v1/gpt54nano_medium/mdagents_adaptive_paper_faithful_v1/medqa_test/mdagents_predictions_long.csv
main_panel150_gpt54nano,MDAgents,medqa_test,medqa,en,medqa_panel4_150_138,test:550,550,medium,A,"{""C"": 1}",1,0.0,0.0,True,thesis_github/data/evals/failure_prediction/panel150_gpt_family_tts_v1/gpt54nano_medium/mdagents_adaptive_paper_faithful_v1/medqa_test/mdagents_predictions_long.csv
main_panel150_gpt54nano,MDAgents,medqa_test,medqa,en,medqa_panel4_150_059,test:564,564,hard,A,"{""B"": 1}",1,0.0,0.0,True,thesis_github/data/evals/failure_prediction/panel150_gpt_family_tts_v1/gpt54nano_medium/mdagents_adaptive_paper_faithful_v1/medqa_test/mdagents_predictions_long.csv
main_panel150_gpt54nano,MDAgents,medqa_test,medqa,en,medqa_panel4_150_038,test:578,578,easy,B,"{""B"": 1}",1,1.0,1.0,True,thesis_github/data/evals/failure_prediction/panel150_gpt_family_tts_v1/gpt54nano_medium/mdagents_adaptive_paper_faithful_v1/medqa_test/mdagents_predictions_long.csv
main_panel150_gpt54nano,MDAgents,medqa_test,medqa,en,medqa_panel4_150_139,test:581,581,medium,D,"{""D"": 1}",1,1.0,1.0,True,thesis_github/data/evals/failure_prediction/panel150_gpt_family_tts_v1/gpt54nano_medium/mdagents_adaptive_paper_faithful_v1/medqa_test/mdagents_predictions_long.csv
main_panel150_gpt54nano,MDAgents,medqa_test,medqa,en,medqa_panel4_150_060,test:583,583,hard,E,"{""C"": 1}",1,0.0,0.0,True,thesis_github/data/evals/failure_prediction/panel150_gpt_family_tts_v1/gpt54nano_medium/mdagents_adaptive_paper_faithful_v1/medqa_test/mdagents_predictions_long.csv
main_panel150_gpt54nano,MDAgents,medqa_test,medqa,en,medqa_panel4_150_088,test:587,587,hard,E,"{""D"": 1}",1,0.0,0.0,True,thesis_github/data/evals/failure_prediction/panel150_gpt_family_tts_v1/gpt54nano_medium/mdagents_adaptive_paper_faithful_v1/medqa_test/mdagents_predictions_long.csv
main_panel150_gpt54nano,MDAgents,medqa_test,medqa,en,medqa_panel4_150_140,test:594,594,medium,D,"{""A"": 1}",1,0.0,0.0,True,thesis_github/data/evals/failure_prediction/panel150_gpt_family_tts_v1/gpt54nano_medium/mdagents_adaptive_paper_faithful_v1/medqa_test/mdagents_predictions_long.csv
main_panel150_gpt54nano,MDAgents,medqa_test,medqa,en,medqa_panel4_150_089,test:616,616,hard,E,"{""E"": 1}",1,1.0,1.0,True,thesis_github/data/evals/failure_prediction/panel150_gpt_family_tts_v1/gpt54nano_medium/mdagents_adaptive_paper_faithful_v1/medqa_test/mdagents_predictions_long.csv
main_panel150_gpt54nano,MDAgents,medqa_test,medqa,en,medqa_panel4_150_039,test:628,628,easy,C,"{""C"": 1}",1,1.0,1.0,True,thesis_github/data/evals/failure_prediction/panel150_gpt_family_tts_v1/gpt54nano_medium/mdagents_adaptive_paper_faithful_v1/medqa_test/mdagents_predictions_long.csv
main_panel150_gpt54nano,MDAgents,medqa_test,medqa,en,medqa_panel4_150_090,test:634,634,hard,A,"{""A"": 1}",1,1.0,1.0,True,thesis_github/data/evals/failure_prediction/panel150_gpt_family_tts_v1/gpt54nano_medium/mdagents_adaptive_paper_faithful_v1/medqa_test/mdagents_predictions_long.csv
main_panel150_gpt54nano,MDAgents,medqa_test,medqa,en,medqa_panel4_150_061,test:64,64,hard,A,"{""A"": 1}",1,1.0,1.0,True,thesis_github/data/evals/failure_prediction/panel150_gpt_family_tts_v1/gpt54nano_medium/mdagents_adaptive_paper_faithful_v1/medqa_test/mdagents_predictions_long.csv
main_panel150_gpt54nano,MDAgents,medqa_test,medqa,en,medqa_panel4_150_141,test:652,652,medium,D,"{""D"": 1}",1,1.0,1.0,True,thesis_github/data/evals/failure_prediction/panel150_gpt_family_tts_v1/gpt54nano_medium/mdagents_adaptive_paper_faithful_v1/medqa_test/mdagents_predictions_long.csv
main_panel150_gpt54nano,MDAgents,medqa_test,medqa,en,medqa_panel4_150_012,test:655,655,easy,B,"{""B"": 1}",1,1.0,1.0,True,thesis_github/data/evals/failure_prediction/panel150_gpt_family_tts_v1/gpt54nano_medium/mdagents_adaptive_paper_faithful_v1/medqa_test/mdagents_predictions_long.csv
main_panel150_gpt54nano,MDAgents,medqa_test,medqa,en,medqa_panel4_150_091,test:659,659,hard,D,"{""E"": 1}",1,0.0,0.0,True,thesis_github/data/evals/failure_prediction/panel150_gpt_family_tts_v1/gpt54nano_medium/mdagents_adaptive_paper_faithful_v1/medqa_test/mdagents_predictions_long.csv
main_panel150_gpt54nano,MDAgents,medqa_test,medqa,en,medqa_panel4_150_040,test:66,66,easy,D,"{""D"": 1}",1,1.0,1.0,True,thesis_github/data/evals/failure_prediction/panel150_gpt_family_tts_v1/gpt54nano_medium/mdagents_adaptive_paper_faithful_v1/medqa_test/mdagents_predictions_long.csv
main_panel150_gpt54nano,MDAgents,medqa_test,medqa,en,medqa_panel4_150_111,test:673,673,medium,E,"{""E"": 1}",1,1.0,1.0,True,thesis_github/data/evals/failure_prediction/panel150_gpt_family_tts_v1/gpt54nano_medium/mdagents_adaptive_paper_faithful_v1/medqa_test/mdagents_predictions_long.csv
main_panel150_gpt54nano,MDAgents,medqa_test,medqa,en,medqa_panel4_150_092,test:677,677,hard,A,"{""A"": 1}",1,1.0,1.0,True,thesis_github/data/evals/failure_prediction/panel150_gpt_family_tts_v1/gpt54nano_medium/mdagents_adaptive_paper_faithful_v1/medqa_test/mdagents_predictions_long.csv
main_panel150_gpt54nano,MDAgents,medqa_test,medqa,en,medqa_panel4_150_112,test:679,679,medium,C,"{""A"": 1}",1,0.0,0.0,True,thesis_github/data/evals/failure_prediction/panel150_gpt_family_tts_v1/gpt54nano_medium/mdagents_adaptive_paper_faithful_v1/medqa_test/mdagents_predictions_long.csv
main_panel150_gpt54nano,MDAgents,medqa_test,medqa,en,medqa_panel4_150_041,test:684,684,easy,B,"{""B"": 1}",1,1.0,1.0,True,thesis_github/data/evals/failure_prediction/panel150_gpt_family_tts_v1/gpt54nano_medium/mdagents_adaptive_paper_faithful_v1/medqa_test/mdagents_predictions_long.csv
main_panel150_gpt54nano,MDAgents,medqa_test,medqa,en,medqa_panel4_150_062,test:69,69,hard,A,"{""E"": 1}",1,0.0,0.0,True,thesis_github/data/evals/failure_prediction/panel150_gpt_family_tts_v1/gpt54nano_medium/mdagents_adaptive_paper_faithful_v1/medqa_test/mdagents_predictions_long.csv
main_panel150_gpt54nano,MDAgents,medqa_test,medqa,en,medqa_panel4_150_142,test:691,691,medium,C,"{""C"": 1}",1,1.0,1.0,True,thesis_github/data/evals/failure_prediction/panel150_gpt_family_tts_v1/gpt54nano_medium/mdagents_adaptive_paper_faithful_v1/medqa_test/mdagents_predictions_long.csv
main_panel150_gpt54nano,MDAgents,medqa_test,medqa,en,medqa_panel4_150_042,test:704,704,easy,E,"{""E"": 1}",1,1.0,1.0,True,thesis_github/data/evals/failure_prediction/panel150_gpt_family_tts_v1/gpt54nano_medium/mdagents_adaptive_paper_faithful_v1/medqa_test/mdagents_predictions_long.csv
main_panel150_gpt54nano,MDAgents,medqa_test,medqa,en,medqa_panel4_150_093,test:706,706,hard,C,"{""E"": 1}",1,0.0,0.0,True,thesis_github/data/evals/failure_prediction/panel150_gpt_family_tts_v1/gpt54nano_medium/mdagents_adaptive_paper_faithful_v1/medqa_test/mdagents_predictions_long.csv
main_panel150_gpt54nano,MDAgents,medqa_test,medqa,en,medqa_panel4_150_043,test:729,729,easy,D,"{""D"": 1}",1,1.0,1.0,True,thesis_github/data/evals/failure_prediction/panel150_gpt_family_tts_v1/gpt54nano_medium/mdagents_adaptive_paper_faithful_v1/medqa_test/mdagents_predictions_long.csv
main_panel150_gpt54nano,MDAgents,medqa_test,medqa,en,medqa_panel4_150_143,test:745,745,medium,A,"{""A"": 1}",1,1.0,1.0,True,thesis_github/data/evals/failure_prediction/panel150_gpt_family_tts_v1/gpt54nano_medium/mdagents_adaptive_paper_faithful_v1/medqa_test/mdagents_predictions_long.csv
main_panel150_gpt54nano,MDAgents,medqa_test,medqa,en,medqa_panel4_150_113,test:752,752,medium,C,"{""C"": 1}",1,1.0,1.0,True,thesis_github/data/evals/failure_prediction/panel150_gpt_family_tts_v1/gpt54nano_medium/mdagents_adaptive_paper_faithful_v1/medqa_test/mdagents_predictions_long.csv
main_panel150_gpt54nano,MDAgents,medqa_test,medqa,en,medqa_panel4_150_094,test:755,755,hard,D,"{""C"": 1}",1,0.0,0.0,True,thesis_github/data/evals/failure_prediction/panel150_gpt_family_tts_v1/gpt54nano_medium/mdagents_adaptive_paper_faithful_v1/medqa_test/mdagents_predictions_long.csv
main_panel150_gpt54nano,MDAgents,medqa_test,medqa,en,medqa_panel4_150_114,test:758,758,medium,E,"{""E"": 1}",1,1.0,1.0,True,thesis_github/data/evals/failure_prediction/panel150_gpt_family_tts_v1/gpt54nano_medium/mdagents_adaptive_paper_faithful_v1/medqa_test/mdagents_predictions_long.csv
main_panel150_gpt54nano,MDAgents,medqa_test,medqa,en,medqa_panel4_150_044,test:782,782,easy,E,"{""E"": 1}",1,1.0,1.0,True,thesis_github/data/evals/failure_prediction/panel150_gpt_family_tts_v1/gpt54nano_medium/mdagents_adaptive_paper_faithful_v1/medqa_test/mdagents_predictions_long.csv
main_panel150_gpt54nano,MDAgents,medqa_test,medqa,en,medqa_panel4_150_115,test:798,798,medium,C,"{""C"": 1}",1,1.0,1.0,True,thesis_github/data/evals/failure_prediction/panel150_gpt_family_tts_v1/gpt54nano_medium/mdagents_adaptive_paper_faithful_v1/medqa_test/mdagents_predictions_long.csv
main_panel150_gpt54nano,MDAgents,medqa_test,medqa,en,medqa_panel4_150_013,test:801,801,easy,B,"{""B"": 1}",1,1.0,1.0,True,thesis_github/data/evals/failure_prediction/panel150_gpt_family_tts_v1/gpt54nano_medium/mdagents_adaptive_paper_faithful_v1/medqa_test/mdagents_predictions_long.csv
main_panel150_gpt54nano,MDAgents,medqa_test,medqa,en,medqa_panel4_150_095,test:803,803,hard,B,"{""E"": 1}",1,0.0,0.0,True,thesis_github/data/evals/failure_prediction/panel150_gpt_family_tts_v1/gpt54nano_medium/mdagents_adaptive_paper_faithful_v1/medqa_test/mdagents_predictions_long.csv
main_panel150_gpt54nano,MDAgents,medqa_test,medqa,en,medqa_panel4_150_045,test:804,804,easy,A,"{""A"": 1}",1,1.0,1.0,True,thesis_github/data/evals/failure_prediction/panel150_gpt_family_tts_v1/gpt54nano_medium/mdagents_adaptive_paper_faithful_v1/medqa_test/mdagents_predictions_long.csv
main_panel150_gpt54nano,MDAgents,medqa_test,medqa,en,medqa_panel4_150_096,test:807,807,hard,A,"{""A"": 1}",1,1.0,1.0,True,thesis_github/data/evals/failure_prediction/panel150_gpt_family_tts_v1/gpt54nano_medium/mdagents_adaptive_paper_faithful_v1/medqa_test/mdagents_predictions_long.csv
main_panel150_gpt54nano,MDAgents,medqa_test,medqa,en,medqa_panel4_150_014,test:811,811,easy,E,"{""E"": 1}",1,1.0,1.0,True,thesis_github/data/evals/failure_prediction/panel150_gpt_family_tts_v1/gpt54nano_medium/mdagents_adaptive_paper_faithful_v1/medqa_test/mdagents_predictions_long.csv
main_panel150_gpt54nano,MDAgents,medqa_test,medqa,en,medqa_panel4_150_097,test:829,829,hard,E,"{""D"": 1}",1,0.0,0.0,True,thesis_github/data/evals/failure_prediction/panel150_gpt_family_tts_v1/gpt54nano_medium/mdagents_adaptive_paper_faithful_v1/medqa_test/mdagents_predictions_long.csv
main_panel150_gpt54nano,MDAgents,medqa_test,medqa,en,medqa_panel4_150_046,test:846,846,easy,D,"{""D"": 1}",1,1.0,1.0,True,thesis_github/data/evals/failure_prediction/panel150_gpt_family_tts_v1/gpt54nano_medium/mdagents_adaptive_paper_faithful_v1/medqa_test/mdagents_predictions_long.csv
main_panel150_gpt54nano,MDAgents,medqa_test,medqa,en,medqa_panel4_150_063,test:850,850,hard,C,"{""B"": 1}",1,0.0,0.0,True,thesis_github/data/evals/failure_prediction/panel150_gpt_family_tts_v1/gpt54nano_medium/mdagents_adaptive_paper_faithful_v1/medqa_test/mdagents_predictions_long.csv
main_panel150_gpt54nano,MDAgents,medqa_test,medqa,en,medqa_panel4_150_064,test:856,856,hard,D,"{""B"": 1}",1,0.0,0.0,True,thesis_github/data/evals/failure_prediction/panel150_gpt_family_tts_v1/gpt54nano_medium/mdagents_adaptive_paper_faithful_v1/medqa_test/mdagents_predictions_long.csv
main_panel150_gpt54nano,MDAgents,medqa_test,medqa,en,medqa_panel4_150_015,test:857,857,easy,D,"{""D"": 1}",1,1.0,1.0,True,thesis_github/data/evals/failure_prediction/panel150_gpt_family_tts_v1/gpt54nano_medium/mdagents_adaptive_paper_faithful_v1/medqa_test/mdagents_predictions_long.csv
main_panel150_gpt54nano,MDAgents,medqa_test,medqa,en,medqa_panel4_150_047,test:86,86,easy,C,"{""C"": 1}",1,1.0,1.0,True,thesis_github/data/evals/failure_prediction/panel150_gpt_family_tts_v1/gpt54nano_medium/mdagents_adaptive_paper_faithful_v1/medqa_test/mdagents_predictions_long.csv
main_panel150_gpt54nano,MDAgents,medqa_test,medqa,en,medqa_panel4_150_098,test:880,880,hard,C,"{""D"": 1}",1,0.0,0.0,True,thesis_github/data/evals/failure_prediction/panel150_gpt_family_tts_v1/gpt54nano_medium/mdagents_adaptive_paper_faithful_v1/medqa_test/mdagents_predictions_long.csv
main_panel150_gpt54nano,MDAgents,medqa_test,medqa,en,medqa_panel4_150_099,test:885,885,hard,C,"{""B"": 1}",1,0.0,0.0,True,thesis_github/data/evals/failure_prediction/panel150_gpt_family_tts_v1/gpt54nano_medium/mdagents_adaptive_paper_faithful_v1/medqa_test/mdagents_predictions_long.csv
main_panel150_gpt54nano,MDAgents,medqa_test,medqa,en,medqa_panel4_150_100,test:887,887,hard,A,"{""E"": 1}",1,0.0,0.0,True,thesis_github/data/evals/failure_prediction/panel150_gpt_family_tts_v1/gpt54nano_medium/mdagents_adaptive_paper_faithful_v1/medqa_test/mdagents_predictions_long.csv
main_panel150_gpt54nano,MDAgents,medqa_test,medqa,en,medqa_panel4_150_144,test:908,908,medium,C,"{""C"": 1}",1,1.0,1.0,True,thesis_github/data/evals/failure_prediction/panel150_gpt_family_tts_v1/gpt54nano_medium/mdagents_adaptive_paper_faithful_v1/medqa_test/mdagents_predictions_long.csv
main_panel150_gpt54nano,MDAgents,medqa_test,medqa,en,medqa_panel4_150_145,test:934,934,medium,B,"{""B"": 1}",1,1.0,1.0,True,thesis_github/data/evals/failure_prediction/panel150_gpt_family_tts_v1/gpt54nano_medium/mdagents_adaptive_paper_faithful_v1/medqa_test/mdagents_predictions_long.csv
main_panel150_gpt54nano,MDAgents,medqa_test,medqa,en,medqa_panel4_150_146,test:936,936,medium,B,"{""B"": 1}",1,1.0,1.0,True,thesis_github/data/evals/failure_prediction/panel150_gpt_family_tts_v1/gpt54nano_medium/mdagents_adaptive_paper_faithful_v1/medqa_test/mdagents_predictions_long.csv
main_panel150_gpt54nano,MDAgents,medqa_test,medqa,en,medqa_panel4_150_147,test:944,944,medium,E,"{""C"": 1}",1,0.0,0.0,True,thesis_github/data/evals/failure_prediction/panel150_gpt_family_tts_v1/gpt54nano_medium/mdagents_adaptive_paper_faithful_v1/medqa_test/mdagents_predictions_long.csv
main_panel150_gpt54nano,MDAgents,medqa_test,medqa,en,medqa_panel4_150_048,test:946,946,easy,D,"{""D"": 1}",1,1.0,1.0,True,thesis_github/data/evals/failure_prediction/panel150_gpt_family_tts_v1/gpt54nano_medium/mdagents_adaptive_paper_faithful_v1/medqa_test/mdagents_predictions_long.csv
main_panel150_gpt54nano,MDAgents,medqa_test,medqa,en,medqa_panel4_150_049,test:956,956,easy,B,"{""B"": 1}",1,1.0,1.0,True,thesis_github/data/evals/failure_prediction/panel150_gpt_family_tts_v1/gpt54nano_medium/mdagents_adaptive_paper_faithful_v1/medqa_test/mdagents_predictions_long.csv
main_panel150_gpt54nano,MDAgents,medqa_test,medqa,en,medqa_panel4_150_148,test:961,961,medium,A,"{""C"": 1}",1,0.0,0.0,True,thesis_github/data/evals/failure_prediction/panel150_gpt_family_tts_v1/gpt54nano_medium/mdagents_adaptive_paper_faithful_v1/medqa_test/mdagents_predictions_long.csv
main_panel150_gpt54nano,MDAgents,medqa_test,medqa,en,medqa_panel4_150_149,test:980,980,medium,C,"{""C"": 1}",1,1.0,1.0,True,thesis_github/data/evals/failure_prediction/panel150_gpt_family_tts_v1/gpt54nano_medium/mdagents_adaptive_paper_faithful_v1/medqa_test/mdagents_predictions_long.csv
main_panel150_gpt54nano,MDAgents,medqa_test,medqa,en,medqa_panel4_150_150,test:983,983,medium,D,"{""D"": 1}",1,1.0,1.0,True,thesis_github/data/evals/failure_prediction/panel150_gpt_family_tts_v1/gpt54nano_medium/mdagents_adaptive_paper_faithful_v1/medqa_test/mdagents_predictions_long.csv
main_panel150_gpt54nano,MDAgents,medqa_test,medqa,en,medqa_panel4_150_050,test:991,991,easy,D,"{""D"": 1}",1,1.0,1.0,True,thesis_github/data/evals/failure_prediction/panel150_gpt_family_tts_v1/gpt54nano_medium/mdagents_adaptive_paper_faithful_v1/medqa_test/mdagents_predictions_long.csv
main_panel150_gpt54nano,MDAgents,medqa_test,medqa,en,medqa_panel4_150_065,test:993,993,hard,A,"{""A"": 1}",1,1.0,1.0,True,thesis_github/data/evals/failure_prediction/panel150_gpt_family_tts_v1/gpt54nano_medium/mdagents_adaptive_paper_faithful_v1/medqa_test/mdagents_predictions_long.csv
main_panel150_gpt54nano,MDAgents,pna_all,pna,pt,pna_panel4_150_101,pna:2018:part_1A:20,17,medium,A,"{""C"": 1}",1,0.0,0.0,True,thesis_github/data/evals/failure_prediction/panel150_gpt_family_tts_v1/gpt54nano_medium/mdagents_adaptive_paper_faithful_v1/pna_all/mdagents_predictions_long.csv
main_panel150_gpt54nano,MDAgents,pna_all,pna,pt,pna_panel4_150_001,pna:2018:part_1A:28,25,easy,C,"{""C"": 1}",1,1.0,1.0,True,thesis_github/data/evals/failure_prediction/panel150_gpt_family_tts_v1/gpt54nano_medium/mdagents_adaptive_paper_faithful_v1/pna_all/mdagents_predictions_long.csv
main_panel150_gpt54nano,MDAgents,pna_all,pna,pt,pna_panel4_150_102,pna:2018:part_1A:3,2,medium,C,"{""D"": 1}",1,0.0,0.0,True,thesis_github/data/evals/failure_prediction/panel150_gpt_family_tts_v1/gpt54nano_medium/mdagents_adaptive_paper_faithful_v1/pna_all/mdagents_predictions_long.csv
main_panel150_gpt54nano,MDAgents,pna_all,pna,pt,pna_panel4_150_103,pna:2018:part_1A:36,33,medium,D,"{""D"": 1}",1,1.0,1.0,True,thesis_github/data/evals/failure_prediction/panel150_gpt_family_tts_v1/gpt54nano_medium/mdagents_adaptive_paper_faithful_v1/pna_all/mdagents_predictions_long.csv
main_panel150_gpt54nano,MDAgents,pna_all,pna,pt,pna_panel4_150_051,pna:2018:part_1A:42,39,hard,D,"{""D"": 1}",1,1.0,1.0,True,thesis_github/data/evals/failure_prediction/panel150_gpt_family_tts_v1/gpt54nano_medium/mdagents_adaptive_paper_faithful_v1/pna_all/mdagents_predictions_long.csv
main_panel150_gpt54nano,MDAgents,pna_all,pna,pt,pna_panel4_150_002,pna:2018:part_1A:52,49,easy,D,"{""D"": 1}",1,1.0,1.0,True,thesis_github/data/evals/failure_prediction/panel150_gpt_family_tts_v1/gpt54nano_medium/mdagents_adaptive_paper_faithful_v1/pna_all/mdagents_predictions_long.csv
main_panel150_gpt54nano,MDAgents,pna_all,pna,pt,pna_panel4_150_052,pna:2018:part_1A:59,56,hard,A,"{""D"": 1}",1,0.0,0.0,True,thesis_github/data/evals/failure_prediction/panel150_gpt_family_tts_v1/gpt54nano_medium/mdagents_adaptive_paper_faithful_v1/pna_all/mdagents_predictions_long.csv
main_panel150_gpt54nano,MDAgents,pna_all,pna,pt,pna_panel4_150_053,pna:2018:part_1A:6,5,hard,C,"{""B"": 1}",1,0.0,0.0,True,thesis_github/data/evals/failure_prediction/panel150_gpt_family_tts_v1/gpt54nano_medium/mdagents_adaptive_paper_faithful_v1/pna_all/mdagents_predictions_long.csv
main_panel150_gpt54nano,MDAgents,pna_all,pna,pt,pna_panel4_150_003,pna:2018:part_1A:63,60,easy,E,"{""E"": 1}",1,1.0,1.0,True,thesis_github/data/evals/failure_prediction/panel150_gpt_family_tts_v1/gpt54nano_medium/mdagents_adaptive_paper_faithful_v1/pna_all/mdagents_predictions_long.csv
main_panel150_gpt54nano,MDAgents,pna_all,pna,pt,pna_panel4_150_004,pna:2018:part_1A:64,61,easy,C,"{""C"": 1}",1,1.0,1.0,True,thesis_github/data/evals/failure_prediction/panel150_gpt_family_tts_v1/gpt54nano_medium/mdagents_adaptive_paper_faithful_v1/pna_all/mdagents_predictions_long.csv
main_panel150_gpt54nano,MDAgents,pna_all,pna,pt,pna_panel4_150_005,pna:2018:part_1A:68,65,easy,A,"{""A"": 1}",1,1.0,1.0,True,thesis_github/data/evals/failure_prediction/panel150_gpt_family_tts_v1/gpt54nano_medium/mdagents_adaptive_paper_faithful_v1/pna_all/mdagents_predictions_long.csv
main_panel150_gpt54nano,MDAgents,pna_all,pna,pt,pna_panel4_150_054,pna:2018:part_1A:74,71,hard,E,"{""B"": 1}",1,0.0,0.0,True,thesis_github/data/evals/failure_prediction/panel150_gpt_family_tts_v1/gpt54nano_medium/mdagents_adaptive_paper_faithful_v1/pna_all/mdagents_predictions_long.csv
main_panel150_gpt54nano,MDAgents,pna_all,pna,pt,pna_panel4_150_006,pna:2018:part_1A:9,8,easy,A,"{""A"": 1}",1,1.0,1.0,True,thesis_github/data/evals/failure_prediction/panel150_gpt_family_tts_v1/gpt54nano_medium/mdagents_adaptive_paper_faithful_v1/pna_all/mdagents_predictions_long.csv
main_panel150_gpt54nano,MDAgents,pna_all,pna,pt,pna_panel4_150_104,pna:2018:part_2A:109,103,medium,B,"{""B"": 1}",1,1.0,1.0,True,thesis_github/data/evals/failure_prediction/panel150_gpt_family_tts_v1/gpt54nano_medium/mdagents_adaptive_paper_faithful_v1/pna_all/mdagents_predictions_long.csv
main_panel150_gpt54nano,MDAgents,pna_all,pna,pt,pna_panel4_150_055,pna:2018:part_2A:113,107,hard,E,"{""E"": 1}",1,1.0,1.0,True,thesis_github/data/evals/failure_prediction/panel150_gpt_family_tts_v1/gpt54nano_medium/mdagents_adaptive_paper_faithful_v1/pna_all/mdagents_predictions_long.csv
main_panel150_gpt54nano,MDAgents,pna_all,pna,pt,pna_panel4_150_105,pna:2018:part_2A:143,136,medium,D,"{""D"": 1}",1,1.0,1.0,True,thesis_github/data/evals/failure_prediction/panel150_gpt_family_tts_v1/gpt54nano_medium/mdagents_adaptive_paper_faithful_v1/pna_all/mdagents_predictions_long.csv
main_panel150_gpt54nano,MDAgents,pna_all,pna,pt,pna_panel4_150_007,pna:2018:part_2A:144,137,easy,B,"{""B"": 1}",1,1.0,1.0,True,thesis_github/data/evals/failure_prediction/panel150_gpt_family_tts_v1/gpt54nano_medium/mdagents_adaptive_paper_faithful_v1/pna_all/mdagents_predictions_long.csv
main_panel150_gpt54nano,MDAgents,pna_all,pna,pt,pna_panel4_150_106,pna:2018:part_2A:84,80,medium,A,"{""E"": 1}",1,0.0,0.0,True,thesis_github/data/evals/failure_prediction/panel150_gpt_family_tts_v1/gpt54nano_medium/mdagents_adaptive_paper_faithful_v1/pna_all/mdagents_predictions_long.csv
main_panel150_gpt54nano,MDAgents,pna_all,pna,pt,pna_panel4_150_107,pna:2018:part_2A:94,89,medium,A,"{""A"": 1}",1,1.0,1.0,True,thesis_github/data/evals/failure_prediction/panel150_gpt_family_tts_v1/gpt54nano_medium/mdagents_adaptive_paper_faithful_v1/pna_all/mdagents_predictions_long.csv
main_panel150_gpt54nano,MDAgents,pna_all,pna,pt,pna_panel4_150_008,pna:2019:part_1A:11,152,easy,A,"{""A"": 1}",1,1.0,1.0,True,thesis_github/data/evals/failure_prediction/panel150_gpt_family_tts_v1/gpt54nano_medium/mdagents_adaptive_paper_faithful_v1/pna_all/mdagents_predictions_long.csv
main_panel150_gpt54nano,MDAgents,pna_all,pna,pt,pna_panel4_150_108,pna:2019:part_1A:25,164,medium,D,"{""D"": 1}",1,1.0,1.0,True,thesis_github/data/evals/failure_prediction/panel150_gpt_family_tts_v1/gpt54nano_medium/mdagents_adaptive_paper_faithful_v1/pna_all/mdagents_predictions_long.csv
main_panel150_gpt54nano,MDAgents,pna_all,pna,pt,pna_panel4_150_056,pna:2019:part_1A:44,182,hard,A,"{""A"": 1}",1,1.0,1.0,True,thesis_github/data/evals/failure_prediction/panel150_gpt_family_tts_v1/gpt54nano_medium/mdagents_adaptive_paper_faithful_v1/pna_all/mdagents_predictions_long.csv
main_panel150_gpt54nano,MDAgents,pna_all,pna,pt,pna_panel4_150_109,pna:2019:part_1A:45,183,medium,E,"{""E"": 1}",1,1.0,1.0,True,thesis_github/data/evals/failure_prediction/panel150_gpt_family_tts_v1/gpt54nano_medium/mdagents_adaptive_paper_faithful_v1/pna_all/mdagents_predictions_long.csv
main_panel150_gpt54nano,MDAgents,pna_all,pna,pt,pna_panel4_150_110,pna:2019:part_1A:48,186,medium,C,"{""C"": 1}",1,1.0,1.0,True,thesis_github/data/evals/failure_prediction/panel150_gpt_family_tts_v1/gpt54nano_medium/mdagents_adaptive_paper_faithful_v1/pna_all/mdagents_predictions_long.csv
main_panel150_gpt54nano,MDAgents,pna_all,pna,pt,pna_panel4_150_111,pna:2019:part_1A:54,192,medium,A,"{""D"": 1}",1,0.0,0.0,True,thesis_github/data/evals/failure_prediction/panel150_gpt_family_tts_v1/gpt54nano_medium/mdagents_adaptive_paper_faithful_v1/pna_all/mdagents_predictions_long.csv
main_panel150_gpt54nano,MDAgents,pna_all,pna,pt,pna_panel4_150_057,pna:2019:part_1A:75,211,hard,E,"{""D"": 1}",1,0.0,0.0,True,thesis_github/data/evals/failure_prediction/panel150_gpt_family_tts_v1/gpt54nano_medium/mdagents_adaptive_paper_faithful_v1/pna_all/mdagents_predictions_long.csv
main_panel150_gpt54nano,MDAgents,pna_all,pna,pt,pna_panel4_150_009,pna:2019:part_2A:100,236,easy,E,"{""E"": 1}",1,1.0,1.0,True,thesis_github/data/evals/failure_prediction/panel150_gpt_family_tts_v1/gpt54nano_medium/mdagents_adaptive_paper_faithful_v1/pna_all/mdagents_predictions_long.csv
main_panel150_gpt54nano,MDAgents,pna_all,pna,pt,pna_panel4_150_112,pna:2019:part_2A:102,238,medium,C,"{""C"": 1}",1,1.0,1.0,True,thesis_github/data/evals/failure_prediction/panel150_gpt_family_tts_v1/gpt54nano_medium/mdagents_adaptive_paper_faithful_v1/pna_all/mdagents_predictions_long.csv
main_panel150_gpt54nano,MDAgents,pna_all,pna,pt,pna_panel4_150_058,pna:2019:part_2A:103,239,hard,C,"{""C"": 1}",1,1.0,1.0,True,thesis_github/data/evals/failure_prediction/panel150_gpt_family_tts_v1/gpt54nano_medium/mdagents_adaptive_paper_faithful_v1/pna_all/mdagents_predictions_long.csv
main_panel150_gpt54nano,MDAgents,pna_all,pna,pt,pna_panel4_150_010,pna:2019:part_2A:109,245,easy,C,"{""C"": 1}",1,1.0,1.0,True,thesis_github/data/evals/failure_prediction/panel150_gpt_family_tts_v1/gpt54nano_medium/mdagents_adaptive_paper_faithful_v1/pna_all/mdagents_predictions_long.csv
main_panel150_gpt54nano,MDAgents,pna_all,pna,pt,pna_panel4_150_059,pna:2019:part_2A:122,254,hard,D,"{""D"": 1}",1,1.0,1.0,True,thesis_github/data/evals/failure_prediction/panel150_gpt_family_tts_v1/gpt54nano_medium/mdagents_adaptive_paper_faithful_v1/pna_all/mdagents_predictions_long.csv
main_panel150_gpt54nano,MDAgents,pna_all,pna,pt,pna_panel4_150_011,pna:2019:part_2A:135,266,easy,B,"{""B"": 1}",1,1.0,1.0,True,thesis_github/data/evals/failure_prediction/panel150_gpt_family_tts_v1/gpt54nano_medium/mdagents_adaptive_paper_faithful_v1/pna_all/mdagents_predictions_long.csv
main_panel150_gpt54nano,MDAgents,pna_all,pna,pt,pna_panel4_150_012,pna:2019:part_2A:138,269,easy,D,"{""D"": 1}",1,1.0,1.0,True,thesis_github/data/evals/failure_prediction/panel150_gpt_family_tts_v1/gpt54nano_medium/mdagents_adaptive_paper_faithful_v1/pna_all/mdagents_predictions_long.csv
main_panel150_gpt54nano,MDAgents,pna_all,pna,pt,pna_panel4_150_060,pna:2020:part_1A:10,290,hard,A,"{""E"": 1}",1,0.0,0.0,True,thesis_github/data/evals/failure_prediction/panel150_gpt_family_tts_v1/gpt54nano_medium/mdagents_adaptive_paper_faithful_v1/pna_all/mdagents_predictions_long.csv
main_panel150_gpt54nano,MDAgents,pna_all,pna,pt,pna_panel4_150_013,pna:2020:part_1A:14,294,easy,A,"{""A"": 1}",1,1.0,1.0,True,thesis_github/data/evals/failure_prediction/panel150_gpt_family_tts_v1/gpt54nano_medium/mdagents_adaptive_paper_faithful_v1/pna_all/mdagents_predictions_long.csv
main_panel150_gpt54nano,MDAgents,pna_all,pna,pt,pna_panel4_150_014,pna:2020:part_1A:16,296,easy,A,"{""A"": 1}",1,1.0,1.0,True,thesis_github/data/evals/failure_prediction/panel150_gpt_family_tts_v1/gpt54nano_medium/mdagents_adaptive_paper_faithful_v1/pna_all/mdagents_predictions_long.csv
main_panel150_gpt54nano,MDAgents,pna_all,pna,pt,pna_panel4_150_061,pna:2020:part_1A:2,282,hard,A,"{""B"": 1}",1,0.0,0.0,True,thesis_github/data/evals/failure_prediction/panel150_gpt_family_tts_v1/gpt54nano_medium/mdagents_adaptive_paper_faithful_v1/pna_all/mdagents_predictions_long.csv
main_panel150_gpt54nano,MDAgents,pna_all,pna,pt,pna_panel4_150_113,pna:2020:part_1A:21,301,medium,D,"{""E"": 1}",1,0.0,0.0,True,thesis_github/data/evals/failure_prediction/panel150_gpt_family_tts_v1/gpt54nano_medium/mdagents_adaptive_paper_faithful_v1/pna_all/mdagents_predictions_long.csv
main_panel150_gpt54nano,MDAgents,pna_all,pna,pt,pna_panel4_150_062,pna:2020:part_1A:27,306,hard,A,"{""B"": 1}",1,0.0,0.0,True,thesis_github/data/evals/failure_prediction/panel150_gpt_family_tts_v1/gpt54nano_medium/mdagents_adaptive_paper_faithful_v1/pna_all/mdagents_predictions_long.csv
main_panel150_gpt54nano,MDAgents,pna_all,pna,pt,pna_panel4_150_114,pna:2020:part_1A:30,309,medium,A,"{""D"": 1}",1,0.0,0.0,True,thesis_github/data/evals/failure_prediction/panel150_gpt_family_tts_v1/gpt54nano_medium/mdagents_adaptive_paper_faithful_v1/pna_all/mdagents_predictions_long.csv
main_panel150_gpt54nano,MDAgents,pna_all,pna,pt,pna_panel4_150_015,pna:2020:part_1A:31,310,easy,E,"{""E"": 1}",1,1.0,1.0,True,thesis_github/data/evals/failure_prediction/panel150_gpt_family_tts_v1/gpt54nano_medium/mdagents_adaptive_paper_faithful_v1/pna_all/mdagents_predictions_long.csv
main_panel150_gpt54nano,MDAgents,pna_all,pna,pt,pna_panel4_150_016,pna:2020:part_1A:52,329,easy,B,"{""B"": 1}",1,1.0,1.0,True,thesis_github/data/evals/failure_prediction/panel150_gpt_family_tts_v1/gpt54nano_medium/mdagents_adaptive_paper_faithful_v1/pna_all/mdagents_predictions_long.csv
main_panel150_gpt54nano,MDAgents,pna_all,pna,pt,pna_panel4_150_017,pna:2020:part_1A:64,339,easy,A,"{""A"": 1}",1,1.0,1.0,True,thesis_github/data/evals/failure_prediction/panel150_gpt_family_tts_v1/gpt54nano_medium/mdagents_adaptive_paper_faithful_v1/pna_all/mdagents_predictions_long.csv
main_panel150_gpt54nano,MDAgents,pna_all,pna,pt,pna_panel4_150_063,pna:2020:part_1A:70,345,hard,D,"{""B"": 1}",1,0.0,0.0,True,thesis_github/data/evals/failure_prediction/panel150_gpt_family_tts_v1/gpt54nano_medium/mdagents_adaptive_paper_faithful_v1/pna_all/mdagents_predictions_long.csv
main_panel150_gpt54nano,MDAgents,pna_all,pna,pt,pna_panel4_150_018,pna:2020:part_1A:73,348,easy,B,"{""B"": 1}",1,1.0,1.0,True,thesis_github/data/evals/failure_prediction/panel150_gpt_family_tts_v1/gpt54nano_medium/mdagents_adaptive_paper_faithful_v1/pna_all/mdagents_predictions_long.csv
main_panel150_gpt54nano,MDAgents,pna_all,pna,pt,pna_panel4_150_019,pna:2020:part_1A:9,289,easy,D,"{""D"": 1}",1,1.0,1.0,True,thesis_github/data/evals/failure_prediction/panel150_gpt_family_tts_v1/gpt54nano_medium/mdagents_adaptive_paper_faithful_v1/pna_all/mdagents_predictions_long.csv
main_panel150_gpt54nano,MDAgents,pna_all,pna,pt,pna_panel4_150_064,pna:2020:part_2A:105,377,hard,C,"{""D"": 1}",1,0.0,0.0,True,thesis_github/data/evals/failure_prediction/panel150_gpt_family_tts_v1/gpt54nano_medium/mdagents_adaptive_paper_faithful_v1/pna_all/mdagents_predictions_long.csv
main_panel150_gpt54nano,MDAgents,pna_all,pna,pt,pna_panel4_150_020,pna:2020:part_2A:123,394,easy,B,"{""B"": 1}",1,1.0,1.0,True,thesis_github/data/evals/failure_prediction/panel150_gpt_family_tts_v1/gpt54nano_medium/mdagents_adaptive_paper_faithful_v1/pna_all/mdagents_predictions_long.csv
main_panel150_gpt54nano,MDAgents,pna_all,pna,pt,pna_panel4_150_115,pna:2020:part_2A:130,400,medium,A,"{""A"": 1}",1,1.0,1.0,True,thesis_github/data/evals/failure_prediction/panel150_gpt_family_tts_v1/gpt54nano_medium/mdagents_adaptive_paper_faithful_v1/pna_all/mdagents_predictions_long.csv
main_panel150_gpt54nano,MDAgents,pna_all,pna,pt,pna_panel4_150_021,pna:2020:part_2A:94,367,easy,B,"{""B"": 1}",1,1.0,1.0,True,thesis_github/data/evals/failure_prediction/panel150_gpt_family_tts_v1/gpt54nano_medium/mdagents_adaptive_paper_faithful_v1/pna_all/mdagents_predictions_long.csv
main_panel150_gpt54nano,MDAgents,pna_all,pna,pt,pna_panel4_150_065,pna:2021:part_1A:18,437,hard,D,"{""D"": 1}",1,1.0,1.0,True,thesis_github/data/evals/failure_prediction/panel150_gpt_family_tts_v1/gpt54nano_medium/mdagents_adaptive_paper_faithful_v1/pna_all/mdagents_predictions_long.csv
main_panel150_gpt54nano,MDAgents,pna_all,pna,pt,pna_panel4_150_022,pna:2021:part_1A:22,441,easy,E,"{""E"": 1}",1,1.0,1.0,True,thesis_github/data/evals/failure_prediction/panel150_gpt_family_tts_v1/gpt54nano_medium/mdagents_adaptive_paper_faithful_v1/pna_all/mdagents_predictions_long.csv
main_panel150_gpt54nano,MDAgents,pna_all,pna,pt,pna_panel4_150_116,pna:2021:part_1A:26,445,medium,E,"{""E"": 1}",1,1.0,1.0,True,thesis_github/data/evals/failure_prediction/panel150_gpt_family_tts_v1/gpt54nano_medium/mdagents_adaptive_paper_faithful_v1/pna_all/mdagents_predictions_long.csv
main_panel150_gpt54nano,MDAgents,pna_all,pna,pt,pna_panel4_150_023,pna:2021:part_1A:30,449,easy,A,"{""A"": 1}",1,1.0,1.0,True,thesis_github/data/evals/failure_prediction/panel150_gpt_family_tts_v1/gpt54nano_medium/mdagents_adaptive_paper_faithful_v1/pna_all/mdagents_predictions_long.csv
main_panel150_gpt54nano,MDAgents,pna_all,pna,pt,pna_panel4_150_117,pna:2021:part_1A:4,423,medium,A,"{""A"": 1}",1,1.0,1.0,True,thesis_github/data/evals/failure_prediction/panel150_gpt_family_tts_v1/gpt54nano_medium/mdagents_adaptive_paper_faithful_v1/pna_all/mdagents_predictions_long.csv
main_panel150_gpt54nano,MDAgents,pna_all,pna,pt,pna_panel4_150_118,pna:2021:part_1A:44,462,medium,C,"{""C"": 1}",1,1.0,1.0,True,thesis_github/data/evals/failure_prediction/panel150_gpt_family_tts_v1/gpt54nano_medium/mdagents_adaptive_paper_faithful_v1/pna_all/mdagents_predictions_long.csv
main_panel150_gpt54nano,MDAgents,pna_all,pna,pt,pna_panel4_150_066,pna:2021:part_1A:46,464,hard,C,"{""A"": 1}",1,0.0,0.0,True,thesis_github/data/evals/failure_prediction/panel150_gpt_family_tts_v1/gpt54nano_medium/mdagents_adaptive_paper_faithful_v1/pna_all/mdagents_predictions_long.csv
main_panel150_gpt54nano,MDAgents,pna_all,pna,pt,pna_panel4_150_067,pna:2021:part_1A:5,424,hard,D,"{""E"": 1}",1,0.0,0.0,True,thesis_github/data/evals/failure_prediction/panel150_gpt_family_tts_v1/gpt54nano_medium/mdagents_adaptive_paper_faithful_v1/pna_all/mdagents_predictions_long.csv
main_panel150_gpt54nano,MDAgents,pna_all,pna,pt,pna_panel4_150_119,pna:2021:part_1A:57,474,medium,C,"{""C"": 1}",1,1.0,1.0,True,thesis_github/data/evals/failure_prediction/panel150_gpt_family_tts_v1/gpt54nano_medium/mdagents_adaptive_paper_faithful_v1/pna_all/mdagents_predictions_long.csv
main_panel150_gpt54nano,MDAgents,pna_all,pna,pt,pna_panel4_150_024,pna:2021:part_1A:60,477,easy,E,"{""E"": 1}",1,1.0,1.0,True,thesis_github/data/evals/failure_prediction/panel150_gpt_family_tts_v1/gpt54nano_medium/mdagents_adaptive_paper_faithful_v1/pna_all/mdagents_predictions_long.csv
main_panel150_gpt54nano,MDAgents,pna_all,pna,pt,pna_panel4_150_068,pna:2021:part_1A:61,478,hard,D,"{""A"": 1}",1,0.0,0.0,True,thesis_github/data/evals/failure_prediction/panel150_gpt_family_tts_v1/gpt54nano_medium/mdagents_adaptive_paper_faithful_v1/pna_all/mdagents_predictions_long.csv
main_panel150_gpt54nano,MDAgents,pna_all,pna,pt,pna_panel4_150_025,pna:2021:part_1A:66,483,easy,B,"{""B"": 1}",1,1.0,1.0,True,thesis_github/data/evals/failure_prediction/panel150_gpt_family_tts_v1/gpt54nano_medium/mdagents_adaptive_paper_faithful_v1/pna_all/mdagents_predictions_long.csv
main_panel150_gpt54nano,MDAgents,pna_all,pna,pt,pna_panel4_150_069,pna:2021:part_1A:68,485,hard,C,"{""A"": 1}",1,0.0,0.0,True,thesis_github/data/evals/failure_prediction/panel150_gpt_family_tts_v1/gpt54nano_medium/mdagents_adaptive_paper_faithful_v1/pna_all/mdagents_predictions_long.csv
main_panel150_gpt54nano,MDAgents,pna_all,pna,pt,pna_panel4_150_070,pna:2021:part_1A:71,488,hard,A,"{""A"": 1}",1,1.0,1.0,True,thesis_github/data/evals/failure_prediction/panel150_gpt_family_tts_v1/gpt54nano_medium/mdagents_adaptive_paper_faithful_v1/pna_all/mdagents_predictions_long.csv
main_panel150_gpt54nano,MDAgents,pna_all,pna,pt,pna_panel4_150_071,pna:2021:part_2A:100,514,hard,E,"{""E"": 1}",1,1.0,1.0,True,thesis_github/data/evals/failure_prediction/panel150_gpt_family_tts_v1/gpt54nano_medium/mdagents_adaptive_paper_faithful_v1/pna_all/mdagents_predictions_long.csv
main_panel150_gpt54nano,MDAgents,pna_all,pna,pt,pna_panel4_150_120,pna:2021:part_2A:105,518,medium,E,"{""E"": 1}",1,1.0,1.0,True,thesis_github/data/evals/failure_prediction/panel150_gpt_family_tts_v1/gpt54nano_medium/mdagents_adaptive_paper_faithful_v1/pna_all/mdagents_predictions_long.csv
main_panel150_gpt54nano,MDAgents,pna_all,pna,pt,pna_panel4_150_072,pna:2021:part_2A:113,525,hard,A,"{""B"": 1}",1,0.0,0.0,True,thesis_github/data/evals/failure_prediction/panel150_gpt_family_tts_v1/gpt54nano_medium/mdagents_adaptive_paper_faithful_v1/pna_all/mdagents_predictions_long.csv
main_panel150_gpt54nano,MDAgents,pna_all,pna,pt,pna_panel4_150_073,pna:2021:part_2A:116,528,hard,C,"{""A"": 1}",1,0.0,0.0,True,thesis_github/data/evals/failure_prediction/panel150_gpt_family_tts_v1/gpt54nano_medium/mdagents_adaptive_paper_faithful_v1/pna_all/mdagents_predictions_long.csv
main_panel150_gpt54nano,MDAgents,pna_all,pna,pt,pna_panel4_150_121,pna:2021:part_2A:118,530,medium,A,"{""A"": 1}",1,1.0,1.0,True,thesis_github/data/evals/failure_prediction/panel150_gpt_family_tts_v1/gpt54nano_medium/mdagents_adaptive_paper_faithful_v1/pna_all/mdagents_predictions_long.csv
main_panel150_gpt54nano,MDAgents,pna_all,pna,pt,pna_panel4_150_026,pna:2021:part_2A:125,537,easy,B,"{""B"": 1}",1,1.0,1.0,True,thesis_github/data/evals/failure_prediction/panel150_gpt_family_tts_v1/gpt54nano_medium/mdagents_adaptive_paper_faithful_v1/pna_all/mdagents_predictions_long.csv
main_panel150_gpt54nano,MDAgents,pna_all,pna,pt,pna_panel4_150_074,pna:2021:part_2A:129,541,hard,A,"{""D"": 1}",1,0.0,0.0,True,thesis_github/data/evals/failure_prediction/panel150_gpt_family_tts_v1/gpt54nano_medium/mdagents_adaptive_paper_faithful_v1/pna_all/mdagents_predictions_long.csv
main_panel150_gpt54nano,MDAgents,pna_all,pna,pt,pna_panel4_150_027,pna:2021:part_2A:137,549,easy,C,"{""C"": 1}",1,1.0,1.0,True,thesis_github/data/evals/failure_prediction/panel150_gpt_family_tts_v1/gpt54nano_medium/mdagents_adaptive_paper_faithful_v1/pna_all/mdagents_predictions_long.csv
main_panel150_gpt54nano,MDAgents,pna_all,pna,pt,pna_panel4_150_122,pna:2021:part_2A:145,557,medium,E,"{""E"": 1}",1,1.0,1.0,True,thesis_github/data/evals/failure_prediction/panel150_gpt_family_tts_v1/gpt54nano_medium/mdagents_adaptive_paper_faithful_v1/pna_all/mdagents_predictions_long.csv
main_panel150_gpt54nano,MDAgents,pna_all,pna,pt,pna_panel4_150_123,pna:2021:part_2A:82,498,medium,A,"{""A"": 1}",1,1.0,1.0,True,thesis_github/data/evals/failure_prediction/panel150_gpt_family_tts_v1/gpt54nano_medium/mdagents_adaptive_paper_faithful_v1/pna_all/mdagents_predictions_long.csv
main_panel150_gpt54nano,MDAgents,pna_all,pna,pt,pna_panel4_150_075,pna:2021:part_2A:90,505,hard,D,"{""D"": 1}",1,1.0,1.0,True,thesis_github/data/evals/failure_prediction/panel150_gpt_family_tts_v1/gpt54nano_medium/mdagents_adaptive_paper_faithful_v1/pna_all/mdagents_predictions_long.csv
main_panel150_gpt54nano,MDAgents,pna_all,pna,pt,pna_panel4_150_076,pna:2021:part_2A:95,509,hard,B,"{""E"": 1}",1,0.0,0.0,True,thesis_github/data/evals/failure_prediction/panel150_gpt_family_tts_v1/gpt54nano_medium/mdagents_adaptive_paper_faithful_v1/pna_all/mdagents_predictions_long.csv
main_panel150_gpt54nano,MDAgents,pna_all,pna,pt,pna_panel4_150_077,pna:2022:part_1A:11,571,hard,C,"{""C"": 1}",1,1.0,1.0,True,thesis_github/data/evals/failure_prediction/panel150_gpt_family_tts_v1/gpt54nano_medium/mdagents_adaptive_paper_faithful_v1/pna_all/mdagents_predictions_long.csv
main_panel150_gpt54nano,MDAgents,pna_all,pna,pt,pna_panel4_150_124,pna:2022:part_1A:15,575,medium,B,"{""C"": 1}",1,0.0,0.0,True,thesis_github/data/evals/failure_prediction/panel150_gpt_family_tts_v1/gpt54nano_medium/mdagents_adaptive_paper_faithful_v1/pna_all/mdagents_predictions_long.csv
main_panel150_gpt54nano,MDAgents,pna_all,pna,pt,pna_panel4_150_078,pna:2022:part_1A:17,577,hard,D,"{""B"": 1}",1,0.0,0.0,True,thesis_github/data/evals/failure_prediction/panel150_gpt_family_tts_v1/gpt54nano_medium/mdagents_adaptive_paper_faithful_v1/pna_all/mdagents_predictions_long.csv
main_panel150_gpt54nano,MDAgents,pna_all,pna,pt,pna_panel4_150_125,pna:2022:part_1A:18,578,medium,B,"{""A"": 1}",1,0.0,0.0,True,thesis_github/data/evals/failure_prediction/panel150_gpt_family_tts_v1/gpt54nano_medium/mdagents_adaptive_paper_faithful_v1/pna_all/mdagents_predictions_long.csv
main_panel150_gpt54nano,MDAgents,pna_all,pna,pt,pna_panel4_150_079,pna:2022:part_1A:19,579,hard,B,"{""A"": 1}",1,0.0,0.0,True,thesis_github/data/evals/failure_prediction/panel150_gpt_family_tts_v1/gpt54nano_medium/mdagents_adaptive_paper_faithful_v1/pna_all/mdagents_predictions_long.csv
main_panel150_gpt54nano,MDAgents,pna_all,pna,pt,pna_panel4_150_080,pna:2022:part_1A:23,583,hard,E,"{""A"": 1}",1,0.0,0.0,True,thesis_github/data/evals/failure_prediction/panel150_gpt_family_tts_v1/gpt54nano_medium/mdagents_adaptive_paper_faithful_v1/pna_all/mdagents_predictions_long.csv
main_panel150_gpt54nano,MDAgents,pna_all,pna,pt,pna_panel4_150_028,pna:2022:part_1A:24,584,easy,B,"{""B"": 1}",1,1.0,1.0,True,thesis_github/data/evals/failure_prediction/panel150_gpt_family_tts_v1/gpt54nano_medium/mdagents_adaptive_paper_faithful_v1/pna_all/mdagents_predictions_long.csv
main_panel150_gpt54nano,MDAgents,pna_all,pna,pt,pna_panel4_150_126,pna:2022:part_1A:25,585,medium,C,"{""A"": 1}",1,0.0,0.0,True,thesis_github/data/evals/failure_prediction/panel150_gpt_family_tts_v1/gpt54nano_medium/mdagents_adaptive_paper_faithful_v1/pna_all/mdagents_predictions_long.csv
main_panel150_gpt54nano,MDAgents,pna_all,pna,pt,pna_panel4_150_029,pna:2022:part_1A:27,587,easy,B,"{""B"": 1}",1,1.0,1.0,True,thesis_github/data/evals/failure_prediction/panel150_gpt_family_tts_v1/gpt54nano_medium/mdagents_adaptive_paper_faithful_v1/pna_all/mdagents_predictions_long.csv
main_panel150_gpt54nano,MDAgents,pna_all,pna,pt,pna_panel4_150_127,pna:2022:part_1A:29,589,medium,A,"{""A"": 1}",1,1.0,1.0,True,thesis_github/data/evals/failure_prediction/panel150_gpt_family_tts_v1/gpt54nano_medium/mdagents_adaptive_paper_faithful_v1/pna_all/mdagents_predictions_long.csv
main_panel150_gpt54nano,MDAgents,pna_all,pna,pt,pna_panel4_150_128,pna:2022:part_1A:33,592,medium,C,"{""C"": 1}",1,1.0,1.0,True,thesis_github/data/evals/failure_prediction/panel150_gpt_family_tts_v1/gpt54nano_medium/mdagents_adaptive_paper_faithful_v1/pna_all/mdagents_predictions_long.csv
main_panel150_gpt54nano,MDAgents,pna_all,pna,pt,pna_panel4_150_129,pna:2022:part_1A:46,604,medium,C,"{""B"": 1}",1,0.0,0.0,True,thesis_github/data/evals/failure_prediction/panel150_gpt_family_tts_v1/gpt54nano_medium/mdagents_adaptive_paper_faithful_v1/pna_all/mdagents_predictions_long.csv
main_panel150_gpt54nano,MDAgents,pna_all,pna,pt,pna_panel4_150_081,pna:2022:part_1A:51,609,hard,C,"{""C"": 1}",1,1.0,1.0,True,thesis_github/data/evals/failure_prediction/panel150_gpt_family_tts_v1/gpt54nano_medium/mdagents_adaptive_paper_faithful_v1/pna_all/mdagents_predictions_long.csv
main_panel150_gpt54nano,MDAgents,pna_all,pna,pt,pna_panel4_150_030,pna:2022:part_1A:59,617,easy,D,"{""D"": 1}",1,1.0,1.0,True,thesis_github/data/evals/failure_prediction/panel150_gpt_family_tts_v1/gpt54nano_medium/mdagents_adaptive_paper_faithful_v1/pna_all/mdagents_predictions_long.csv
main_panel150_gpt54nano,MDAgents,pna_all,pna,pt,pna_panel4_150_082,pna:2022:part_1A:64,622,hard,A,"{""E"": 1}",1,0.0,0.0,True,thesis_github/data/evals/failure_prediction/panel150_gpt_family_tts_v1/gpt54nano_medium/mdagents_adaptive_paper_faithful_v1/pna_all/mdagents_predictions_long.csv
main_panel150_gpt54nano,MDAgents,pna_all,pna,pt,pna_panel4_150_083,pna:2022:part_2A:100,657,hard,A,"{""A"": 1}",1,1.0,1.0,True,thesis_github/data/evals/failure_prediction/panel150_gpt_family_tts_v1/gpt54nano_medium/mdagents_adaptive_paper_faithful_v1/pna_all/mdagents_predictions_long.csv
main_panel150_gpt54nano,MDAgents,pna_all,pna,pt,pna_panel4_150_031,pna:2022:part_2A:113,670,easy,C,"{""C"": 1}",1,1.0,1.0,True,thesis_github/data/evals/failure_prediction/panel150_gpt_family_tts_v1/gpt54nano_medium/mdagents_adaptive_paper_faithful_v1/pna_all/mdagents_predictions_long.csv
main_panel150_gpt54nano,MDAgents,pna_all,pna,pt,pna_panel4_150_130,pna:2022:part_2A:129,686,medium,D,"{""D"": 1}",1,1.0,1.0,True,thesis_github/data/evals/failure_prediction/panel150_gpt_family_tts_v1/gpt54nano_medium/mdagents_adaptive_paper_faithful_v1/pna_all/mdagents_predictions_long.csv
main_panel150_gpt54nano,MDAgents,pna_all,pna,pt,pna_panel4_150_084,pna:2022:part_2A:132,689,hard,A,"{""A"": 1}",1,1.0,1.0,True,thesis_github/data/evals/failure_prediction/panel150_gpt_family_tts_v1/gpt54nano_medium/mdagents_adaptive_paper_faithful_v1/pna_all/mdagents_predictions_long.csv
main_panel150_gpt54nano,MDAgents,pna_all,pna,pt,pna_panel4_150_085,pna:2022:part_2A:138,695,hard,A,"{""C"": 1}",1,0.0,0.0,True,thesis_github/data/evals/failure_prediction/panel150_gpt_family_tts_v1/gpt54nano_medium/mdagents_adaptive_paper_faithful_v1/pna_all/mdagents_predictions_long.csv
main_panel150_gpt54nano,MDAgents,pna_all,pna,pt,pna_panel4_150_131,pna:2022:part_2A:79,636,medium,B,"{""B"": 1}",1,1.0,1.0,True,thesis_github/data/evals/failure_prediction/panel150_gpt_family_tts_v1/gpt54nano_medium/mdagents_adaptive_paper_faithful_v1/pna_all/mdagents_predictions_long.csv
main_panel150_gpt54nano,MDAgents,pna_all,pna,pt,pna_panel4_150_032,pna:2022:part_2A:83,640,easy,A,"{""A"": 1}",1,1.0,1.0,True,thesis_github/data/evals/failure_prediction/panel150_gpt_family_tts_v1/gpt54nano_medium/mdagents_adaptive_paper_faithful_v1/pna_all/mdagents_predictions_long.csv
main_panel150_gpt54nano,MDAgents,pna_all,pna,pt,pna_panel4_150_132,pna:2023:part_1A:11,715,medium,A,"{""A"": 1}",1,1.0,1.0,True,thesis_github/data/evals/failure_prediction/panel150_gpt_family_tts_v1/gpt54nano_medium/mdagents_adaptive_paper_faithful_v1/pna_all/mdagents_predictions_long.csv
main_panel150_gpt54nano,MDAgents,pna_all,pna,pt,pna_panel4_150_086,pna:2023:part_1A:31,735,hard,D,"{""D"": 1}",1,1.0,1.0,True,thesis_github/data/evals/failure_prediction/panel150_gpt_family_tts_v1/gpt54nano_medium/mdagents_adaptive_paper_faithful_v1/pna_all/mdagents_predictions_long.csv
main_panel150_gpt54nano,MDAgents,pna_all,pna,pt,pna_panel4_150_087,pna:2023:part_1A:34,738,hard,E,"{""E"": 1}",1,1.0,1.0,True,thesis_github/data/evals/failure_prediction/panel150_gpt_family_tts_v1/gpt54nano_medium/mdagents_adaptive_paper_faithful_v1/pna_all/mdagents_predictions_long.csv
main_panel150_gpt54nano,MDAgents,pna_all,pna,pt,pna_panel4_150_033,pna:2023:part_1A:36,740,easy,B,"{""B"": 1}",1,1.0,1.0,True,thesis_github/data/evals/failure_prediction/panel150_gpt_family_tts_v1/gpt54nano_medium/mdagents_adaptive_paper_faithful_v1/pna_all/mdagents_predictions_long.csv
main_panel150_gpt54nano,MDAgents,pna_all,pna,pt,pna_panel4_150_133,pna:2023:part_1A:5,710,medium,E,"{""C"": 1}",1,0.0,0.0,True,thesis_github/data/evals/failure_prediction/panel150_gpt_family_tts_v1/gpt54nano_medium/mdagents_adaptive_paper_faithful_v1/pna_all/mdagents_predictions_long.csv
main_panel150_gpt54nano,MDAgents,pna_all,pna,pt,pna_panel4_150_134,pna:2023:part_1A:50,754,medium,E,"{""E"": 1}",1,1.0,1.0,True,thesis_github/data/evals/failure_prediction/panel150_gpt_family_tts_v1/gpt54nano_medium/mdagents_adaptive_paper_faithful_v1/pna_all/mdagents_predictions_long.csv
main_panel150_gpt54nano,MDAgents,pna_all,pna,pt,pna_panel4_150_088,pna:2023:part_1A:52,756,hard,C,"{""C"": 1}",1,1.0,1.0,True,thesis_github/data/evals/failure_prediction/panel150_gpt_family_tts_v1/gpt54nano_medium/mdagents_adaptive_paper_faithful_v1/pna_all/mdagents_predictions_long.csv
main_panel150_gpt54nano,MDAgents,pna_all,pna,pt,pna_panel4_150_135,pna:2023:part_1A:55,759,medium,E,"{""E"": 1}",1,1.0,1.0,True,thesis_github/data/evals/failure_prediction/panel150_gpt_family_tts_v1/gpt54nano_medium/mdagents_adaptive_paper_faithful_v1/pna_all/mdagents_predictions_long.csv
main_panel150_gpt54nano,MDAgents,pna_all,pna,pt,pna_panel4_150_034,pna:2023:part_1A:68,772,easy,C,"{""C"": 1}",1,1.0,1.0,True,thesis_github/data/evals/failure_prediction/panel150_gpt_family_tts_v1/gpt54nano_medium/mdagents_adaptive_paper_faithful_v1/pna_all/mdagents_predictions_long.csv
main_panel150_gpt54nano,MDAgents,pna_all,pna,pt,pna_panel4_150_035,pna:2023:part_1A:71,775,easy,C,"{""C"": 1}",1,1.0,1.0,True,thesis_github/data/evals/failure_prediction/panel150_gpt_family_tts_v1/gpt54nano_medium/mdagents_adaptive_paper_faithful_v1/pna_all/mdagents_predictions_long.csv
main_panel150_gpt54nano,MDAgents,pna_all,pna,pt,pna_panel4_150_136,pna:2023:part_2A:103,805,medium,E,"{""E"": 1}",1,1.0,1.0,True,thesis_github/data/evals/failure_prediction/panel150_gpt_family_tts_v1/gpt54nano_medium/mdagents_adaptive_paper_faithful_v1/pna_all/mdagents_predictions_long.csv
main_panel150_gpt54nano,MDAgents,pna_all,pna,pt,pna_panel4_150_137,pna:2023:part_2A:105,807,medium,B,"{""B"": 1}",1,1.0,1.0,True,thesis_github/data/evals/failure_prediction/panel150_gpt_family_tts_v1/gpt54nano_medium/mdagents_adaptive_paper_faithful_v1/pna_all/mdagents_predictions_long.csv
main_panel150_gpt54nano,MDAgents,pna_all,pna,pt,pna_panel4_150_036,pna:2023:part_2A:124,824,easy,E,"{""E"": 1}",1,1.0,1.0,True,thesis_github/data/evals/failure_prediction/panel150_gpt_family_tts_v1/gpt54nano_medium/mdagents_adaptive_paper_faithful_v1/pna_all/mdagents_predictions_long.csv
main_panel150_gpt54nano,MDAgents,pna_all,pna,pt,pna_panel4_150_037,pna:2023:part_2A:141,841,easy,B,"{""B"": 1}",1,1.0,1.0,True,thesis_github/data/evals/failure_prediction/panel150_gpt_family_tts_v1/gpt54nano_medium/mdagents_adaptive_paper_faithful_v1/pna_all/mdagents_predictions_long.csv
main_panel150_gpt54nano,MDAgents,pna_all,pna,pt,pna_panel4_150_089,pna:2023:part_2A:81,784,hard,E,"{""A"": 1}",1,0.0,0.0,True,thesis_github/data/evals/failure_prediction/panel150_gpt_family_tts_v1/gpt54nano_medium/mdagents_adaptive_paper_faithful_v1/pna_all/mdagents_predictions_long.csv
main_panel150_gpt54nano,MDAgents,pna_all,pna,pt,pna_panel4_150_090,pna:2023:part_2A:87,790,hard,B,"{""D"": 1}",1,0.0,0.0,True,thesis_github/data/evals/failure_prediction/panel150_gpt_family_tts_v1/gpt54nano_medium/mdagents_adaptive_paper_faithful_v1/pna_all/mdagents_predictions_long.csv
main_panel150_gpt54nano,MDAgents,pna_all,pna,pt,pna_panel4_150_138,pna:2023:part_2A:90,793,medium,D,"{""D"": 1}",1,1.0,1.0,True,thesis_github/data/evals/failure_prediction/panel150_gpt_family_tts_v1/gpt54nano_medium/mdagents_adaptive_paper_faithful_v1/pna_all/mdagents_predictions_long.csv
main_panel150_gpt54nano,MDAgents,pna_all,pna,pt,pna_panel4_150_038,pna:2023:part_2A:91,794,easy,A,"{""A"": 1}",1,1.0,1.0,True,thesis_github/data/evals/failure_prediction/panel150_gpt_family_tts_v1/gpt54nano_medium/mdagents_adaptive_paper_faithful_v1/pna_all/mdagents_predictions_long.csv
main_panel150_gpt54nano,MDAgents,pna_all,pna,pt,pna_panel4_150_139,pna:2024:part_1A:11,860,medium,D,"{""D"": 1}",1,1.0,1.0,True,thesis_github/data/evals/failure_prediction/panel150_gpt_family_tts_v1/gpt54nano_medium/mdagents_adaptive_paper_faithful_v1/pna_all/mdagents_predictions_long.csv
main_panel150_gpt54nano,MDAgents,pna_all,pna,pt,pna_panel4_150_091,pna:2024:part_1A:12,861,hard,B,"{""B"": 1}",1,1.0,1.0,True,thesis_github/data/evals/failure_prediction/panel150_gpt_family_tts_v1/gpt54nano_medium/mdagents_adaptive_paper_faithful_v1/pna_all/mdagents_predictions_long.csv
main_panel150_gpt54nano,MDAgents,pna_all,pna,pt,pna_panel4_150_092,pna:2024:part_1A:31,879,hard,C,"{""A"": 1}",1,0.0,0.0,True,thesis_github/data/evals/failure_prediction/panel150_gpt_family_tts_v1/gpt54nano_medium/mdagents_adaptive_paper_faithful_v1/pna_all/mdagents_predictions_long.csv
main_panel150_gpt54nano,MDAgents,pna_all,pna,pt,pna_panel4_150_140,pna:2024:part_1A:35,883,medium,C,"{""D"": 1}",1,0.0,0.0,True,thesis_github/data/evals/failure_prediction/panel150_gpt_family_tts_v1/gpt54nano_medium/mdagents_adaptive_paper_faithful_v1/pna_all/mdagents_predictions_long.csv
main_panel150_gpt54nano,MDAgents,pna_all,pna,pt,pna_panel4_150_093,pna:2024:part_1A:44,892,hard,E,"{""B"": 1}",1,0.0,0.0,True,thesis_github/data/evals/failure_prediction/panel150_gpt_family_tts_v1/gpt54nano_medium/mdagents_adaptive_paper_faithful_v1/pna_all/mdagents_predictions_long.csv
main_panel150_gpt54nano,MDAgents,pna_all,pna,pt,pna_panel4_150_039,pna:2024:part_1A:57,905,easy,E,"{""E"": 1}",1,1.0,1.0,True,thesis_github/data/evals/failure_prediction/panel150_gpt_family_tts_v1/gpt54nano_medium/mdagents_adaptive_paper_faithful_v1/pna_all/mdagents_predictions_long.csv
main_panel150_gpt54nano,MDAgents,pna_all,pna,pt,pna_panel4_150_141,pna:2024:part_1A:58,906,medium,E,"{""E"": 1}",1,1.0,1.0,True,thesis_github/data/evals/failure_prediction/panel150_gpt_family_tts_v1/gpt54nano_medium/mdagents_adaptive_paper_faithful_v1/pna_all/mdagents_predictions_long.csv
main_panel150_gpt54nano,MDAgents,pna_all,pna,pt,pna_panel4_150_094,pna:2024:part_1A:9,858,hard,A,"{""A"": 1}",1,1.0,1.0,True,thesis_github/data/evals/failure_prediction/panel150_gpt_family_tts_v1/gpt54nano_medium/mdagents_adaptive_paper_faithful_v1/pna_all/mdagents_predictions_long.csv
main_panel150_gpt54nano,MDAgents,pna_all,pna,pt,pna_panel4_150_142,pna:2024:part_2A:119,960,medium,D,"{""D"": 1}",1,1.0,1.0,True,thesis_github/data/evals/failure_prediction/panel150_gpt_family_tts_v1/gpt54nano_medium/mdagents_adaptive_paper_faithful_v1/pna_all/mdagents_predictions_long.csv
main_panel150_gpt54nano,MDAgents,pna_all,pna,pt,pna_panel4_150_040,pna:2024:part_2A:129,970,easy,B,"{""B"": 1}",1,1.0,1.0,True,thesis_github/data/evals/failure_prediction/panel150_gpt_family_tts_v1/gpt54nano_medium/mdagents_adaptive_paper_faithful_v1/pna_all/mdagents_predictions_long.csv
main_panel150_gpt54nano,MDAgents,pna_all,pna,pt,pna_panel4_150_041,pna:2024:part_2A:134,975,easy,E,"{""E"": 1}",1,1.0,1.0,True,thesis_github/data/evals/failure_prediction/panel150_gpt_family_tts_v1/gpt54nano_medium/mdagents_adaptive_paper_faithful_v1/pna_all/mdagents_predictions_long.csv
main_panel150_gpt54nano,MDAgents,pna_all,pna,pt,pna_panel4_150_042,pna:2024:part_2A:138,979,easy,A,"{""A"": 1}",1,1.0,1.0,True,thesis_github/data/evals/failure_prediction/panel150_gpt_family_tts_v1/gpt54nano_medium/mdagents_adaptive_paper_faithful_v1/pna_all/mdagents_predictions_long.csv
main_panel150_gpt54nano,MDAgents,pna_all,pna,pt,pna_panel4_150_043,pna:2024:part_2A:150,991,easy,A,"{""A"": 1}",1,1.0,1.0,True,thesis_github/data/evals/failure_prediction/panel150_gpt_family_tts_v1/gpt54nano_medium/mdagents_adaptive_paper_faithful_v1/pna_all/mdagents_predictions_long.csv
main_panel150_gpt54nano,MDAgents,pna_all,pna,pt,pna_panel4_150_095,pna:2024:part_2A:92,936,hard,C,"{""C"": 1}",1,1.0,1.0,True,thesis_github/data/evals/failure_prediction/panel150_gpt_family_tts_v1/gpt54nano_medium/mdagents_adaptive_paper_faithful_v1/pna_all/mdagents_predictions_long.csv
main_panel150_gpt54nano,MDAgents,pna_all,pna,pt,pna_panel4_150_096,pna:2024:part_2A:93,937,hard,A,"{""B"": 1}",1,0.0,0.0,True,thesis_github/data/evals/failure_prediction/panel150_gpt_family_tts_v1/gpt54nano_medium/mdagents_adaptive_paper_faithful_v1/pna_all/mdagents_predictions_long.csv
main_panel150_gpt54nano,MDAgents,pna_all,pna,pt,pna_panel4_150_044,pna:2024:part_2A:96,940,easy,A,"{""A"": 1}",1,1.0,1.0,True,thesis_github/data/evals/failure_prediction/panel150_gpt_family_tts_v1/gpt54nano_medium/mdagents_adaptive_paper_faithful_v1/pna_all/mdagents_predictions_long.csv
main_panel150_gpt54nano,MDAgents,pna_all,pna,pt,pna_panel4_150_143,pna:2024:part_2A:97,941,medium,D,"{""D"": 1}",1,1.0,1.0,True,thesis_github/data/evals/failure_prediction/panel150_gpt_family_tts_v1/gpt54nano_medium/mdagents_adaptive_paper_faithful_v1/pna_all/mdagents_predictions_long.csv
main_panel150_gpt54nano,MDAgents,pna_all,pna,pt,pna_panel4_150_144,pna:2025:part_1A:10,1001,medium,D,"{""A"": 1}",1,0.0,0.0,True,thesis_github/data/evals/failure_prediction/panel150_gpt_family_tts_v1/gpt54nano_medium/mdagents_adaptive_paper_faithful_v1/pna_all/mdagents_predictions_long.csv
main_panel150_gpt54nano,MDAgents,pna_all,pna,pt,pna_panel4_150_145,pna:2025:part_1A:22,1013,medium,A,"{""A"": 1}",1,1.0,1.0,True,thesis_github/data/evals/failure_prediction/panel150_gpt_family_tts_v1/gpt54nano_medium/mdagents_adaptive_paper_faithful_v1/pna_all/mdagents_predictions_long.csv
main_panel150_gpt54nano,MDAgents,pna_all,pna,pt,pna_panel4_150_045,pna:2025:part_1A:23,1014,easy,B,"{""B"": 1}",1,1.0,1.0,True,thesis_github/data/evals/failure_prediction/panel150_gpt_family_tts_v1/gpt54nano_medium/mdagents_adaptive_paper_faithful_v1/pna_all/mdagents_predictions_long.csv
main_panel150_gpt54nano,MDAgents,pna_all,pna,pt,pna_panel4_150_146,pna:2025:part_1A:35,1025,medium,A,"{""A"": 1}",1,1.0,1.0,True,thesis_github/data/evals/failure_prediction/panel150_gpt_family_tts_v1/gpt54nano_medium/mdagents_adaptive_paper_faithful_v1/pna_all/mdagents_predictions_long.csv
main_panel150_gpt54nano,MDAgents,pna_all,pna,pt,pna_panel4_150_046,pna:2025:part_1A:4,995,easy,A,"{""A"": 1}",1,1.0,1.0,True,thesis_github/data/evals/failure_prediction/panel150_gpt_family_tts_v1/gpt54nano_medium/mdagents_adaptive_paper_faithful_v1/pna_all/mdagents_predictions_long.csv
main_panel150_gpt54nano,MDAgents,pna_all,pna,pt,pna_panel4_150_097,pna:2025:part_1A:42,1031,hard,E,"{""C"": 1}",1,0.0,0.0,True,thesis_github/data/evals/failure_prediction/panel150_gpt_family_tts_v1/gpt54nano_medium/mdagents_adaptive_paper_faithful_v1/pna_all/mdagents_predictions_long.csv
main_panel150_gpt54nano,MDAgents,pna_all,pna,pt,pna_panel4_150_047,pna:2025:part_1A:59,1048,easy,D,"{""D"": 1}",1,1.0,1.0,True,thesis_github/data/evals/failure_prediction/panel150_gpt_family_tts_v1/gpt54nano_medium/mdagents_adaptive_paper_faithful_v1/pna_all/mdagents_predictions_long.csv
main_panel150_gpt54nano,MDAgents,pna_all,pna,pt,pna_panel4_150_147,pna:2025:part_1A:60,1049,medium,A,"{""A"": 1}",1,1.0,1.0,True,thesis_github/data/evals/failure_prediction/panel150_gpt_family_tts_v1/gpt54nano_medium/mdagents_adaptive_paper_faithful_v1/pna_all/mdagents_predictions_long.csv
main_panel150_gpt54nano,MDAgents,pna_all,pna,pt,pna_panel4_150_098,pna:2025:part_1A:72,1058,hard,C,"{""E"": 1}",1,0.0,0.0,True,thesis_github/data/evals/failure_prediction/panel150_gpt_family_tts_v1/gpt54nano_medium/mdagents_adaptive_paper_faithful_v1/pna_all/mdagents_predictions_long.csv
main_panel150_gpt54nano,MDAgents,pna_all,pna,pt,pna_panel4_150_048,pna:2025:part_1A:8,999,easy,A,"{""A"": 1}",1,1.0,1.0,True,thesis_github/data/evals/failure_prediction/panel150_gpt_family_tts_v1/gpt54nano_medium/mdagents_adaptive_paper_faithful_v1/pna_all/mdagents_predictions_long.csv
main_panel150_gpt54nano,MDAgents,pna_all,pna,pt,pna_panel4_150_049,pna:2025:part_2A:106,1089,easy,B,"{""B"": 1}",1,1.0,1.0,True,thesis_github/data/evals/failure_prediction/panel150_gpt_family_tts_v1/gpt54nano_medium/mdagents_adaptive_paper_faithful_v1/pna_all/mdagents_predictions_long.csv
main_panel150_gpt54nano,MDAgents,pna_all,pna,pt,pna_panel4_150_148,pna:2025:part_2A:107,1090,medium,D,"{""D"": 1}",1,1.0,1.0,True,thesis_github/data/evals/failure_prediction/panel150_gpt_family_tts_v1/gpt54nano_medium/mdagents_adaptive_paper_faithful_v1/pna_all/mdagents_predictions_long.csv
main_panel150_gpt54nano,MDAgents,pna_all,pna,pt,pna_panel4_150_149,pna:2025:part_2A:113,1096,medium,E,"{""E"": 1}",1,1.0,1.0,True,thesis_github/data/evals/failure_prediction/panel150_gpt_family_tts_v1/gpt54nano_medium/mdagents_adaptive_paper_faithful_v1/pna_all/mdagents_predictions_long.csv
main_panel150_gpt54nano,MDAgents,pna_all,pna,pt,pna_panel4_150_099,pna:2025:part_2A:118,1101,hard,E,"{""A"": 1}",1,0.0,0.0,True,thesis_github/data/evals/failure_prediction/panel150_gpt_family_tts_v1/gpt54nano_medium/mdagents_adaptive_paper_faithful_v1/pna_all/mdagents_predictions_long.csv
main_panel150_gpt54nano,MDAgents,pna_all,pna,pt,pna_panel4_150_100,pna:2025:part_2A:130,1113,hard,B,"{""B"": 1}",1,1.0,1.0,True,thesis_github/data/evals/failure_prediction/panel150_gpt_family_tts_v1/gpt54nano_medium/mdagents_adaptive_paper_faithful_v1/pna_all/mdagents_predictions_long.csv
main_panel150_gpt54nano,MDAgents,pna_all,pna,pt,pna_panel4_150_050,pna:2025:part_2A:148,1130,easy,C,"{""C"": 1}",1,1.0,1.0,True,thesis_github/data/evals/failure_prediction/panel150_gpt_family_tts_v1/gpt54nano_medium/mdagents_adaptive_paper_faithful_v1/pna_all/mdagents_predictions_long.csv
main_panel150_gpt54nano,MDAgents,pna_all,pna,pt,pna_panel4_150_150,pna:2025:part_2A:85,1069,medium,C,"{""C"": 1}",1,1.0,1.0,True,thesis_github/data/evals/failure_prediction/panel150_gpt_family_tts_v1/gpt54nano_medium/mdagents_adaptive_paper_faithful_v1/pna_all/mdagents_predictions_long.csv
main_panel150_gpt54nano,MedLA,medqa_test,medqa,en,medqa_panel4_150_116,test:100,100,medium,E,,2,2.0,1.0,False,thesis_github/data/evals/failure_prediction/panel150_gpt54nano_delta_ci_plot_v1/panel150_gpt54nano_per_question_method_accuracy_with_difficulty.csv
main_panel150_gpt54nano,MedLA,medqa_test,medqa,en,medqa_panel4_150_016,test:1000,1000,easy,C,,2,2.0,1.0,False,thesis_github/data/evals/failure_prediction/panel150_gpt54nano_delta_ci_plot_v1/panel150_gpt54nano_per_question_method_accuracy_with_difficulty.csv
main_panel150_gpt54nano,MedLA,medqa_test,medqa,en,medqa_panel4_150_117,test:1008,1008,medium,E,,2,2.0,1.0,False,thesis_github/data/evals/failure_prediction/panel150_gpt54nano_delta_ci_plot_v1/panel150_gpt54nano_per_question_method_accuracy_with_difficulty.csv
main_panel150_gpt54nano,MedLA,medqa_test,medqa,en,medqa_panel4_150_101,test:1010,1010,medium,C,,2,2.0,1.0,False,thesis_github/data/evals/failure_prediction/panel150_gpt54nano_delta_ci_plot_v1/panel150_gpt54nano_per_question_method_accuracy_with_difficulty.csv
main_panel150_gpt54nano,MedLA,medqa_test,medqa,en,medqa_panel4_150_118,test:1030,1030,medium,A,,2,2.0,1.0,False,thesis_github/data/evals/failure_prediction/panel150_gpt54nano_delta_ci_plot_v1/panel150_gpt54nano_per_question_method_accuracy_with_difficulty.csv
main_panel150_gpt54nano,MedLA,medqa_test,medqa,en,medqa_panel4_150_017,test:105,105,easy,B,,2,2.0,1.0,False,thesis_github/data/evals/failure_prediction/panel150_gpt54nano_delta_ci_plot_v1/panel150_gpt54nano_per_question_method_accuracy_with_difficulty.csv
main_panel150_gpt54nano,MedLA,medqa_test,medqa,en,medqa_panel4_150_119,test:1054,1054,medium,A,,2,2.0,1.0,False,thesis_github/data/evals/failure_prediction/panel150_gpt54nano_delta_ci_plot_v1/panel150_gpt54nano_per_question_method_accuracy_with_difficulty.csv
main_panel150_gpt54nano,MedLA,medqa_test,medqa,en,medqa_panel4_150_102,test:1057,1057,medium,B,,2,2.0,1.0,False,thesis_github/data/evals/failure_prediction/panel150_gpt54nano_delta_ci_plot_v1/panel150_gpt54nano_per_question_method_accuracy_with_difficulty.csv
main_panel150_gpt54nano,MedLA,medqa_test,medqa,en,medqa_panel4_150_066,test:106,106,hard,C,,2,1.0,0.5,False,thesis_github/data/evals/failure_prediction/panel150_gpt54nano_delta_ci_plot_v1/panel150_gpt54nano_per_question_method_accuracy_with_difficulty.csv
main_panel150_gpt54nano,MedLA,medqa_test,medqa,en,medqa_panel4_150_120,test:1074,1074,medium,C,,2,2.0,1.0,False,thesis_github/data/evals/failure_prediction/panel150_gpt54nano_delta_ci_plot_v1/panel150_gpt54nano_per_question_method_accuracy_with_difficulty.csv
main_panel150_gpt54nano,MedLA,medqa_test,medqa,en,medqa_panel4_150_051,test:1076,1076,hard,B,,2,0.0,0.0,False,thesis_github/data/evals/failure_prediction/panel150_gpt54nano_delta_ci_plot_v1/panel150_gpt54nano_per_question_method_accuracy_with_difficulty.csv
main_panel150_gpt54nano,MedLA,medqa_test,medqa,en,medqa_panel4_150_018,test:1083,1083,easy,A,,2,2.0,1.0,False,thesis_github/data/evals/failure_prediction/panel150_gpt54nano_delta_ci_plot_v1/panel150_gpt54nano_per_question_method_accuracy_with_difficulty.csv
main_panel150_gpt54nano,MedLA,medqa_test,medqa,en,medqa_panel4_150_052,test:1100,1100,hard,B,,2,2.0,1.0,False,thesis_github/data/evals/failure_prediction/panel150_gpt54nano_delta_ci_plot_v1/panel150_gpt54nano_per_question_method_accuracy_with_difficulty.csv
main_panel150_gpt54nano,MedLA,medqa_test,medqa,en,medqa_panel4_150_053,test:1106,1106,hard,C,,2,0.0,0.0,False,thesis_github/data/evals/failure_prediction/panel150_gpt54nano_delta_ci_plot_v1/panel150_gpt54nano_per_question_method_accuracy_with_difficulty.csv
main_panel150_gpt54nano,MedLA,medqa_test,medqa,en,medqa_panel4_150_001,test:1108,1108,easy,D,,2,2.0,1.0,False,thesis_github/data/evals/failure_prediction/panel150_gpt54nano_delta_ci_plot_v1/panel150_gpt54nano_per_question_method_accuracy_with_difficulty.csv
main_panel150_gpt54nano,MedLA,medqa_test,medqa,en,medqa_panel4_150_054,test:1135,1135,hard,E,,2,0.0,0.0,False,thesis_github/data/evals/failure_prediction/panel150_gpt54nano_delta_ci_plot_v1/panel150_gpt54nano_per_question_method_accuracy_with_difficulty.csv
main_panel150_gpt54nano,MedLA,medqa_test,medqa,en,medqa_panel4_150_103,test:1140,1140,medium,C,,2,2.0,1.0,False,thesis_github/data/evals/failure_prediction/panel150_gpt54nano_delta_ci_plot_v1/panel150_gpt54nano_per_question_method_accuracy_with_difficulty.csv
main_panel150_gpt54nano,MedLA,medqa_test,medqa,en,medqa_panel4_150_121,test:1149,1149,medium,B,,2,2.0,1.0,False,thesis_github/data/evals/failure_prediction/panel150_gpt54nano_delta_ci_plot_v1/panel150_gpt54nano_per_question_method_accuracy_with_difficulty.csv
main_panel150_gpt54nano,MedLA,medqa_test,medqa,en,medqa_panel4_150_104,test:1153,1153,medium,A,,2,2.0,1.0,False,thesis_github/data/evals/failure_prediction/panel150_gpt54nano_delta_ci_plot_v1/panel150_gpt54nano_per_question_method_accuracy_with_difficulty.csv
main_panel150_gpt54nano,MedLA,medqa_test,medqa,en,medqa_panel4_150_002,test:1155,1155,easy,E,,2,2.0,1.0,False,thesis_github/data/evals/failure_prediction/panel150_gpt54nano_delta_ci_plot_v1/panel150_gpt54nano_per_question_method_accuracy_with_difficulty.csv
main_panel150_gpt54nano,MedLA,medqa_test,medqa,en,medqa_panel4_150_055,test:1161,1161,hard,B,,2,2.0,1.0,False,thesis_github/data/evals/failure_prediction/panel150_gpt54nano_delta_ci_plot_v1/panel150_gpt54nano_per_question_method_accuracy_with_difficulty.csv
main_panel150_gpt54nano,MedLA,medqa_test,medqa,en,medqa_panel4_150_067,test:1164,1164,hard,A,,2,0.0,0.0,False,thesis_github/data/evals/failure_prediction/panel150_gpt54nano_delta_ci_plot_v1/panel150_gpt54nano_per_question_method_accuracy_with_difficulty.csv
main_panel150_gpt54nano,MedLA,medqa_test,medqa,en,medqa_panel4_150_122,test:117,117,medium,D,,2,2.0,1.0,False,thesis_github/data/evals/failure_prediction/panel150_gpt54nano_delta_ci_plot_v1/panel150_gpt54nano_per_question_method_accuracy_with_difficulty.csv
main_panel150_gpt54nano,MedLA,medqa_test,medqa,en,medqa_panel4_150_123,test:1179,1179,medium,C,,2,2.0,1.0,False,thesis_github/data/evals/failure_prediction/panel150_gpt54nano_delta_ci_plot_v1/panel150_gpt54nano_per_question_method_accuracy_with_difficulty.csv
main_panel150_gpt54nano,MedLA,medqa_test,medqa,en,medqa_panel4_150_003,test:1182,1182,easy,A,,2,2.0,1.0,False,thesis_github/data/evals/failure_prediction/panel150_gpt54nano_delta_ci_plot_v1/panel150_gpt54nano_per_question_method_accuracy_with_difficulty.csv
main_panel150_gpt54nano,MedLA,medqa_test,medqa,en,medqa_panel4_150_004,test:1194,1194,easy,E,,2,2.0,1.0,False,thesis_github/data/evals/failure_prediction/panel150_gpt54nano_delta_ci_plot_v1/panel150_gpt54nano_per_question_method_accuracy_with_difficulty.csv
main_panel150_gpt54nano,MedLA,medqa_test,medqa,en,medqa_panel4_150_124,test:1203,1203,medium,C,,2,2.0,1.0,False,thesis_github/data/evals/failure_prediction/panel150_gpt54nano_delta_ci_plot_v1/panel150_gpt54nano_per_question_method_accuracy_with_difficulty.csv
main_panel150_gpt54nano,MedLA,medqa_test,medqa,en,medqa_panel4_150_005,test:1207,1207,easy,B,,2,2.0,1.0,False,thesis_github/data/evals/failure_prediction/panel150_gpt54nano_delta_ci_plot_v1/panel150_gpt54nano_per_question_method_accuracy_with_difficulty.csv
main_panel150_gpt54nano,MedLA,medqa_test,medqa,en,medqa_panel4_150_056,test:1220,1220,hard,A,,2,1.0,0.5,False,thesis_github/data/evals/failure_prediction/panel150_gpt54nano_delta_ci_plot_v1/panel150_gpt54nano_per_question_method_accuracy_with_difficulty.csv
main_panel150_gpt54nano,MedLA,medqa_test,medqa,en,medqa_panel4_150_068,test:1233,1233,hard,B,,2,0.0,0.0,False,thesis_github/data/evals/failure_prediction/panel150_gpt54nano_delta_ci_plot_v1/panel150_gpt54nano_per_question_method_accuracy_with_difficulty.csv
main_panel150_gpt54nano,MedLA,medqa_test,medqa,en,medqa_panel4_150_019,test:1259,1259,easy,C,,2,2.0,1.0,False,thesis_github/data/evals/failure_prediction/panel150_gpt54nano_delta_ci_plot_v1/panel150_gpt54nano_per_question_method_accuracy_with_difficulty.csv
main_panel150_gpt54nano,MedLA,medqa_test,medqa,en,medqa_panel4_150_020,test:1264,1264,easy,B,,2,2.0,1.0,False,thesis_github/data/evals/failure_prediction/panel150_gpt54nano_delta_ci_plot_v1/panel150_gpt54nano_per_question_method_accuracy_with_difficulty.csv
main_panel150_gpt54nano,MedLA,medqa_test,medqa,en,medqa_panel4_150_069,test:1269,1269,hard,E,,2,2.0,1.0,False,thesis_github/data/evals/failure_prediction/panel150_gpt54nano_delta_ci_plot_v1/panel150_gpt54nano_per_question_method_accuracy_with_difficulty.csv
main_panel150_gpt54nano,MedLA,medqa_test,medqa,en,medqa_panel4_150_070,test:1270,1270,hard,C,,2,0.0,0.0,False,thesis_github/data/evals/failure_prediction/panel150_gpt54nano_delta_ci_plot_v1/panel150_gpt54nano_per_question_method_accuracy_with_difficulty.csv
main_panel150_gpt54nano,MedLA,medqa_test,medqa,en,medqa_panel4_150_021,test:1271,1271,easy,C,,2,2.0,1.0,False,thesis_github/data/evals/failure_prediction/panel150_gpt54nano_delta_ci_plot_v1/panel150_gpt54nano_per_question_method_accuracy_with_difficulty.csv
main_panel150_gpt54nano,MedLA,medqa_test,medqa,en,medqa_panel4_150_071,test:128,128,hard,A,,2,2.0,1.0,False,thesis_github/data/evals/failure_prediction/panel150_gpt54nano_delta_ci_plot_v1/panel150_gpt54nano_per_question_method_accuracy_with_difficulty.csv
main_panel150_gpt54nano,MedLA,medqa_test,medqa,en,medqa_panel4_150_022,test:133,133,easy,B,,2,2.0,1.0,False,thesis_github/data/evals/failure_prediction/panel150_gpt54nano_delta_ci_plot_v1/panel150_gpt54nano_per_question_method_accuracy_with_difficulty.csv
main_panel150_gpt54nano,MedLA,medqa_test,medqa,en,medqa_panel4_150_006,test:140,140,easy,D,,2,2.0,1.0,False,thesis_github/data/evals/failure_prediction/panel150_gpt54nano_delta_ci_plot_v1/panel150_gpt54nano_per_question_method_accuracy_with_difficulty.csv
main_panel150_gpt54nano,MedLA,medqa_test,medqa,en,medqa_panel4_150_023,test:144,144,easy,D,,2,2.0,1.0,False,thesis_github/data/evals/failure_prediction/panel150_gpt54nano_delta_ci_plot_v1/panel150_gpt54nano_per_question_method_accuracy_with_difficulty.csv
main_panel150_gpt54nano,MedLA,medqa_test,medqa,en,medqa_panel4_150_072,test:15,15,hard,B,,2,0.0,0.0,False,thesis_github/data/evals/failure_prediction/panel150_gpt54nano_delta_ci_plot_v1/panel150_gpt54nano_per_question_method_accuracy_with_difficulty.csv
main_panel150_gpt54nano,MedLA,medqa_test,medqa,en,medqa_panel4_150_073,test:155,155,hard,E,,2,2.0,1.0,False,thesis_github/data/evals/failure_prediction/panel150_gpt54nano_delta_ci_plot_v1/panel150_gpt54nano_per_question_method_accuracy_with_difficulty.csv
main_panel150_gpt54nano,MedLA,medqa_test,medqa,en,medqa_panel4_150_024,test:161,161,easy,B,,2,2.0,1.0,False,thesis_github/data/evals/failure_prediction/panel150_gpt54nano_delta_ci_plot_v1/panel150_gpt54nano_per_question_method_accuracy_with_difficulty.csv
main_panel150_gpt54nano,MedLA,medqa_test,medqa,en,medqa_panel4_150_025,test:170,170,easy,C,,2,2.0,1.0,False,thesis_github/data/evals/failure_prediction/panel150_gpt54nano_delta_ci_plot_v1/panel150_gpt54nano_per_question_method_accuracy_with_difficulty.csv
main_panel150_gpt54nano,MedLA,medqa_test,medqa,en,medqa_panel4_150_125,test:171,171,medium,D,,2,2.0,1.0,False,thesis_github/data/evals/failure_prediction/panel150_gpt54nano_delta_ci_plot_v1/panel150_gpt54nano_per_question_method_accuracy_with_difficulty.csv
main_panel150_gpt54nano,MedLA,medqa_test,medqa,en,medqa_panel4_150_126,test:185,185,medium,D,,2,2.0,1.0,False,thesis_github/data/evals/failure_prediction/panel150_gpt54nano_delta_ci_plot_v1/panel150_gpt54nano_per_question_method_accuracy_with_difficulty.csv
main_panel150_gpt54nano,MedLA,medqa_test,medqa,en,medqa_panel4_150_074,test:19,19,hard,E,,2,0.0,0.0,False,thesis_github/data/evals/failure_prediction/panel150_gpt54nano_delta_ci_plot_v1/panel150_gpt54nano_per_question_method_accuracy_with_difficulty.csv
main_panel150_gpt54nano,MedLA,medqa_test,medqa,en,medqa_panel4_150_026,test:192,192,easy,E,,2,2.0,1.0,False,thesis_github/data/evals/failure_prediction/panel150_gpt54nano_delta_ci_plot_v1/panel150_gpt54nano_per_question_method_accuracy_with_difficulty.csv
main_panel150_gpt54nano,MedLA,medqa_test,medqa,en,medqa_panel4_150_105,test:196,196,medium,A,,2,0.0,0.0,False,thesis_github/data/evals/failure_prediction/panel150_gpt54nano_delta_ci_plot_v1/panel150_gpt54nano_per_question_method_accuracy_with_difficulty.csv
main_panel150_gpt54nano,MedLA,medqa_test,medqa,en,medqa_panel4_150_106,test:198,198,medium,E,,2,2.0,1.0,False,thesis_github/data/evals/failure_prediction/panel150_gpt54nano_delta_ci_plot_v1/panel150_gpt54nano_per_question_method_accuracy_with_difficulty.csv
main_panel150_gpt54nano,MedLA,medqa_test,medqa,en,medqa_panel4_150_027,test:2,2,easy,C,,2,2.0,1.0,False,thesis_github/data/evals/failure_prediction/panel150_gpt54nano_delta_ci_plot_v1/panel150_gpt54nano_per_question_method_accuracy_with_difficulty.csv
main_panel150_gpt54nano,MedLA,medqa_test,medqa,en,medqa_panel4_150_107,test:204,204,medium,C,,2,2.0,1.0,False,thesis_github/data/evals/failure_prediction/panel150_gpt54nano_delta_ci_plot_v1/panel150_gpt54nano_per_question_method_accuracy_with_difficulty.csv
main_panel150_gpt54nano,MedLA,medqa_test,medqa,en,medqa_panel4_150_075,test:211,211,hard,B,,2,0.0,0.0,False,thesis_github/data/evals/failure_prediction/panel150_gpt54nano_delta_ci_plot_v1/panel150_gpt54nano_per_question_method_accuracy_with_difficulty.csv
main_panel150_gpt54nano,MedLA,medqa_test,medqa,en,medqa_panel4_150_028,test:232,232,easy,D,,2,2.0,1.0,False,thesis_github/data/evals/failure_prediction/panel150_gpt54nano_delta_ci_plot_v1/panel150_gpt54nano_per_question_method_accuracy_with_difficulty.csv
main_panel150_gpt54nano,MedLA,medqa_test,medqa,en,medqa_panel4_150_127,test:241,241,medium,B,,2,2.0,1.0,False,thesis_github/data/evals/failure_prediction/panel150_gpt54nano_delta_ci_plot_v1/panel150_gpt54nano_per_question_method_accuracy_with_difficulty.csv
main_panel150_gpt54nano,MedLA,medqa_test,medqa,en,medqa_panel4_150_076,test:250,250,hard,A,,2,0.0,0.0,False,thesis_github/data/evals/failure_prediction/panel150_gpt54nano_delta_ci_plot_v1/panel150_gpt54nano_per_question_method_accuracy_with_difficulty.csv
main_panel150_gpt54nano,MedLA,medqa_test,medqa,en,medqa_panel4_150_029,test:260,260,easy,C,,2,2.0,1.0,False,thesis_github/data/evals/failure_prediction/panel150_gpt54nano_delta_ci_plot_v1/panel150_gpt54nano_per_question_method_accuracy_with_difficulty.csv
main_panel150_gpt54nano,MedLA,medqa_test,medqa,en,medqa_panel4_150_030,test:261,261,easy,C,,2,2.0,1.0,False,thesis_github/data/evals/failure_prediction/panel150_gpt54nano_delta_ci_plot_v1/panel150_gpt54nano_per_question_method_accuracy_with_difficulty.csv
main_panel150_gpt54nano,MedLA,medqa_test,medqa,en,medqa_panel4_150_077,test:271,271,hard,B,,2,0.0,0.0,False,thesis_github/data/evals/failure_prediction/panel150_gpt54nano_delta_ci_plot_v1/panel150_gpt54nano_per_question_method_accuracy_with_difficulty.csv
main_panel150_gpt54nano,MedLA,medqa_test,medqa,en,medqa_panel4_150_031,test:279,279,easy,B,,2,2.0,1.0,False,thesis_github/data/evals/failure_prediction/panel150_gpt54nano_delta_ci_plot_v1/panel150_gpt54nano_per_question_method_accuracy_with_difficulty.csv
main_panel150_gpt54nano,MedLA,medqa_test,medqa,en,medqa_panel4_150_078,test:285,285,hard,D,,2,0.0,0.0,False,thesis_github/data/evals/failure_prediction/panel150_gpt54nano_delta_ci_plot_v1/panel150_gpt54nano_per_question_method_accuracy_with_difficulty.csv
main_panel150_gpt54nano,MedLA,medqa_test,medqa,en,medqa_panel4_150_079,test:29,29,hard,D,,2,0.0,0.0,False,thesis_github/data/evals/failure_prediction/panel150_gpt54nano_delta_ci_plot_v1/panel150_gpt54nano_per_question_method_accuracy_with_difficulty.csv
main_panel150_gpt54nano,MedLA,medqa_test,medqa,en,medqa_panel4_150_032,test:316,316,easy,A,,2,2.0,1.0,False,thesis_github/data/evals/failure_prediction/panel150_gpt54nano_delta_ci_plot_v1/panel150_gpt54nano_per_question_method_accuracy_with_difficulty.csv
main_panel150_gpt54nano,MedLA,medqa_test,medqa,en,medqa_panel4_150_128,test:326,326,medium,B,,2,2.0,1.0,False,thesis_github/data/evals/failure_prediction/panel150_gpt54nano_delta_ci_plot_v1/panel150_gpt54nano_per_question_method_accuracy_with_difficulty.csv
main_panel150_gpt54nano,MedLA,medqa_test,medqa,en,medqa_panel4_150_080,test:337,337,hard,C,,2,2.0,1.0,False,thesis_github/data/evals/failure_prediction/panel150_gpt54nano_delta_ci_plot_v1/panel150_gpt54nano_per_question_method_accuracy_with_difficulty.csv
main_panel150_gpt54nano,MedLA,medqa_test,medqa,en,medqa_panel4_150_129,test:345,345,medium,C,,2,2.0,1.0,False,thesis_github/data/evals/failure_prediction/panel150_gpt54nano_delta_ci_plot_v1/panel150_gpt54nano_per_question_method_accuracy_with_difficulty.csv
main_panel150_gpt54nano,MedLA,medqa_test,medqa,en,medqa_panel4_150_007,test:356,356,easy,A,,2,2.0,1.0,False,thesis_github/data/evals/failure_prediction/panel150_gpt54nano_delta_ci_plot_v1/panel150_gpt54nano_per_question_method_accuracy_with_difficulty.csv
main_panel150_gpt54nano,MedLA,medqa_test,medqa,en,medqa_panel4_150_130,test:358,358,medium,B,,2,2.0,1.0,False,thesis_github/data/evals/failure_prediction/panel150_gpt54nano_delta_ci_plot_v1/panel150_gpt54nano_per_question_method_accuracy_with_difficulty.csv
main_panel150_gpt54nano,MedLA,medqa_test,medqa,en,medqa_panel4_150_108,test:36,36,medium,E,,2,2.0,1.0,False,thesis_github/data/evals/failure_prediction/panel150_gpt54nano_delta_ci_plot_v1/panel150_gpt54nano_per_question_method_accuracy_with_difficulty.csv
main_panel150_gpt54nano,MedLA,medqa_test,medqa,en,medqa_panel4_150_131,test:372,372,medium,E,,2,2.0,1.0,False,thesis_github/data/evals/failure_prediction/panel150_gpt54nano_delta_ci_plot_v1/panel150_gpt54nano_per_question_method_accuracy_with_difficulty.csv
main_panel150_gpt54nano,MedLA,medqa_test,medqa,en,medqa_panel4_150_033,test:374,374,easy,D,,2,2.0,1.0,False,thesis_github/data/evals/failure_prediction/panel150_gpt54nano_delta_ci_plot_v1/panel150_gpt54nano_per_question_method_accuracy_with_difficulty.csv
main_panel150_gpt54nano,MedLA,medqa_test,medqa,en,medqa_panel4_150_034,test:387,387,easy,B,,2,2.0,1.0,False,thesis_github/data/evals/failure_prediction/panel150_gpt54nano_delta_ci_plot_v1/panel150_gpt54nano_per_question_method_accuracy_with_difficulty.csv
main_panel150_gpt54nano,MedLA,medqa_test,medqa,en,medqa_panel4_150_008,test:400,400,easy,B,,2,2.0,1.0,False,thesis_github/data/evals/failure_prediction/panel150_gpt54nano_delta_ci_plot_v1/panel150_gpt54nano_per_question_method_accuracy_with_difficulty.csv
main_panel150_gpt54nano,MedLA,medqa_test,medqa,en,medqa_panel4_150_132,test:401,401,medium,C,,2,2.0,1.0,False,thesis_github/data/evals/failure_prediction/panel150_gpt54nano_delta_ci_plot_v1/panel150_gpt54nano_per_question_method_accuracy_with_difficulty.csv
main_panel150_gpt54nano,MedLA,medqa_test,medqa,en,medqa_panel4_150_081,test:413,413,hard,B,,2,2.0,1.0,False,thesis_github/data/evals/failure_prediction/panel150_gpt54nano_delta_ci_plot_v1/panel150_gpt54nano_per_question_method_accuracy_with_difficulty.csv
main_panel150_gpt54nano,MedLA,medqa_test,medqa,en,medqa_panel4_150_133,test:42,42,medium,A,,2,2.0,1.0,False,thesis_github/data/evals/failure_prediction/panel150_gpt54nano_delta_ci_plot_v1/panel150_gpt54nano_per_question_method_accuracy_with_difficulty.csv
main_panel150_gpt54nano,MedLA,medqa_test,medqa,en,medqa_panel4_150_134,test:422,422,medium,A,,2,2.0,1.0,False,thesis_github/data/evals/failure_prediction/panel150_gpt54nano_delta_ci_plot_v1/panel150_gpt54nano_per_question_method_accuracy_with_difficulty.csv
main_panel150_gpt54nano,MedLA,medqa_test,medqa,en,medqa_panel4_150_082,test:423,423,hard,E,,2,1.0,0.5,False,thesis_github/data/evals/failure_prediction/panel150_gpt54nano_delta_ci_plot_v1/panel150_gpt54nano_per_question_method_accuracy_with_difficulty.csv
main_panel150_gpt54nano,MedLA,medqa_test,medqa,en,medqa_panel4_150_109,test:425,425,medium,C,,2,0.0,0.0,False,thesis_github/data/evals/failure_prediction/panel150_gpt54nano_delta_ci_plot_v1/panel150_gpt54nano_per_question_method_accuracy_with_difficulty.csv
main_panel150_gpt54nano,MedLA,medqa_test,medqa,en,medqa_panel4_150_009,test:436,436,easy,C,,2,2.0,1.0,False,thesis_github/data/evals/failure_prediction/panel150_gpt54nano_delta_ci_plot_v1/panel150_gpt54nano_per_question_method_accuracy_with_difficulty.csv
main_panel150_gpt54nano,MedLA,medqa_test,medqa,en,medqa_panel4_150_083,test:44,44,hard,B,,2,1.0,0.5,False,thesis_github/data/evals/failure_prediction/panel150_gpt54nano_delta_ci_plot_v1/panel150_gpt54nano_per_question_method_accuracy_with_difficulty.csv
main_panel150_gpt54nano,MedLA,medqa_test,medqa,en,medqa_panel4_150_010,test:451,451,easy,E,,2,2.0,1.0,False,thesis_github/data/evals/failure_prediction/panel150_gpt54nano_delta_ci_plot_v1/panel150_gpt54nano_per_question_method_accuracy_with_difficulty.csv
main_panel150_gpt54nano,MedLA,medqa_test,medqa,en,medqa_panel4_150_057,test:452,452,hard,C,,2,2.0,1.0,False,thesis_github/data/evals/failure_prediction/panel150_gpt54nano_delta_ci_plot_v1/panel150_gpt54nano_per_question_method_accuracy_with_difficulty.csv
main_panel150_gpt54nano,MedLA,medqa_test,medqa,en,medqa_panel4_150_135,test:460,460,medium,A,,2,2.0,1.0,False,thesis_github/data/evals/failure_prediction/panel150_gpt54nano_delta_ci_plot_v1/panel150_gpt54nano_per_question_method_accuracy_with_difficulty.csv
main_panel150_gpt54nano,MedLA,medqa_test,medqa,en,medqa_panel4_150_084,test:461,461,hard,D,,2,2.0,1.0,False,thesis_github/data/evals/failure_prediction/panel150_gpt54nano_delta_ci_plot_v1/panel150_gpt54nano_per_question_method_accuracy_with_difficulty.csv
main_panel150_gpt54nano,MedLA,medqa_test,medqa,en,medqa_panel4_150_136,test:471,471,medium,D,,2,0.0,0.0,False,thesis_github/data/evals/failure_prediction/panel150_gpt54nano_delta_ci_plot_v1/panel150_gpt54nano_per_question_method_accuracy_with_difficulty.csv
main_panel150_gpt54nano,MedLA,medqa_test,medqa,en,medqa_panel4_150_058,test:480,480,hard,B,,2,2.0,1.0,False,thesis_github/data/evals/failure_prediction/panel150_gpt54nano_delta_ci_plot_v1/panel150_gpt54nano_per_question_method_accuracy_with_difficulty.csv
main_panel150_gpt54nano,MedLA,medqa_test,medqa,en,medqa_panel4_150_085,test:483,483,hard,D,,2,0.0,0.0,False,thesis_github/data/evals/failure_prediction/panel150_gpt54nano_delta_ci_plot_v1/panel150_gpt54nano_per_question_method_accuracy_with_difficulty.csv
main_panel150_gpt54nano,MedLA,medqa_test,medqa,en,medqa_panel4_150_137,test:486,486,medium,C,,2,2.0,1.0,False,thesis_github/data/evals/failure_prediction/panel150_gpt54nano_delta_ci_plot_v1/panel150_gpt54nano_per_question_method_accuracy_with_difficulty.csv
main_panel150_gpt54nano,MedLA,medqa_test,medqa,en,medqa_panel4_150_011,test:488,488,easy,A,,2,2.0,1.0,False,thesis_github/data/evals/failure_prediction/panel150_gpt54nano_delta_ci_plot_v1/panel150_gpt54nano_per_question_method_accuracy_with_difficulty.csv
main_panel150_gpt54nano,MedLA,medqa_test,medqa,en,medqa_panel4_150_086,test:5,5,hard,E,,2,0.0,0.0,False,thesis_github/data/evals/failure_prediction/panel150_gpt54nano_delta_ci_plot_v1/panel150_gpt54nano_per_question_method_accuracy_with_difficulty.csv
main_panel150_gpt54nano,MedLA,medqa_test,medqa,en,medqa_panel4_150_035,test:504,504,easy,C,,2,2.0,1.0,False,thesis_github/data/evals/failure_prediction/panel150_gpt54nano_delta_ci_plot_v1/panel150_gpt54nano_per_question_method_accuracy_with_difficulty.csv
main_panel150_gpt54nano,MedLA,medqa_test,medqa,en,medqa_panel4_150_036,test:51,51,easy,A,,2,2.0,1.0,False,thesis_github/data/evals/failure_prediction/panel150_gpt54nano_delta_ci_plot_v1/panel150_gpt54nano_per_question_method_accuracy_with_difficulty.csv
main_panel150_gpt54nano,MedLA,medqa_test,medqa,en,medqa_panel4_150_087,test:514,514,hard,B,,2,0.0,0.0,False,thesis_github/data/evals/failure_prediction/panel150_gpt54nano_delta_ci_plot_v1/panel150_gpt54nano_per_question_method_accuracy_with_difficulty.csv
main_panel150_gpt54nano,MedLA,medqa_test,medqa,en,medqa_panel4_150_110,test:524,524,medium,B,,2,2.0,1.0,False,thesis_github/data/evals/failure_prediction/panel150_gpt54nano_delta_ci_plot_v1/panel150_gpt54nano_per_question_method_accuracy_with_difficulty.csv
main_panel150_gpt54nano,MedLA,medqa_test,medqa,en,medqa_panel4_150_037,test:528,528,easy,D,,2,2.0,1.0,False,thesis_github/data/evals/failure_prediction/panel150_gpt54nano_delta_ci_plot_v1/panel150_gpt54nano_per_question_method_accuracy_with_difficulty.csv
main_panel150_gpt54nano,MedLA,medqa_test,medqa,en,medqa_panel4_150_138,test:550,550,medium,A,,2,2.0,1.0,False,thesis_github/data/evals/failure_prediction/panel150_gpt54nano_delta_ci_plot_v1/panel150_gpt54nano_per_question_method_accuracy_with_difficulty.csv
main_panel150_gpt54nano,MedLA,medqa_test,medqa,en,medqa_panel4_150_059,test:564,564,hard,A,,2,0.0,0.0,False,thesis_github/data/evals/failure_prediction/panel150_gpt54nano_delta_ci_plot_v1/panel150_gpt54nano_per_question_method_accuracy_with_difficulty.csv
main_panel150_gpt54nano,MedLA,medqa_test,medqa,en,medqa_panel4_150_038,test:578,578,easy,B,,2,2.0,1.0,False,thesis_github/data/evals/failure_prediction/panel150_gpt54nano_delta_ci_plot_v1/panel150_gpt54nano_per_question_method_accuracy_with_difficulty.csv
main_panel150_gpt54nano,MedLA,medqa_test,medqa,en,medqa_panel4_150_139,test:581,581,medium,D,,2,2.0,1.0,False,thesis_github/data/evals/failure_prediction/panel150_gpt54nano_delta_ci_plot_v1/panel150_gpt54nano_per_question_method_accuracy_with_difficulty.csv
main_panel150_gpt54nano,MedLA,medqa_test,medqa,en,medqa_panel4_150_060,test:583,583,hard,E,,2,0.0,0.0,False,thesis_github/data/evals/failure_prediction/panel150_gpt54nano_delta_ci_plot_v1/panel150_gpt54nano_per_question_method_accuracy_with_difficulty.csv
main_panel150_gpt54nano,MedLA,medqa_test,medqa,en,medqa_panel4_150_088,test:587,587,hard,E,,2,0.0,0.0,False,thesis_github/data/evals/failure_prediction/panel150_gpt54nano_delta_ci_plot_v1/panel150_gpt54nano_per_question_method_accuracy_with_difficulty.csv
main_panel150_gpt54nano,MedLA,medqa_test,medqa,en,medqa_panel4_150_140,test:594,594,medium,D,,2,2.0,1.0,False,thesis_github/data/evals/failure_prediction/panel150_gpt54nano_delta_ci_plot_v1/panel150_gpt54nano_per_question_method_accuracy_with_difficulty.csv
main_panel150_gpt54nano,MedLA,medqa_test,medqa,en,medqa_panel4_150_089,test:616,616,hard,E,,2,2.0,1.0,False,thesis_github/data/evals/failure_prediction/panel150_gpt54nano_delta_ci_plot_v1/panel150_gpt54nano_per_question_method_accuracy_with_difficulty.csv
main_panel150_gpt54nano,MedLA,medqa_test,medqa,en,medqa_panel4_150_039,test:628,628,easy,C,,2,2.0,1.0,False,thesis_github/data/evals/failure_prediction/panel150_gpt54nano_delta_ci_plot_v1/panel150_gpt54nano_per_question_method_accuracy_with_difficulty.csv
main_panel150_gpt54nano,MedLA,medqa_test,medqa,en,medqa_panel4_150_090,test:634,634,hard,A,,2,0.0,0.0,False,thesis_github/data/evals/failure_prediction/panel150_gpt54nano_delta_ci_plot_v1/panel150_gpt54nano_per_question_method_accuracy_with_difficulty.csv
main_panel150_gpt54nano,MedLA,medqa_test,medqa,en,medqa_panel4_150_061,test:64,64,hard,A,,2,2.0,1.0,False,thesis_github/data/evals/failure_prediction/panel150_gpt54nano_delta_ci_plot_v1/panel150_gpt54nano_per_question_method_accuracy_with_difficulty.csv
main_panel150_gpt54nano,MedLA,medqa_test,medqa,en,medqa_panel4_150_141,test:652,652,medium,D,,2,2.0,1.0,False,thesis_github/data/evals/failure_prediction/panel150_gpt54nano_delta_ci_plot_v1/panel150_gpt54nano_per_question_method_accuracy_with_difficulty.csv
main_panel150_gpt54nano,MedLA,medqa_test,medqa,en,medqa_panel4_150_012,test:655,655,easy,B,,2,2.0,1.0,False,thesis_github/data/evals/failure_prediction/panel150_gpt54nano_delta_ci_plot_v1/panel150_gpt54nano_per_question_method_accuracy_with_difficulty.csv
main_panel150_gpt54nano,MedLA,medqa_test,medqa,en,medqa_panel4_150_091,test:659,659,hard,D,,2,0.0,0.0,False,thesis_github/data/evals/failure_prediction/panel150_gpt54nano_delta_ci_plot_v1/panel150_gpt54nano_per_question_method_accuracy_with_difficulty.csv
main_panel150_gpt54nano,MedLA,medqa_test,medqa,en,medqa_panel4_150_040,test:66,66,easy,D,,2,2.0,1.0,False,thesis_github/data/evals/failure_prediction/panel150_gpt54nano_delta_ci_plot_v1/panel150_gpt54nano_per_question_method_accuracy_with_difficulty.csv
main_panel150_gpt54nano,MedLA,medqa_test,medqa,en,medqa_panel4_150_111,test:673,673,medium,E,,2,2.0,1.0,False,thesis_github/data/evals/failure_prediction/panel150_gpt54nano_delta_ci_plot_v1/panel150_gpt54nano_per_question_method_accuracy_with_difficulty.csv
main_panel150_gpt54nano,MedLA,medqa_test,medqa,en,medqa_panel4_150_092,test:677,677,hard,A,,2,1.0,0.5,False,thesis_github/data/evals/failure_prediction/panel150_gpt54nano_delta_ci_plot_v1/panel150_gpt54nano_per_question_method_accuracy_with_difficulty.csv
main_panel150_gpt54nano,MedLA,medqa_test,medqa,en,medqa_panel4_150_112,test:679,679,medium,C,,2,0.0,0.0,False,thesis_github/data/evals/failure_prediction/panel150_gpt54nano_delta_ci_plot_v1/panel150_gpt54nano_per_question_method_accuracy_with_difficulty.csv
main_panel150_gpt54nano,MedLA,medqa_test,medqa,en,medqa_panel4_150_041,test:684,684,easy,B,,2,2.0,1.0,False,thesis_github/data/evals/failure_prediction/panel150_gpt54nano_delta_ci_plot_v1/panel150_gpt54nano_per_question_method_accuracy_with_difficulty.csv
main_panel150_gpt54nano,MedLA,medqa_test,medqa,en,medqa_panel4_150_062,test:69,69,hard,A,,2,0.0,0.0,False,thesis_github/data/evals/failure_prediction/panel150_gpt54nano_delta_ci_plot_v1/panel150_gpt54nano_per_question_method_accuracy_with_difficulty.csv
main_panel150_gpt54nano,MedLA,medqa_test,medqa,en,medqa_panel4_150_142,test:691,691,medium,C,,2,2.0,1.0,False,thesis_github/data/evals/failure_prediction/panel150_gpt54nano_delta_ci_plot_v1/panel150_gpt54nano_per_question_method_accuracy_with_difficulty.csv
main_panel150_gpt54nano,MedLA,medqa_test,medqa,en,medqa_panel4_150_042,test:704,704,easy,E,,2,2.0,1.0,False,thesis_github/data/evals/failure_prediction/panel150_gpt54nano_delta_ci_plot_v1/panel150_gpt54nano_per_question_method_accuracy_with_difficulty.csv
main_panel150_gpt54nano,MedLA,medqa_test,medqa,en,medqa_panel4_150_093,test:706,706,hard,C,,2,0.0,0.0,False,thesis_github/data/evals/failure_prediction/panel150_gpt54nano_delta_ci_plot_v1/panel150_gpt54nano_per_question_method_accuracy_with_difficulty.csv
main_panel150_gpt54nano,MedLA,medqa_test,medqa,en,medqa_panel4_150_043,test:729,729,easy,D,,2,2.0,1.0,False,thesis_github/data/evals/failure_prediction/panel150_gpt54nano_delta_ci_plot_v1/panel150_gpt54nano_per_question_method_accuracy_with_difficulty.csv
main_panel150_gpt54nano,MedLA,medqa_test,medqa,en,medqa_panel4_150_143,test:745,745,medium,A,,2,2.0,1.0,False,thesis_github/data/evals/failure_prediction/panel150_gpt54nano_delta_ci_plot_v1/panel150_gpt54nano_per_question_method_accuracy_with_difficulty.csv
main_panel150_gpt54nano,MedLA,medqa_test,medqa,en,medqa_panel4_150_113,test:752,752,medium,C,,2,2.0,1.0,False,thesis_github/data/evals/failure_prediction/panel150_gpt54nano_delta_ci_plot_v1/panel150_gpt54nano_per_question_method_accuracy_with_difficulty.csv
main_panel150_gpt54nano,MedLA,medqa_test,medqa,en,medqa_panel4_150_094,test:755,755,hard,D,,2,0.0,0.0,False,thesis_github/data/evals/failure_prediction/panel150_gpt54nano_delta_ci_plot_v1/panel150_gpt54nano_per_question_method_accuracy_with_difficulty.csv
main_panel150_gpt54nano,MedLA,medqa_test,medqa,en,medqa_panel4_150_114,test:758,758,medium,E,,2,2.0,1.0,False,thesis_github/data/evals/failure_prediction/panel150_gpt54nano_delta_ci_plot_v1/panel150_gpt54nano_per_question_method_accuracy_with_difficulty.csv
main_panel150_gpt54nano,MedLA,medqa_test,medqa,en,medqa_panel4_150_044,test:782,782,easy,E,,2,2.0,1.0,False,thesis_github/data/evals/failure_prediction/panel150_gpt54nano_delta_ci_plot_v1/panel150_gpt54nano_per_question_method_accuracy_with_difficulty.csv
main_panel150_gpt54nano,MedLA,medqa_test,medqa,en,medqa_panel4_150_115,test:798,798,medium,C,,2,2.0,1.0,False,thesis_github/data/evals/failure_prediction/panel150_gpt54nano_delta_ci_plot_v1/panel150_gpt54nano_per_question_method_accuracy_with_difficulty.csv
main_panel150_gpt54nano,MedLA,medqa_test,medqa,en,medqa_panel4_150_013,test:801,801,easy,B,,2,2.0,1.0,False,thesis_github/data/evals/failure_prediction/panel150_gpt54nano_delta_ci_plot_v1/panel150_gpt54nano_per_question_method_accuracy_with_difficulty.csv
main_panel150_gpt54nano,MedLA,medqa_test,medqa,en,medqa_panel4_150_095,test:803,803,hard,B,,2,0.0,0.0,False,thesis_github/data/evals/failure_prediction/panel150_gpt54nano_delta_ci_plot_v1/panel150_gpt54nano_per_question_method_accuracy_with_difficulty.csv
main_panel150_gpt54nano,MedLA,medqa_test,medqa,en,medqa_panel4_150_045,test:804,804,easy,A,,2,2.0,1.0,False,thesis_github/data/evals/failure_prediction/panel150_gpt54nano_delta_ci_plot_v1/panel150_gpt54nano_per_question_method_accuracy_with_difficulty.csv
main_panel150_gpt54nano,MedLA,medqa_test,medqa,en,medqa_panel4_150_096,test:807,807,hard,A,,2,2.0,1.0,False,thesis_github/data/evals/failure_prediction/panel150_gpt54nano_delta_ci_plot_v1/panel150_gpt54nano_per_question_method_accuracy_with_difficulty.csv
main_panel150_gpt54nano,MedLA,medqa_test,medqa,en,medqa_panel4_150_014,test:811,811,easy,E,,2,2.0,1.0,False,thesis_github/data/evals/failure_prediction/panel150_gpt54nano_delta_ci_plot_v1/panel150_gpt54nano_per_question_method_accuracy_with_difficulty.csv
main_panel150_gpt54nano,MedLA,medqa_test,medqa,en,medqa_panel4_150_097,test:829,829,hard,E,,2,1.0,0.5,False,thesis_github/data/evals/failure_prediction/panel150_gpt54nano_delta_ci_plot_v1/panel150_gpt54nano_per_question_method_accuracy_with_difficulty.csv
main_panel150_gpt54nano,MedLA,medqa_test,medqa,en,medqa_panel4_150_046,test:846,846,easy,D,,2,2.0,1.0,False,thesis_github/data/evals/failure_prediction/panel150_gpt54nano_delta_ci_plot_v1/panel150_gpt54nano_per_question_method_accuracy_with_difficulty.csv
main_panel150_gpt54nano,MedLA,medqa_test,medqa,en,medqa_panel4_150_063,test:850,850,hard,C,,2,0.0,0.0,False,thesis_github/data/evals/failure_prediction/panel150_gpt54nano_delta_ci_plot_v1/panel150_gpt54nano_per_question_method_accuracy_with_difficulty.csv
main_panel150_gpt54nano,MedLA,medqa_test,medqa,en,medqa_panel4_150_064,test:856,856,hard,D,,2,0.0,0.0,False,thesis_github/data/evals/failure_prediction/panel150_gpt54nano_delta_ci_plot_v1/panel150_gpt54nano_per_question_method_accuracy_with_difficulty.csv
main_panel150_gpt54nano,MedLA,medqa_test,medqa,en,medqa_panel4_150_015,test:857,857,easy,D,,2,2.0,1.0,False,thesis_github/data/evals/failure_prediction/panel150_gpt54nano_delta_ci_plot_v1/panel150_gpt54nano_per_question_method_accuracy_with_difficulty.csv
main_panel150_gpt54nano,MedLA,medqa_test,medqa,en,medqa_panel4_150_047,test:86,86,easy,C,,2,2.0,1.0,False,thesis_github/data/evals/failure_prediction/panel150_gpt54nano_delta_ci_plot_v1/panel150_gpt54nano_per_question_method_accuracy_with_difficulty.csv
main_panel150_gpt54nano,MedLA,medqa_test,medqa,en,medqa_panel4_150_098,test:880,880,hard,C,,2,1.0,0.5,False,thesis_github/data/evals/failure_prediction/panel150_gpt54nano_delta_ci_plot_v1/panel150_gpt54nano_per_question_method_accuracy_with_difficulty.csv
main_panel150_gpt54nano,MedLA,medqa_test,medqa,en,medqa_panel4_150_099,test:885,885,hard,C,,2,0.0,0.0,False,thesis_github/data/evals/failure_prediction/panel150_gpt54nano_delta_ci_plot_v1/panel150_gpt54nano_per_question_method_accuracy_with_difficulty.csv
main_panel150_gpt54nano,MedLA,medqa_test,medqa,en,medqa_panel4_150_100,test:887,887,hard,A,,2,1.0,0.5,False,thesis_github/data/evals/failure_prediction/panel150_gpt54nano_delta_ci_plot_v1/panel150_gpt54nano_per_question_method_accuracy_with_difficulty.csv
main_panel150_gpt54nano,MedLA,medqa_test,medqa,en,medqa_panel4_150_144,test:908,908,medium,C,,2,2.0,1.0,False,thesis_github/data/evals/failure_prediction/panel150_gpt54nano_delta_ci_plot_v1/panel150_gpt54nano_per_question_method_accuracy_with_difficulty.csv
main_panel150_gpt54nano,MedLA,medqa_test,medqa,en,medqa_panel4_150_145,test:934,934,medium,B,,2,2.0,1.0,False,thesis_github/data/evals/failure_prediction/panel150_gpt54nano_delta_ci_plot_v1/panel150_gpt54nano_per_question_method_accuracy_with_difficulty.csv
main_panel150_gpt54nano,MedLA,medqa_test,medqa,en,medqa_panel4_150_146,test:936,936,medium,B,,2,2.0,1.0,False,thesis_github/data/evals/failure_prediction/panel150_gpt54nano_delta_ci_plot_v1/panel150_gpt54nano_per_question_method_accuracy_with_difficulty.csv
main_panel150_gpt54nano,MedLA,medqa_test,medqa,en,medqa_panel4_150_147,test:944,944,medium,E,,2,1.0,0.5,False,thesis_github/data/evals/failure_prediction/panel150_gpt54nano_delta_ci_plot_v1/panel150_gpt54nano_per_question_method_accuracy_with_difficulty.csv
main_panel150_gpt54nano,MedLA,medqa_test,medqa,en,medqa_panel4_150_048,test:946,946,easy,D,,2,2.0,1.0,False,thesis_github/data/evals/failure_prediction/panel150_gpt54nano_delta_ci_plot_v1/panel150_gpt54nano_per_question_method_accuracy_with_difficulty.csv
main_panel150_gpt54nano,MedLA,medqa_test,medqa,en,medqa_panel4_150_049,test:956,956,easy,B,,2,2.0,1.0,False,thesis_github/data/evals/failure_prediction/panel150_gpt54nano_delta_ci_plot_v1/panel150_gpt54nano_per_question_method_accuracy_with_difficulty.csv
main_panel150_gpt54nano,MedLA,medqa_test,medqa,en,medqa_panel4_150_148,test:961,961,medium,A,,2,2.0,1.0,False,thesis_github/data/evals/failure_prediction/panel150_gpt54nano_delta_ci_plot_v1/panel150_gpt54nano_per_question_method_accuracy_with_difficulty.csv
main_panel150_gpt54nano,MedLA,medqa_test,medqa,en,medqa_panel4_150_149,test:980,980,medium,C,,2,2.0,1.0,False,thesis_github/data/evals/failure_prediction/panel150_gpt54nano_delta_ci_plot_v1/panel150_gpt54nano_per_question_method_accuracy_with_difficulty.csv
main_panel150_gpt54nano,MedLA,medqa_test,medqa,en,medqa_panel4_150_150,test:983,983,medium,D,,2,2.0,1.0,False,thesis_github/data/evals/failure_prediction/panel150_gpt54nano_delta_ci_plot_v1/panel150_gpt54nano_per_question_method_accuracy_with_difficulty.csv
main_panel150_gpt54nano,MedLA,medqa_test,medqa,en,medqa_panel4_150_050,test:991,991,easy,D,,2,2.0,1.0,False,thesis_github/data/evals/failure_prediction/panel150_gpt54nano_delta_ci_plot_v1/panel150_gpt54nano_per_question_method_accuracy_with_difficulty.csv
main_panel150_gpt54nano,MedLA,medqa_test,medqa,en,medqa_panel4_150_065,test:993,993,hard,A,,2,0.0,0.0,False,thesis_github/data/evals/failure_prediction/panel150_gpt54nano_delta_ci_plot_v1/panel150_gpt54nano_per_question_method_accuracy_with_difficulty.csv
main_panel150_gpt54nano,MedLA,pna_all,pna,pt,pna_panel4_150_101,pna:2018:part_1A:20,17,medium,A,,2,0.0,0.0,False,thesis_github/data/evals/failure_prediction/panel150_gpt54nano_delta_ci_plot_v1/panel150_gpt54nano_per_question_method_accuracy_with_difficulty.csv
main_panel150_gpt54nano,MedLA,pna_all,pna,pt,pna_panel4_150_001,pna:2018:part_1A:28,25,easy,C,,2,2.0,1.0,False,thesis_github/data/evals/failure_prediction/panel150_gpt54nano_delta_ci_plot_v1/panel150_gpt54nano_per_question_method_accuracy_with_difficulty.csv
main_panel150_gpt54nano,MedLA,pna_all,pna,pt,pna_panel4_150_102,pna:2018:part_1A:3,2,medium,C,,2,0.0,0.0,False,thesis_github/data/evals/failure_prediction/panel150_gpt54nano_delta_ci_plot_v1/panel150_gpt54nano_per_question_method_accuracy_with_difficulty.csv
main_panel150_gpt54nano,MedLA,pna_all,pna,pt,pna_panel4_150_103,pna:2018:part_1A:36,33,medium,D,,2,0.0,0.0,False,thesis_github/data/evals/failure_prediction/panel150_gpt54nano_delta_ci_plot_v1/panel150_gpt54nano_per_question_method_accuracy_with_difficulty.csv
main_panel150_gpt54nano,MedLA,pna_all,pna,pt,pna_panel4_150_051,pna:2018:part_1A:42,39,hard,D,,2,1.0,0.5,False,thesis_github/data/evals/failure_prediction/panel150_gpt54nano_delta_ci_plot_v1/panel150_gpt54nano_per_question_method_accuracy_with_difficulty.csv
main_panel150_gpt54nano,MedLA,pna_all,pna,pt,pna_panel4_150_002,pna:2018:part_1A:52,49,easy,D,,2,2.0,1.0,False,thesis_github/data/evals/failure_prediction/panel150_gpt54nano_delta_ci_plot_v1/panel150_gpt54nano_per_question_method_accuracy_with_difficulty.csv
main_panel150_gpt54nano,MedLA,pna_all,pna,pt,pna_panel4_150_052,pna:2018:part_1A:59,56,hard,A,,2,0.0,0.0,False,thesis_github/data/evals/failure_prediction/panel150_gpt54nano_delta_ci_plot_v1/panel150_gpt54nano_per_question_method_accuracy_with_difficulty.csv
main_panel150_gpt54nano,MedLA,pna_all,pna,pt,pna_panel4_150_053,pna:2018:part_1A:6,5,hard,C,,2,0.0,0.0,False,thesis_github/data/evals/failure_prediction/panel150_gpt54nano_delta_ci_plot_v1/panel150_gpt54nano_per_question_method_accuracy_with_difficulty.csv
main_panel150_gpt54nano,MedLA,pna_all,pna,pt,pna_panel4_150_003,pna:2018:part_1A:63,60,easy,E,,2,2.0,1.0,False,thesis_github/data/evals/failure_prediction/panel150_gpt54nano_delta_ci_plot_v1/panel150_gpt54nano_per_question_method_accuracy_with_difficulty.csv
main_panel150_gpt54nano,MedLA,pna_all,pna,pt,pna_panel4_150_004,pna:2018:part_1A:64,61,easy,C,,2,2.0,1.0,False,thesis_github/data/evals/failure_prediction/panel150_gpt54nano_delta_ci_plot_v1/panel150_gpt54nano_per_question_method_accuracy_with_difficulty.csv
main_panel150_gpt54nano,MedLA,pna_all,pna,pt,pna_panel4_150_005,pna:2018:part_1A:68,65,easy,A,,2,2.0,1.0,False,thesis_github/data/evals/failure_prediction/panel150_gpt54nano_delta_ci_plot_v1/panel150_gpt54nano_per_question_method_accuracy_with_difficulty.csv
main_panel150_gpt54nano,MedLA,pna_all,pna,pt,pna_panel4_150_054,pna:2018:part_1A:74,71,hard,E,,2,1.0,0.5,False,thesis_github/data/evals/failure_prediction/panel150_gpt54nano_delta_ci_plot_v1/panel150_gpt54nano_per_question_method_accuracy_with_difficulty.csv
main_panel150_gpt54nano,MedLA,pna_all,pna,pt,pna_panel4_150_006,pna:2018:part_1A:9,8,easy,A,,2,2.0,1.0,False,thesis_github/data/evals/failure_prediction/panel150_gpt54nano_delta_ci_plot_v1/panel150_gpt54nano_per_question_method_accuracy_with_difficulty.csv
main_panel150_gpt54nano,MedLA,pna_all,pna,pt,pna_panel4_150_104,pna:2018:part_2A:109,103,medium,B,,2,2.0,1.0,False,thesis_github/data/evals/failure_prediction/panel150_gpt54nano_delta_ci_plot_v1/panel150_gpt54nano_per_question_method_accuracy_with_difficulty.csv
main_panel150_gpt54nano,MedLA,pna_all,pna,pt,pna_panel4_150_055,pna:2018:part_2A:113,107,hard,E,,2,2.0,1.0,False,thesis_github/data/evals/failure_prediction/panel150_gpt54nano_delta_ci_plot_v1/panel150_gpt54nano_per_question_method_accuracy_with_difficulty.csv
main_panel150_gpt54nano,MedLA,pna_all,pna,pt,pna_panel4_150_105,pna:2018:part_2A:143,136,medium,D,,2,2.0,1.0,False,thesis_github/data/evals/failure_prediction/panel150_gpt54nano_delta_ci_plot_v1/panel150_gpt54nano_per_question_method_accuracy_with_difficulty.csv
main_panel150_gpt54nano,MedLA,pna_all,pna,pt,pna_panel4_150_007,pna:2018:part_2A:144,137,easy,B,,2,2.0,1.0,False,thesis_github/data/evals/failure_prediction/panel150_gpt54nano_delta_ci_plot_v1/panel150_gpt54nano_per_question_method_accuracy_with_difficulty.csv
main_panel150_gpt54nano,MedLA,pna_all,pna,pt,pna_panel4_150_106,pna:2018:part_2A:84,80,medium,A,,2,1.0,0.5,False,thesis_github/data/evals/failure_prediction/panel150_gpt54nano_delta_ci_plot_v1/panel150_gpt54nano_per_question_method_accuracy_with_difficulty.csv
main_panel150_gpt54nano,MedLA,pna_all,pna,pt,pna_panel4_150_107,pna:2018:part_2A:94,89,medium,A,,2,2.0,1.0,False,thesis_github/data/evals/failure_prediction/panel150_gpt54nano_delta_ci_plot_v1/panel150_gpt54nano_per_question_method_accuracy_with_difficulty.csv
main_panel150_gpt54nano,MedLA,pna_all,pna,pt,pna_panel4_150_008,pna:2019:part_1A:11,152,easy,A,,2,1.0,0.5,False,thesis_github/data/evals/failure_prediction/panel150_gpt54nano_delta_ci_plot_v1/panel150_gpt54nano_per_question_method_accuracy_with_difficulty.csv
main_panel150_gpt54nano,MedLA,pna_all,pna,pt,pna_panel4_150_108,pna:2019:part_1A:25,164,medium,D,,2,2.0,1.0,False,thesis_github/data/evals/failure_prediction/panel150_gpt54nano_delta_ci_plot_v1/panel150_gpt54nano_per_question_method_accuracy_with_difficulty.csv
main_panel150_gpt54nano,MedLA,pna_all,pna,pt,pna_panel4_150_056,pna:2019:part_1A:44,182,hard,A,,2,2.0,1.0,False,thesis_github/data/evals/failure_prediction/panel150_gpt54nano_delta_ci_plot_v1/panel150_gpt54nano_per_question_method_accuracy_with_difficulty.csv
main_panel150_gpt54nano,MedLA,pna_all,pna,pt,pna_panel4_150_109,pna:2019:part_1A:45,183,medium,E,,2,2.0,1.0,False,thesis_github/data/evals/failure_prediction/panel150_gpt54nano_delta_ci_plot_v1/panel150_gpt54nano_per_question_method_accuracy_with_difficulty.csv
main_panel150_gpt54nano,MedLA,pna_all,pna,pt,pna_panel4_150_110,pna:2019:part_1A:48,186,medium,C,,2,2.0,1.0,False,thesis_github/data/evals/failure_prediction/panel150_gpt54nano_delta_ci_plot_v1/panel150_gpt54nano_per_question_method_accuracy_with_difficulty.csv
main_panel150_gpt54nano,MedLA,pna_all,pna,pt,pna_panel4_150_111,pna:2019:part_1A:54,192,medium,A,,2,0.0,0.0,False,thesis_github/data/evals/failure_prediction/panel150_gpt54nano_delta_ci_plot_v1/panel150_gpt54nano_per_question_method_accuracy_with_difficulty.csv
main_panel150_gpt54nano,MedLA,pna_all,pna,pt,pna_panel4_150_057,pna:2019:part_1A:75,211,hard,E,,2,0.0,0.0,False,thesis_github/data/evals/failure_prediction/panel150_gpt54nano_delta_ci_plot_v1/panel150_gpt54nano_per_question_method_accuracy_with_difficulty.csv
main_panel150_gpt54nano,MedLA,pna_all,pna,pt,pna_panel4_150_009,pna:2019:part_2A:100,236,easy,E,,2,2.0,1.0,False,thesis_github/data/evals/failure_prediction/panel150_gpt54nano_delta_ci_plot_v1/panel150_gpt54nano_per_question_method_accuracy_with_difficulty.csv
main_panel150_gpt54nano,MedLA,pna_all,pna,pt,pna_panel4_150_112,pna:2019:part_2A:102,238,medium,C,,2,2.0,1.0,False,thesis_github/data/evals/failure_prediction/panel150_gpt54nano_delta_ci_plot_v1/panel150_gpt54nano_per_question_method_accuracy_with_difficulty.csv
main_panel150_gpt54nano,MedLA,pna_all,pna,pt,pna_panel4_150_058,pna:2019:part_2A:103,239,hard,C,,2,0.0,0.0,False,thesis_github/data/evals/failure_prediction/panel150_gpt54nano_delta_ci_plot_v1/panel150_gpt54nano_per_question_method_accuracy_with_difficulty.csv
main_panel150_gpt54nano,MedLA,pna_all,pna,pt,pna_panel4_150_010,pna:2019:part_2A:109,245,easy,C,,2,2.0,1.0,False,thesis_github/data/evals/failure_prediction/panel150_gpt54nano_delta_ci_plot_v1/panel150_gpt54nano_per_question_method_accuracy_with_difficulty.csv
main_panel150_gpt54nano,MedLA,pna_all,pna,pt,pna_panel4_150_059,pna:2019:part_2A:122,254,hard,D,,2,2.0,1.0,False,thesis_github/data/evals/failure_prediction/panel150_gpt54nano_delta_ci_plot_v1/panel150_gpt54nano_per_question_method_accuracy_with_difficulty.csv
main_panel150_gpt54nano,MedLA,pna_all,pna,pt,pna_panel4_150_011,pna:2019:part_2A:135,266,easy,B,,2,2.0,1.0,False,thesis_github/data/evals/failure_prediction/panel150_gpt54nano_delta_ci_plot_v1/panel150_gpt54nano_per_question_method_accuracy_with_difficulty.csv
main_panel150_gpt54nano,MedLA,pna_all,pna,pt,pna_panel4_150_012,pna:2019:part_2A:138,269,easy,D,,2,2.0,1.0,False,thesis_github/data/evals/failure_prediction/panel150_gpt54nano_delta_ci_plot_v1/panel150_gpt54nano_per_question_method_accuracy_with_difficulty.csv
main_panel150_gpt54nano,MedLA,pna_all,pna,pt,pna_panel4_150_060,pna:2020:part_1A:10,290,hard,A,,2,1.0,0.5,False,thesis_github/data/evals/failure_prediction/panel150_gpt54nano_delta_ci_plot_v1/panel150_gpt54nano_per_question_method_accuracy_with_difficulty.csv
main_panel150_gpt54nano,MedLA,pna_all,pna,pt,pna_panel4_150_013,pna:2020:part_1A:14,294,easy,A,,2,2.0,1.0,False,thesis_github/data/evals/failure_prediction/panel150_gpt54nano_delta_ci_plot_v1/panel150_gpt54nano_per_question_method_accuracy_with_difficulty.csv
main_panel150_gpt54nano,MedLA,pna_all,pna,pt,pna_panel4_150_014,pna:2020:part_1A:16,296,easy,A,,2,2.0,1.0,False,thesis_github/data/evals/failure_prediction/panel150_gpt54nano_delta_ci_plot_v1/panel150_gpt54nano_per_question_method_accuracy_with_difficulty.csv
main_panel150_gpt54nano,MedLA,pna_all,pna,pt,pna_panel4_150_061,pna:2020:part_1A:2,282,hard,A,,2,0.0,0.0,False,thesis_github/data/evals/failure_prediction/panel150_gpt54nano_delta_ci_plot_v1/panel150_gpt54nano_per_question_method_accuracy_with_difficulty.csv
main_panel150_gpt54nano,MedLA,pna_all,pna,pt,pna_panel4_150_113,pna:2020:part_1A:21,301,medium,D,,2,2.0,1.0,False,thesis_github/data/evals/failure_prediction/panel150_gpt54nano_delta_ci_plot_v1/panel150_gpt54nano_per_question_method_accuracy_with_difficulty.csv
main_panel150_gpt54nano,MedLA,pna_all,pna,pt,pna_panel4_150_062,pna:2020:part_1A:27,306,hard,A,,2,0.0,0.0,False,thesis_github/data/evals/failure_prediction/panel150_gpt54nano_delta_ci_plot_v1/panel150_gpt54nano_per_question_method_accuracy_with_difficulty.csv
main_panel150_gpt54nano,MedLA,pna_all,pna,pt,pna_panel4_150_114,pna:2020:part_1A:30,309,medium,A,,2,2.0,1.0,False,thesis_github/data/evals/failure_prediction/panel150_gpt54nano_delta_ci_plot_v1/panel150_gpt54nano_per_question_method_accuracy_with_difficulty.csv
main_panel150_gpt54nano,MedLA,pna_all,pna,pt,pna_panel4_150_015,pna:2020:part_1A:31,310,easy,E,,2,2.0,1.0,False,thesis_github/data/evals/failure_prediction/panel150_gpt54nano_delta_ci_plot_v1/panel150_gpt54nano_per_question_method_accuracy_with_difficulty.csv
main_panel150_gpt54nano,MedLA,pna_all,pna,pt,pna_panel4_150_016,pna:2020:part_1A:52,329,easy,B,,2,2.0,1.0,False,thesis_github/data/evals/failure_prediction/panel150_gpt54nano_delta_ci_plot_v1/panel150_gpt54nano_per_question_method_accuracy_with_difficulty.csv
main_panel150_gpt54nano,MedLA,pna_all,pna,pt,pna_panel4_150_017,pna:2020:part_1A:64,339,easy,A,,2,2.0,1.0,False,thesis_github/data/evals/failure_prediction/panel150_gpt54nano_delta_ci_plot_v1/panel150_gpt54nano_per_question_method_accuracy_with_difficulty.csv
main_panel150_gpt54nano,MedLA,pna_all,pna,pt,pna_panel4_150_063,pna:2020:part_1A:70,345,hard,D,,2,0.0,0.0,False,thesis_github/data/evals/failure_prediction/panel150_gpt54nano_delta_ci_plot_v1/panel150_gpt54nano_per_question_method_accuracy_with_difficulty.csv
main_panel150_gpt54nano,MedLA,pna_all,pna,pt,pna_panel4_150_018,pna:2020:part_1A:73,348,easy,B,,2,2.0,1.0,False,thesis_github/data/evals/failure_prediction/panel150_gpt54nano_delta_ci_plot_v1/panel150_gpt54nano_per_question_method_accuracy_with_difficulty.csv
main_panel150_gpt54nano,MedLA,pna_all,pna,pt,pna_panel4_150_019,pna:2020:part_1A:9,289,easy,D,,2,2.0,1.0,False,thesis_github/data/evals/failure_prediction/panel150_gpt54nano_delta_ci_plot_v1/panel150_gpt54nano_per_question_method_accuracy_with_difficulty.csv
main_panel150_gpt54nano,MedLA,pna_all,pna,pt,pna_panel4_150_064,pna:2020:part_2A:105,377,hard,C,,2,0.0,0.0,False,thesis_github/data/evals/failure_prediction/panel150_gpt54nano_delta_ci_plot_v1/panel150_gpt54nano_per_question_method_accuracy_with_difficulty.csv
main_panel150_gpt54nano,MedLA,pna_all,pna,pt,pna_panel4_150_020,pna:2020:part_2A:123,394,easy,B,,2,2.0,1.0,False,thesis_github/data/evals/failure_prediction/panel150_gpt54nano_delta_ci_plot_v1/panel150_gpt54nano_per_question_method_accuracy_with_difficulty.csv
main_panel150_gpt54nano,MedLA,pna_all,pna,pt,pna_panel4_150_115,pna:2020:part_2A:130,400,medium,A,,2,2.0,1.0,False,thesis_github/data/evals/failure_prediction/panel150_gpt54nano_delta_ci_plot_v1/panel150_gpt54nano_per_question_method_accuracy_with_difficulty.csv
main_panel150_gpt54nano,MedLA,pna_all,pna,pt,pna_panel4_150_021,pna:2020:part_2A:94,367,easy,B,,2,2.0,1.0,False,thesis_github/data/evals/failure_prediction/panel150_gpt54nano_delta_ci_plot_v1/panel150_gpt54nano_per_question_method_accuracy_with_difficulty.csv
main_panel150_gpt54nano,MedLA,pna_all,pna,pt,pna_panel4_150_065,pna:2021:part_1A:18,437,hard,D,,2,1.0,0.5,False,thesis_github/data/evals/failure_prediction/panel150_gpt54nano_delta_ci_plot_v1/panel150_gpt54nano_per_question_method_accuracy_with_difficulty.csv
main_panel150_gpt54nano,MedLA,pna_all,pna,pt,pna_panel4_150_022,pna:2021:part_1A:22,441,easy,E,,2,2.0,1.0,False,thesis_github/data/evals/failure_prediction/panel150_gpt54nano_delta_ci_plot_v1/panel150_gpt54nano_per_question_method_accuracy_with_difficulty.csv
main_panel150_gpt54nano,MedLA,pna_all,pna,pt,pna_panel4_150_116,pna:2021:part_1A:26,445,medium,E,,2,2.0,1.0,False,thesis_github/data/evals/failure_prediction/panel150_gpt54nano_delta_ci_plot_v1/panel150_gpt54nano_per_question_method_accuracy_with_difficulty.csv
main_panel150_gpt54nano,MedLA,pna_all,pna,pt,pna_panel4_150_023,pna:2021:part_1A:30,449,easy,A,,2,2.0,1.0,False,thesis_github/data/evals/failure_prediction/panel150_gpt54nano_delta_ci_plot_v1/panel150_gpt54nano_per_question_method_accuracy_with_difficulty.csv
main_panel150_gpt54nano,MedLA,pna_all,pna,pt,pna_panel4_150_117,pna:2021:part_1A:4,423,medium,A,,2,2.0,1.0,False,thesis_github/data/evals/failure_prediction/panel150_gpt54nano_delta_ci_plot_v1/panel150_gpt54nano_per_question_method_accuracy_with_difficulty.csv
main_panel150_gpt54nano,MedLA,pna_all,pna,pt,pna_panel4_150_118,pna:2021:part_1A:44,462,medium,C,,2,2.0,1.0,False,thesis_github/data/evals/failure_prediction/panel150_gpt54nano_delta_ci_plot_v1/panel150_gpt54nano_per_question_method_accuracy_with_difficulty.csv
main_panel150_gpt54nano,MedLA,pna_all,pna,pt,pna_panel4_150_066,pna:2021:part_1A:46,464,hard,C,,2,0.0,0.0,False,thesis_github/data/evals/failure_prediction/panel150_gpt54nano_delta_ci_plot_v1/panel150_gpt54nano_per_question_method_accuracy_with_difficulty.csv
main_panel150_gpt54nano,MedLA,pna_all,pna,pt,pna_panel4_150_067,pna:2021:part_1A:5,424,hard,D,,2,0.0,0.0,False,thesis_github/data/evals/failure_prediction/panel150_gpt54nano_delta_ci_plot_v1/panel150_gpt54nano_per_question_method_accuracy_with_difficulty.csv
main_panel150_gpt54nano,MedLA,pna_all,pna,pt,pna_panel4_150_119,pna:2021:part_1A:57,474,medium,C,,2,2.0,1.0,False,thesis_github/data/evals/failure_prediction/panel150_gpt54nano_delta_ci_plot_v1/panel150_gpt54nano_per_question_method_accuracy_with_difficulty.csv
main_panel150_gpt54nano,MedLA,pna_all,pna,pt,pna_panel4_150_024,pna:2021:part_1A:60,477,easy,E,,2,2.0,1.0,False,thesis_github/data/evals/failure_prediction/panel150_gpt54nano_delta_ci_plot_v1/panel150_gpt54nano_per_question_method_accuracy_with_difficulty.csv
main_panel150_gpt54nano,MedLA,pna_all,pna,pt,pna_panel4_150_068,pna:2021:part_1A:61,478,hard,D,,2,2.0,1.0,False,thesis_github/data/evals/failure_prediction/panel150_gpt54nano_delta_ci_plot_v1/panel150_gpt54nano_per_question_method_accuracy_with_difficulty.csv
main_panel150_gpt54nano,MedLA,pna_all,pna,pt,pna_panel4_150_025,pna:2021:part_1A:66,483,easy,B,,2,2.0,1.0,False,thesis_github/data/evals/failure_prediction/panel150_gpt54nano_delta_ci_plot_v1/panel150_gpt54nano_per_question_method_accuracy_with_difficulty.csv
main_panel150_gpt54nano,MedLA,pna_all,pna,pt,pna_panel4_150_069,pna:2021:part_1A:68,485,hard,C,,2,0.0,0.0,False,thesis_github/data/evals/failure_prediction/panel150_gpt54nano_delta_ci_plot_v1/panel150_gpt54nano_per_question_method_accuracy_with_difficulty.csv
main_panel150_gpt54nano,MedLA,pna_all,pna,pt,pna_panel4_150_070,pna:2021:part_1A:71,488,hard,A,,2,2.0,1.0,False,thesis_github/data/evals/failure_prediction/panel150_gpt54nano_delta_ci_plot_v1/panel150_gpt54nano_per_question_method_accuracy_with_difficulty.csv
main_panel150_gpt54nano,MedLA,pna_all,pna,pt,pna_panel4_150_071,pna:2021:part_2A:100,514,hard,E,,2,0.0,0.0,False,thesis_github/data/evals/failure_prediction/panel150_gpt54nano_delta_ci_plot_v1/panel150_gpt54nano_per_question_method_accuracy_with_difficulty.csv
main_panel150_gpt54nano,MedLA,pna_all,pna,pt,pna_panel4_150_120,pna:2021:part_2A:105,518,medium,E,,2,2.0,1.0,False,thesis_github/data/evals/failure_prediction/panel150_gpt54nano_delta_ci_plot_v1/panel150_gpt54nano_per_question_method_accuracy_with_difficulty.csv
main_panel150_gpt54nano,MedLA,pna_all,pna,pt,pna_panel4_150_072,pna:2021:part_2A:113,525,hard,A,,2,0.0,0.0,False,thesis_github/data/evals/failure_prediction/panel150_gpt54nano_delta_ci_plot_v1/panel150_gpt54nano_per_question_method_accuracy_with_difficulty.csv
main_panel150_gpt54nano,MedLA,pna_all,pna,pt,pna_panel4_150_073,pna:2021:part_2A:116,528,hard,C,,2,0.0,0.0,False,thesis_github/data/evals/failure_prediction/panel150_gpt54nano_delta_ci_plot_v1/panel150_gpt54nano_per_question_method_accuracy_with_difficulty.csv
main_panel150_gpt54nano,MedLA,pna_all,pna,pt,pna_panel4_150_121,pna:2021:part_2A:118,530,medium,A,,2,2.0,1.0,False,thesis_github/data/evals/failure_prediction/panel150_gpt54nano_delta_ci_plot_v1/panel150_gpt54nano_per_question_method_accuracy_with_difficulty.csv
main_panel150_gpt54nano,MedLA,pna_all,pna,pt,pna_panel4_150_026,pna:2021:part_2A:125,537,easy,B,,2,2.0,1.0,False,thesis_github/data/evals/failure_prediction/panel150_gpt54nano_delta_ci_plot_v1/panel150_gpt54nano_per_question_method_accuracy_with_difficulty.csv
main_panel150_gpt54nano,MedLA,pna_all,pna,pt,pna_panel4_150_074,pna:2021:part_2A:129,541,hard,A,,2,0.0,0.0,False,thesis_github/data/evals/failure_prediction/panel150_gpt54nano_delta_ci_plot_v1/panel150_gpt54nano_per_question_method_accuracy_with_difficulty.csv
main_panel150_gpt54nano,MedLA,pna_all,pna,pt,pna_panel4_150_027,pna:2021:part_2A:137,549,easy,C,,2,2.0,1.0,False,thesis_github/data/evals/failure_prediction/panel150_gpt54nano_delta_ci_plot_v1/panel150_gpt54nano_per_question_method_accuracy_with_difficulty.csv
main_panel150_gpt54nano,MedLA,pna_all,pna,pt,pna_panel4_150_122,pna:2021:part_2A:145,557,medium,E,,2,2.0,1.0,False,thesis_github/data/evals/failure_prediction/panel150_gpt54nano_delta_ci_plot_v1/panel150_gpt54nano_per_question_method_accuracy_with_difficulty.csv
main_panel150_gpt54nano,MedLA,pna_all,pna,pt,pna_panel4_150_123,pna:2021:part_2A:82,498,medium,A,,2,2.0,1.0,False,thesis_github/data/evals/failure_prediction/panel150_gpt54nano_delta_ci_plot_v1/panel150_gpt54nano_per_question_method_accuracy_with_difficulty.csv
main_panel150_gpt54nano,MedLA,pna_all,pna,pt,pna_panel4_150_075,pna:2021:part_2A:90,505,hard,D,,2,0.0,0.0,False,thesis_github/data/evals/failure_prediction/panel150_gpt54nano_delta_ci_plot_v1/panel150_gpt54nano_per_question_method_accuracy_with_difficulty.csv
main_panel150_gpt54nano,MedLA,pna_all,pna,pt,pna_panel4_150_076,pna:2021:part_2A:95,509,hard,B,,2,2.0,1.0,False,thesis_github/data/evals/failure_prediction/panel150_gpt54nano_delta_ci_plot_v1/panel150_gpt54nano_per_question_method_accuracy_with_difficulty.csv
main_panel150_gpt54nano,MedLA,pna_all,pna,pt,pna_panel4_150_077,pna:2022:part_1A:11,571,hard,C,,2,1.0,0.5,False,thesis_github/data/evals/failure_prediction/panel150_gpt54nano_delta_ci_plot_v1/panel150_gpt54nano_per_question_method_accuracy_with_difficulty.csv
main_panel150_gpt54nano,MedLA,pna_all,pna,pt,pna_panel4_150_124,pna:2022:part_1A:15,575,medium,B,,2,0.0,0.0,False,thesis_github/data/evals/failure_prediction/panel150_gpt54nano_delta_ci_plot_v1/panel150_gpt54nano_per_question_method_accuracy_with_difficulty.csv
main_panel150_gpt54nano,MedLA,pna_all,pna,pt,pna_panel4_150_078,pna:2022:part_1A:17,577,hard,D,,2,0.0,0.0,False,thesis_github/data/evals/failure_prediction/panel150_gpt54nano_delta_ci_plot_v1/panel150_gpt54nano_per_question_method_accuracy_with_difficulty.csv
main_panel150_gpt54nano,MedLA,pna_all,pna,pt,pna_panel4_150_125,pna:2022:part_1A:18,578,medium,B,,2,0.0,0.0,False,thesis_github/data/evals/failure_prediction/panel150_gpt54nano_delta_ci_plot_v1/panel150_gpt54nano_per_question_method_accuracy_with_difficulty.csv
main_panel150_gpt54nano,MedLA,pna_all,pna,pt,pna_panel4_150_079,pna:2022:part_1A:19,579,hard,B,,2,0.0,0.0,False,thesis_github/data/evals/failure_prediction/panel150_gpt54nano_delta_ci_plot_v1/panel150_gpt54nano_per_question_method_accuracy_with_difficulty.csv
main_panel150_gpt54nano,MedLA,pna_all,pna,pt,pna_panel4_150_080,pna:2022:part_1A:23,583,hard,E,,2,0.0,0.0,False,thesis_github/data/evals/failure_prediction/panel150_gpt54nano_delta_ci_plot_v1/panel150_gpt54nano_per_question_method_accuracy_with_difficulty.csv
main_panel150_gpt54nano,MedLA,pna_all,pna,pt,pna_panel4_150_028,pna:2022:part_1A:24,584,easy,B,,2,2.0,1.0,False,thesis_github/data/evals/failure_prediction/panel150_gpt54nano_delta_ci_plot_v1/panel150_gpt54nano_per_question_method_accuracy_with_difficulty.csv
main_panel150_gpt54nano,MedLA,pna_all,pna,pt,pna_panel4_150_126,pna:2022:part_1A:25,585,medium,C,,2,2.0,1.0,False,thesis_github/data/evals/failure_prediction/panel150_gpt54nano_delta_ci_plot_v1/panel150_gpt54nano_per_question_method_accuracy_with_difficulty.csv
main_panel150_gpt54nano,MedLA,pna_all,pna,pt,pna_panel4_150_029,pna:2022:part_1A:27,587,easy,B,,2,2.0,1.0,False,thesis_github/data/evals/failure_prediction/panel150_gpt54nano_delta_ci_plot_v1/panel150_gpt54nano_per_question_method_accuracy_with_difficulty.csv
main_panel150_gpt54nano,MedLA,pna_all,pna,pt,pna_panel4_150_127,pna:2022:part_1A:29,589,medium,A,,2,2.0,1.0,False,thesis_github/data/evals/failure_prediction/panel150_gpt54nano_delta_ci_plot_v1/panel150_gpt54nano_per_question_method_accuracy_with_difficulty.csv
main_panel150_gpt54nano,MedLA,pna_all,pna,pt,pna_panel4_150_128,pna:2022:part_1A:33,592,medium,C,,2,2.0,1.0,False,thesis_github/data/evals/failure_prediction/panel150_gpt54nano_delta_ci_plot_v1/panel150_gpt54nano_per_question_method_accuracy_with_difficulty.csv
main_panel150_gpt54nano,MedLA,pna_all,pna,pt,pna_panel4_150_129,pna:2022:part_1A:46,604,medium,C,,2,1.0,0.5,False,thesis_github/data/evals/failure_prediction/panel150_gpt54nano_delta_ci_plot_v1/panel150_gpt54nano_per_question_method_accuracy_with_difficulty.csv
main_panel150_gpt54nano,MedLA,pna_all,pna,pt,pna_panel4_150_081,pna:2022:part_1A:51,609,hard,C,,2,2.0,1.0,False,thesis_github/data/evals/failure_prediction/panel150_gpt54nano_delta_ci_plot_v1/panel150_gpt54nano_per_question_method_accuracy_with_difficulty.csv
main_panel150_gpt54nano,MedLA,pna_all,pna,pt,pna_panel4_150_030,pna:2022:part_1A:59,617,easy,D,,2,2.0,1.0,False,thesis_github/data/evals/failure_prediction/panel150_gpt54nano_delta_ci_plot_v1/panel150_gpt54nano_per_question_method_accuracy_with_difficulty.csv
main_panel150_gpt54nano,MedLA,pna_all,pna,pt,pna_panel4_150_082,pna:2022:part_1A:64,622,hard,A,,2,0.0,0.0,False,thesis_github/data/evals/failure_prediction/panel150_gpt54nano_delta_ci_plot_v1/panel150_gpt54nano_per_question_method_accuracy_with_difficulty.csv
main_panel150_gpt54nano,MedLA,pna_all,pna,pt,pna_panel4_150_083,pna:2022:part_2A:100,657,hard,A,,2,2.0,1.0,False,thesis_github/data/evals/failure_prediction/panel150_gpt54nano_delta_ci_plot_v1/panel150_gpt54nano_per_question_method_accuracy_with_difficulty.csv
main_panel150_gpt54nano,MedLA,pna_all,pna,pt,pna_panel4_150_031,pna:2022:part_2A:113,670,easy,C,,2,2.0,1.0,False,thesis_github/data/evals/failure_prediction/panel150_gpt54nano_delta_ci_plot_v1/panel150_gpt54nano_per_question_method_accuracy_with_difficulty.csv
main_panel150_gpt54nano,MedLA,pna_all,pna,pt,pna_panel4_150_130,pna:2022:part_2A:129,686,medium,D,,2,2.0,1.0,False,thesis_github/data/evals/failure_prediction/panel150_gpt54nano_delta_ci_plot_v1/panel150_gpt54nano_per_question_method_accuracy_with_difficulty.csv
main_panel150_gpt54nano,MedLA,pna_all,pna,pt,pna_panel4_150_084,pna:2022:part_2A:132,689,hard,A,,2,2.0,1.0,False,thesis_github/data/evals/failure_prediction/panel150_gpt54nano_delta_ci_plot_v1/panel150_gpt54nano_per_question_method_accuracy_with_difficulty.csv
main_panel150_gpt54nano,MedLA,pna_all,pna,pt,pna_panel4_150_085,pna:2022:part_2A:138,695,hard,A,,2,0.0,0.0,False,thesis_github/data/evals/failure_prediction/panel150_gpt54nano_delta_ci_plot_v1/panel150_gpt54nano_per_question_method_accuracy_with_difficulty.csv
main_panel150_gpt54nano,MedLA,pna_all,pna,pt,pna_panel4_150_131,pna:2022:part_2A:79,636,medium,B,,2,2.0,1.0,False,thesis_github/data/evals/failure_prediction/panel150_gpt54nano_delta_ci_plot_v1/panel150_gpt54nano_per_question_method_accuracy_with_difficulty.csv
main_panel150_gpt54nano,MedLA,pna_all,pna,pt,pna_panel4_150_032,pna:2022:part_2A:83,640,easy,A,,2,2.0,1.0,False,thesis_github/data/evals/failure_prediction/panel150_gpt54nano_delta_ci_plot_v1/panel150_gpt54nano_per_question_method_accuracy_with_difficulty.csv
main_panel150_gpt54nano,MedLA,pna_all,pna,pt,pna_panel4_150_132,pna:2023:part_1A:11,715,medium,A,,2,2.0,1.0,False,thesis_github/data/evals/failure_prediction/panel150_gpt54nano_delta_ci_plot_v1/panel150_gpt54nano_per_question_method_accuracy_with_difficulty.csv
main_panel150_gpt54nano,MedLA,pna_all,pna,pt,pna_panel4_150_086,pna:2023:part_1A:31,735,hard,D,,2,1.0,0.5,False,thesis_github/data/evals/failure_prediction/panel150_gpt54nano_delta_ci_plot_v1/panel150_gpt54nano_per_question_method_accuracy_with_difficulty.csv
main_panel150_gpt54nano,MedLA,pna_all,pna,pt,pna_panel4_150_087,pna:2023:part_1A:34,738,hard,E,,2,2.0,1.0,False,thesis_github/data/evals/failure_prediction/panel150_gpt54nano_delta_ci_plot_v1/panel150_gpt54nano_per_question_method_accuracy_with_difficulty.csv
main_panel150_gpt54nano,MedLA,pna_all,pna,pt,pna_panel4_150_033,pna:2023:part_1A:36,740,easy,B,,2,2.0,1.0,False,thesis_github/data/evals/failure_prediction/panel150_gpt54nano_delta_ci_plot_v1/panel150_gpt54nano_per_question_method_accuracy_with_difficulty.csv
main_panel150_gpt54nano,MedLA,pna_all,pna,pt,pna_panel4_150_133,pna:2023:part_1A:5,710,medium,E,,2,1.0,0.5,False,thesis_github/data/evals/failure_prediction/panel150_gpt54nano_delta_ci_plot_v1/panel150_gpt54nano_per_question_method_accuracy_with_difficulty.csv
main_panel150_gpt54nano,MedLA,pna_all,pna,pt,pna_panel4_150_134,pna:2023:part_1A:50,754,medium,E,,2,2.0,1.0,False,thesis_github/data/evals/failure_prediction/panel150_gpt54nano_delta_ci_plot_v1/panel150_gpt54nano_per_question_method_accuracy_with_difficulty.csv
main_panel150_gpt54nano,MedLA,pna_all,pna,pt,pna_panel4_150_088,pna:2023:part_1A:52,756,hard,C,,2,2.0,1.0,False,thesis_github/data/evals/failure_prediction/panel150_gpt54nano_delta_ci_plot_v1/panel150_gpt54nano_per_question_method_accuracy_with_difficulty.csv
main_panel150_gpt54nano,MedLA,pna_all,pna,pt,pna_panel4_150_135,pna:2023:part_1A:55,759,medium,E,,2,2.0,1.0,False,thesis_github/data/evals/failure_prediction/panel150_gpt54nano_delta_ci_plot_v1/panel150_gpt54nano_per_question_method_accuracy_with_difficulty.csv
main_panel150_gpt54nano,MedLA,pna_all,pna,pt,pna_panel4_150_034,pna:2023:part_1A:68,772,easy,C,,2,2.0,1.0,False,thesis_github/data/evals/failure_prediction/panel150_gpt54nano_delta_ci_plot_v1/panel150_gpt54nano_per_question_method_accuracy_with_difficulty.csv
main_panel150_gpt54nano,MedLA,pna_all,pna,pt,pna_panel4_150_035,pna:2023:part_1A:71,775,easy,C,,2,2.0,1.0,False,thesis_github/data/evals/failure_prediction/panel150_gpt54nano_delta_ci_plot_v1/panel150_gpt54nano_per_question_method_accuracy_with_difficulty.csv
main_panel150_gpt54nano,MedLA,pna_all,pna,pt,pna_panel4_150_136,pna:2023:part_2A:103,805,medium,E,,2,2.0,1.0,False,thesis_github/data/evals/failure_prediction/panel150_gpt54nano_delta_ci_plot_v1/panel150_gpt54nano_per_question_method_accuracy_with_difficulty.csv
main_panel150_gpt54nano,MedLA,pna_all,pna,pt,pna_panel4_150_137,pna:2023:part_2A:105,807,medium,B,,2,2.0,1.0,False,thesis_github/data/evals/failure_prediction/panel150_gpt54nano_delta_ci_plot_v1/panel150_gpt54nano_per_question_method_accuracy_with_difficulty.csv
main_panel150_gpt54nano,MedLA,pna_all,pna,pt,pna_panel4_150_036,pna:2023:part_2A:124,824,easy,E,,2,2.0,1.0,False,thesis_github/data/evals/failure_prediction/panel150_gpt54nano_delta_ci_plot_v1/panel150_gpt54nano_per_question_method_accuracy_with_difficulty.csv
main_panel150_gpt54nano,MedLA,pna_all,pna,pt,pna_panel4_150_037,pna:2023:part_2A:141,841,easy,B,,2,2.0,1.0,False,thesis_github/data/evals/failure_prediction/panel150_gpt54nano_delta_ci_plot_v1/panel150_gpt54nano_per_question_method_accuracy_with_difficulty.csv
main_panel150_gpt54nano,MedLA,pna_all,pna,pt,pna_panel4_150_089,pna:2023:part_2A:81,784,hard,E,,2,0.0,0.0,False,thesis_github/data/evals/failure_prediction/panel150_gpt54nano_delta_ci_plot_v1/panel150_gpt54nano_per_question_method_accuracy_with_difficulty.csv
main_panel150_gpt54nano,MedLA,pna_all,pna,pt,pna_panel4_150_090,pna:2023:part_2A:87,790,hard,B,,2,0.0,0.0,False,thesis_github/data/evals/failure_prediction/panel150_gpt54nano_delta_ci_plot_v1/panel150_gpt54nano_per_question_method_accuracy_with_difficulty.csv
main_panel150_gpt54nano,MedLA,pna_all,pna,pt,pna_panel4_150_138,pna:2023:part_2A:90,793,medium,D,,2,2.0,1.0,False,thesis_github/data/evals/failure_prediction/panel150_gpt54nano_delta_ci_plot_v1/panel150_gpt54nano_per_question_method_accuracy_with_difficulty.csv
main_panel150_gpt54nano,MedLA,pna_all,pna,pt,pna_panel4_150_038,pna:2023:part_2A:91,794,easy,A,,2,1.0,0.5,False,thesis_github/data/evals/failure_prediction/panel150_gpt54nano_delta_ci_plot_v1/panel150_gpt54nano_per_question_method_accuracy_with_difficulty.csv
main_panel150_gpt54nano,MedLA,pna_all,pna,pt,pna_panel4_150_139,pna:2024:part_1A:11,860,medium,D,,2,2.0,1.0,False,thesis_github/data/evals/failure_prediction/panel150_gpt54nano_delta_ci_plot_v1/panel150_gpt54nano_per_question_method_accuracy_with_difficulty.csv
main_panel150_gpt54nano,MedLA,pna_all,pna,pt,pna_panel4_150_091,pna:2024:part_1A:12,861,hard,B,,2,2.0,1.0,False,thesis_github/data/evals/failure_prediction/panel150_gpt54nano_delta_ci_plot_v1/panel150_gpt54nano_per_question_method_accuracy_with_difficulty.csv
main_panel150_gpt54nano,MedLA,pna_all,pna,pt,pna_panel4_150_092,pna:2024:part_1A:31,879,hard,C,,2,0.0,0.0,False,thesis_github/data/evals/failure_prediction/panel150_gpt54nano_delta_ci_plot_v1/panel150_gpt54nano_per_question_method_accuracy_with_difficulty.csv
main_panel150_gpt54nano,MedLA,pna_all,pna,pt,pna_panel4_150_140,pna:2024:part_1A:35,883,medium,C,,2,2.0,1.0,False,thesis_github/data/evals/failure_prediction/panel150_gpt54nano_delta_ci_plot_v1/panel150_gpt54nano_per_question_method_accuracy_with_difficulty.csv
main_panel150_gpt54nano,MedLA,pna_all,pna,pt,pna_panel4_150_093,pna:2024:part_1A:44,892,hard,E,,2,0.0,0.0,False,thesis_github/data/evals/failure_prediction/panel150_gpt54nano_delta_ci_plot_v1/panel150_gpt54nano_per_question_method_accuracy_with_difficulty.csv
main_panel150_gpt54nano,MedLA,pna_all,pna,pt,pna_panel4_150_039,pna:2024:part_1A:57,905,easy,E,,2,2.0,1.0,False,thesis_github/data/evals/failure_prediction/panel150_gpt54nano_delta_ci_plot_v1/panel150_gpt54nano_per_question_method_accuracy_with_difficulty.csv
main_panel150_gpt54nano,MedLA,pna_all,pna,pt,pna_panel4_150_141,pna:2024:part_1A:58,906,medium,E,,2,2.0,1.0,False,thesis_github/data/evals/failure_prediction/panel150_gpt54nano_delta_ci_plot_v1/panel150_gpt54nano_per_question_method_accuracy_with_difficulty.csv
main_panel150_gpt54nano,MedLA,pna_all,pna,pt,pna_panel4_150_094,pna:2024:part_1A:9,858,hard,A,,2,1.0,0.5,False,thesis_github/data/evals/failure_prediction/panel150_gpt54nano_delta_ci_plot_v1/panel150_gpt54nano_per_question_method_accuracy_with_difficulty.csv
main_panel150_gpt54nano,MedLA,pna_all,pna,pt,pna_panel4_150_142,pna:2024:part_2A:119,960,medium,D,,2,2.0,1.0,False,thesis_github/data/evals/failure_prediction/panel150_gpt54nano_delta_ci_plot_v1/panel150_gpt54nano_per_question_method_accuracy_with_difficulty.csv
main_panel150_gpt54nano,MedLA,pna_all,pna,pt,pna_panel4_150_040,pna:2024:part_2A:129,970,easy,B,,2,2.0,1.0,False,thesis_github/data/evals/failure_prediction/panel150_gpt54nano_delta_ci_plot_v1/panel150_gpt54nano_per_question_method_accuracy_with_difficulty.csv
main_panel150_gpt54nano,MedLA,pna_all,pna,pt,pna_panel4_150_041,pna:2024:part_2A:134,975,easy,E,,2,2.0,1.0,False,thesis_github/data/evals/failure_prediction/panel150_gpt54nano_delta_ci_plot_v1/panel150_gpt54nano_per_question_method_accuracy_with_difficulty.csv
main_panel150_gpt54nano,MedLA,pna_all,pna,pt,pna_panel4_150_042,pna:2024:part_2A:138,979,easy,A,,2,2.0,1.0,False,thesis_github/data/evals/failure_prediction/panel150_gpt54nano_delta_ci_plot_v1/panel150_gpt54nano_per_question_method_accuracy_with_difficulty.csv
main_panel150_gpt54nano,MedLA,pna_all,pna,pt,pna_panel4_150_043,pna:2024:part_2A:150,991,easy,A,,2,2.0,1.0,False,thesis_github/data/evals/failure_prediction/panel150_gpt54nano_delta_ci_plot_v1/panel150_gpt54nano_per_question_method_accuracy_with_difficulty.csv
main_panel150_gpt54nano,MedLA,pna_all,pna,pt,pna_panel4_150_095,pna:2024:part_2A:92,936,hard,C,,2,1.0,0.5,False,thesis_github/data/evals/failure_prediction/panel150_gpt54nano_delta_ci_plot_v1/panel150_gpt54nano_per_question_method_accuracy_with_difficulty.csv
main_panel150_gpt54nano,MedLA,pna_all,pna,pt,pna_panel4_150_096,pna:2024:part_2A:93,937,hard,A,,2,0.0,0.0,False,thesis_github/data/evals/failure_prediction/panel150_gpt54nano_delta_ci_plot_v1/panel150_gpt54nano_per_question_method_accuracy_with_difficulty.csv
main_panel150_gpt54nano,MedLA,pna_all,pna,pt,pna_panel4_150_044,pna:2024:part_2A:96,940,easy,A,,2,2.0,1.0,False,thesis_github/data/evals/failure_prediction/panel150_gpt54nano_delta_ci_plot_v1/panel150_gpt54nano_per_question_method_accuracy_with_difficulty.csv
main_panel150_gpt54nano,MedLA,pna_all,pna,pt,pna_panel4_150_143,pna:2024:part_2A:97,941,medium,D,,2,2.0,1.0,False,thesis_github/data/evals/failure_prediction/panel150_gpt54nano_delta_ci_plot_v1/panel150_gpt54nano_per_question_method_accuracy_with_difficulty.csv
main_panel150_gpt54nano,MedLA,pna_all,pna,pt,pna_panel4_150_144,pna:2025:part_1A:10,1001,medium,D,,2,2.0,1.0,False,thesis_github/data/evals/failure_prediction/panel150_gpt54nano_delta_ci_plot_v1/panel150_gpt54nano_per_question_method_accuracy_with_difficulty.csv
main_panel150_gpt54nano,MedLA,pna_all,pna,pt,pna_panel4_150_145,pna:2025:part_1A:22,1013,medium,A,,2,1.0,0.5,False,thesis_github/data/evals/failure_prediction/panel150_gpt54nano_delta_ci_plot_v1/panel150_gpt54nano_per_question_method_accuracy_with_difficulty.csv
main_panel150_gpt54nano,MedLA,pna_all,pna,pt,pna_panel4_150_045,pna:2025:part_1A:23,1014,easy,B,,2,2.0,1.0,False,thesis_github/data/evals/failure_prediction/panel150_gpt54nano_delta_ci_plot_v1/panel150_gpt54nano_per_question_method_accuracy_with_difficulty.csv
main_panel150_gpt54nano,MedLA,pna_all,pna,pt,pna_panel4_150_146,pna:2025:part_1A:35,1025,medium,A,,2,2.0,1.0,False,thesis_github/data/evals/failure_prediction/panel150_gpt54nano_delta_ci_plot_v1/panel150_gpt54nano_per_question_method_accuracy_with_difficulty.csv
main_panel150_gpt54nano,MedLA,pna_all,pna,pt,pna_panel4_150_046,pna:2025:part_1A:4,995,easy,A,,2,2.0,1.0,False,thesis_github/data/evals/failure_prediction/panel150_gpt54nano_delta_ci_plot_v1/panel150_gpt54nano_per_question_method_accuracy_with_difficulty.csv
main_panel150_gpt54nano,MedLA,pna_all,pna,pt,pna_panel4_150_097,pna:2025:part_1A:42,1031,hard,E,,2,0.0,0.0,False,thesis_github/data/evals/failure_prediction/panel150_gpt54nano_delta_ci_plot_v1/panel150_gpt54nano_per_question_method_accuracy_with_difficulty.csv
main_panel150_gpt54nano,MedLA,pna_all,pna,pt,pna_panel4_150_047,pna:2025:part_1A:59,1048,easy,D,,2,2.0,1.0,False,thesis_github/data/evals/failure_prediction/panel150_gpt54nano_delta_ci_plot_v1/panel150_gpt54nano_per_question_method_accuracy_with_difficulty.csv
main_panel150_gpt54nano,MedLA,pna_all,pna,pt,pna_panel4_150_147,pna:2025:part_1A:60,1049,medium,A,,2,2.0,1.0,False,thesis_github/data/evals/failure_prediction/panel150_gpt54nano_delta_ci_plot_v1/panel150_gpt54nano_per_question_method_accuracy_with_difficulty.csv
main_panel150_gpt54nano,MedLA,pna_all,pna,pt,pna_panel4_150_098,pna:2025:part_1A:72,1058,hard,C,,2,0.0,0.0,False,thesis_github/data/evals/failure_prediction/panel150_gpt54nano_delta_ci_plot_v1/panel150_gpt54nano_per_question_method_accuracy_with_difficulty.csv
main_panel150_gpt54nano,MedLA,pna_all,pna,pt,pna_panel4_150_048,pna:2025:part_1A:8,999,easy,A,,2,2.0,1.0,False,thesis_github/data/evals/failure_prediction/panel150_gpt54nano_delta_ci_plot_v1/panel150_gpt54nano_per_question_method_accuracy_with_difficulty.csv
main_panel150_gpt54nano,MedLA,pna_all,pna,pt,pna_panel4_150_049,pna:2025:part_2A:106,1089,easy,B,,2,2.0,1.0,False,thesis_github/data/evals/failure_prediction/panel150_gpt54nano_delta_ci_plot_v1/panel150_gpt54nano_per_question_method_accuracy_with_difficulty.csv
main_panel150_gpt54nano,MedLA,pna_all,pna,pt,pna_panel4_150_148,pna:2025:part_2A:107,1090,medium,D,,2,2.0,1.0,False,thesis_github/data/evals/failure_prediction/panel150_gpt54nano_delta_ci_plot_v1/panel150_gpt54nano_per_question_method_accuracy_with_difficulty.csv
main_panel150_gpt54nano,MedLA,pna_all,pna,pt,pna_panel4_150_149,pna:2025:part_2A:113,1096,medium,E,,2,2.0,1.0,False,thesis_github/data/evals/failure_prediction/panel150_gpt54nano_delta_ci_plot_v1/panel150_gpt54nano_per_question_method_accuracy_with_difficulty.csv
main_panel150_gpt54nano,MedLA,pna_all,pna,pt,pna_panel4_150_099,pna:2025:part_2A:118,1101,hard,E,,2,0.0,0.0,False,thesis_github/data/evals/failure_prediction/panel150_gpt54nano_delta_ci_plot_v1/panel150_gpt54nano_per_question_method_accuracy_with_difficulty.csv
main_panel150_gpt54nano,MedLA,pna_all,pna,pt,pna_panel4_150_100,pna:2025:part_2A:130,1113,hard,B,,2,2.0,1.0,False,thesis_github/data/evals/failure_prediction/panel150_gpt54nano_delta_ci_plot_v1/panel150_gpt54nano_per_question_method_accuracy_with_difficulty.csv
main_panel150_gpt54nano,MedLA,pna_all,pna,pt,pna_panel4_150_050,pna:2025:part_2A:148,1130,easy,C,,2,2.0,1.0,False,thesis_github/data/evals/failure_prediction/panel150_gpt54nano_delta_ci_plot_v1/panel150_gpt54nano_per_question_method_accuracy_with_difficulty.csv
main_panel150_gpt54nano,MedLA,pna_all,pna,pt,pna_panel4_150_150,pna:2025:part_2A:85,1069,medium,C,,2,2.0,1.0,False,thesis_github/data/evals/failure_prediction/panel150_gpt54nano_delta_ci_plot_v1/panel150_gpt54nano_per_question_method_accuracy_with_difficulty.csv
main_panel150_gpt54nano,ICL-EDR,medqa_test,medqa,en,medqa_panel4_150_116,test:100,100,medium,E,"{""E"": 4}",4,4.0,1.0,True,thesis_github/data/evals/failure_prediction/panel150_gpt_family_tts_v1/gpt54nano_medium/case_memory_knn_sc_grid_ablation_v1/fused_gold2_so3_n3_ens2_judge2/per_question_medprompt_gold_judge_by_repeat.csv
main_panel150_gpt54nano,ICL-EDR,medqa_test,medqa,en,medqa_panel4_150_016,test:1000,1000,easy,C,"{""C"": 4}",4,4.0,1.0,True,thesis_github/data/evals/failure_prediction/panel150_gpt_family_tts_v1/gpt54nano_medium/case_memory_knn_sc_grid_ablation_v1/fused_gold2_so3_n3_ens2_judge2/per_question_medprompt_gold_judge_by_repeat.csv
main_panel150_gpt54nano,ICL-EDR,medqa_test,medqa,en,medqa_panel4_150_117,test:1008,1008,medium,E,"{""E"": 4}",4,4.0,1.0,True,thesis_github/data/evals/failure_prediction/panel150_gpt_family_tts_v1/gpt54nano_medium/case_memory_knn_sc_grid_ablation_v1/fused_gold2_so3_n3_ens2_judge2/per_question_medprompt_gold_judge_by_repeat.csv
main_panel150_gpt54nano,ICL-EDR,medqa_test,medqa,en,medqa_panel4_150_101,test:1010,1010,medium,C,"{""A"": 1, ""C"": 3}",4,3.0,0.75,True,thesis_github/data/evals/failure_prediction/panel150_gpt_family_tts_v1/gpt54nano_medium/case_memory_knn_sc_grid_ablation_v1/fused_gold2_so3_n3_ens2_judge2/per_question_medprompt_gold_judge_by_repeat.csv
main_panel150_gpt54nano,ICL-EDR,medqa_test,medqa,en,medqa_panel4_150_118,test:1030,1030,medium,A,"{""A"": 4}",4,4.0,1.0,True,thesis_github/data/evals/failure_prediction/panel150_gpt_family_tts_v1/gpt54nano_medium/case_memory_knn_sc_grid_ablation_v1/fused_gold2_so3_n3_ens2_judge2/per_question_medprompt_gold_judge_by_repeat.csv
main_panel150_gpt54nano,ICL-EDR,medqa_test,medqa,en,medqa_panel4_150_017,test:105,105,easy,B,"{""B"": 4}",4,4.0,1.0,True,thesis_github/data/evals/failure_prediction/panel150_gpt_family_tts_v1/gpt54nano_medium/case_memory_knn_sc_grid_ablation_v1/fused_gold2_so3_n3_ens2_judge2/per_question_medprompt_gold_judge_by_repeat.csv
main_panel150_gpt54nano,ICL-EDR,medqa_test,medqa,en,medqa_panel4_150_119,test:1054,1054,medium,A,"{""A"": 4}",4,4.0,1.0,True,thesis_github/data/evals/failure_prediction/panel150_gpt_family_tts_v1/gpt54nano_medium/case_memory_knn_sc_grid_ablation_v1/fused_gold2_so3_n3_ens2_judge2/per_question_medprompt_gold_judge_by_repeat.csv
main_panel150_gpt54nano,ICL-EDR,medqa_test,medqa,en,medqa_panel4_150_102,test:1057,1057,medium,B,"{""A"": 3, ""B"": 1}",4,1.0,0.25,True,thesis_github/data/evals/failure_prediction/panel150_gpt_family_tts_v1/gpt54nano_medium/case_memory_knn_sc_grid_ablation_v1/fused_gold2_so3_n3_ens2_judge2/per_question_medprompt_gold_judge_by_repeat.csv
main_panel150_gpt54nano,ICL-EDR,medqa_test,medqa,en,medqa_panel4_150_066,test:106,106,hard,C,"{""A"": 2, ""B"": 2}",4,0.0,0.0,True,thesis_github/data/evals/failure_prediction/panel150_gpt_family_tts_v1/gpt54nano_medium/case_memory_knn_sc_grid_ablation_v1/fused_gold2_so3_n3_ens2_judge2/per_question_medprompt_gold_judge_by_repeat.csv
main_panel150_gpt54nano,ICL-EDR,medqa_test,medqa,en,medqa_panel4_150_120,test:1074,1074,medium,C,"{""C"": 4}",4,4.0,1.0,True,thesis_github/data/evals/failure_prediction/panel150_gpt_family_tts_v1/gpt54nano_medium/case_memory_knn_sc_grid_ablation_v1/fused_gold2_so3_n3_ens2_judge2/per_question_medprompt_gold_judge_by_repeat.csv
main_panel150_gpt54nano,ICL-EDR,medqa_test,medqa,en,medqa_panel4_150_051,test:1076,1076,hard,B,"{""B"": 4}",4,4.0,1.0,True,thesis_github/data/evals/failure_prediction/panel150_gpt_family_tts_v1/gpt54nano_medium/case_memory_knn_sc_grid_ablation_v1/fused_gold2_so3_n3_ens2_judge2/per_question_medprompt_gold_judge_by_repeat.csv
main_panel150_gpt54nano,ICL-EDR,medqa_test,medqa,en,medqa_panel4_150_018,test:1083,1083,easy,A,"{""A"": 4}",4,4.0,1.0,True,thesis_github/data/evals/failure_prediction/panel150_gpt_family_tts_v1/gpt54nano_medium/case_memory_knn_sc_grid_ablation_v1/fused_gold2_so3_n3_ens2_judge2/per_question_medprompt_gold_judge_by_repeat.csv
main_panel150_gpt54nano,ICL-EDR,medqa_test,medqa,en,medqa_panel4_150_052,test:1100,1100,hard,B,"{""B"": 4}",4,4.0,1.0,True,thesis_github/data/evals/failure_prediction/panel150_gpt_family_tts_v1/gpt54nano_medium/case_memory_knn_sc_grid_ablation_v1/fused_gold2_so3_n3_ens2_judge2/per_question_medprompt_gold_judge_by_repeat.csv
main_panel150_gpt54nano,ICL-EDR,medqa_test,medqa,en,medqa_panel4_150_053,test:1106,1106,hard,C,"{""B"": 4}",4,0.0,0.0,True,thesis_github/data/evals/failure_prediction/panel150_gpt_family_tts_v1/gpt54nano_medium/case_memory_knn_sc_grid_ablation_v1/fused_gold2_so3_n3_ens2_judge2/per_question_medprompt_gold_judge_by_repeat.csv
main_panel150_gpt54nano,ICL-EDR,medqa_test,medqa,en,medqa_panel4_150_001,test:1108,1108,easy,D,"{""D"": 4}",4,4.0,1.0,True,thesis_github/data/evals/failure_prediction/panel150_gpt_family_tts_v1/gpt54nano_medium/case_memory_knn_sc_grid_ablation_v1/fused_gold2_so3_n3_ens2_judge2/per_question_medprompt_gold_judge_by_repeat.csv
main_panel150_gpt54nano,ICL-EDR,medqa_test,medqa,en,medqa_panel4_150_054,test:1135,1135,hard,E,"{""B"": 4}",4,0.0,0.0,True,thesis_github/data/evals/failure_prediction/panel150_gpt_family_tts_v1/gpt54nano_medium/case_memory_knn_sc_grid_ablation_v1/fused_gold2_so3_n3_ens2_judge2/per_question_medprompt_gold_judge_by_repeat.csv
main_panel150_gpt54nano,ICL-EDR,medqa_test,medqa,en,medqa_panel4_150_103,test:1140,1140,medium,C,"{""C"": 4}",4,4.0,1.0,True,thesis_github/data/evals/failure_prediction/panel150_gpt_family_tts_v1/gpt54nano_medium/case_memory_knn_sc_grid_ablation_v1/fused_gold2_so3_n3_ens2_judge2/per_question_medprompt_gold_judge_by_repeat.csv
main_panel150_gpt54nano,ICL-EDR,medqa_test,medqa,en,medqa_panel4_150_121,test:1149,1149,medium,B,"{""B"": 4}",4,4.0,1.0,True,thesis_github/data/evals/failure_prediction/panel150_gpt_family_tts_v1/gpt54nano_medium/case_memory_knn_sc_grid_ablation_v1/fused_gold2_so3_n3_ens2_judge2/per_question_medprompt_gold_judge_by_repeat.csv
main_panel150_gpt54nano,ICL-EDR,medqa_test,medqa,en,medqa_panel4_150_104,test:1153,1153,medium,A,"{""A"": 4}",4,4.0,1.0,True,thesis_github/data/evals/failure_prediction/panel150_gpt_family_tts_v1/gpt54nano_medium/case_memory_knn_sc_grid_ablation_v1/fused_gold2_so3_n3_ens2_judge2/per_question_medprompt_gold_judge_by_repeat.csv
main_panel150_gpt54nano,ICL-EDR,medqa_test,medqa,en,medqa_panel4_150_002,test:1155,1155,easy,E,"{""E"": 4}",4,4.0,1.0,True,thesis_github/data/evals/failure_prediction/panel150_gpt_family_tts_v1/gpt54nano_medium/case_memory_knn_sc_grid_ablation_v1/fused_gold2_so3_n3_ens2_judge2/per_question_medprompt_gold_judge_by_repeat.csv
main_panel150_gpt54nano,ICL-EDR,medqa_test,medqa,en,medqa_panel4_150_055,test:1161,1161,hard,B,"{""B"": 4}",4,4.0,1.0,True,thesis_github/data/evals/failure_prediction/panel150_gpt_family_tts_v1/gpt54nano_medium/case_memory_knn_sc_grid_ablation_v1/fused_gold2_so3_n3_ens2_judge2/per_question_medprompt_gold_judge_by_repeat.csv
main_panel150_gpt54nano,ICL-EDR,medqa_test,medqa,en,medqa_panel4_150_067,test:1164,1164,hard,A,"{""C"": 4}",4,0.0,0.0,True,thesis_github/data/evals/failure_prediction/panel150_gpt_family_tts_v1/gpt54nano_medium/case_memory_knn_sc_grid_ablation_v1/fused_gold2_so3_n3_ens2_judge2/per_question_medprompt_gold_judge_by_repeat.csv
main_panel150_gpt54nano,ICL-EDR,medqa_test,medqa,en,medqa_panel4_150_122,test:117,117,medium,D,"{""D"": 4}",4,4.0,1.0,True,thesis_github/data/evals/failure_prediction/panel150_gpt_family_tts_v1/gpt54nano_medium/case_memory_knn_sc_grid_ablation_v1/fused_gold2_so3_n3_ens2_judge2/per_question_medprompt_gold_judge_by_repeat.csv
main_panel150_gpt54nano,ICL-EDR,medqa_test,medqa,en,medqa_panel4_150_123,test:1179,1179,medium,C,"{""C"": 4}",4,4.0,1.0,True,thesis_github/data/evals/failure_prediction/panel150_gpt_family_tts_v1/gpt54nano_medium/case_memory_knn_sc_grid_ablation_v1/fused_gold2_so3_n3_ens2_judge2/per_question_medprompt_gold_judge_by_repeat.csv
main_panel150_gpt54nano,ICL-EDR,medqa_test,medqa,en,medqa_panel4_150_003,test:1182,1182,easy,A,"{""A"": 4}",4,4.0,1.0,True,thesis_github/data/evals/failure_prediction/panel150_gpt_family_tts_v1/gpt54nano_medium/case_memory_knn_sc_grid_ablation_v1/fused_gold2_so3_n3_ens2_judge2/per_question_medprompt_gold_judge_by_repeat.csv
main_panel150_gpt54nano,ICL-EDR,medqa_test,medqa,en,medqa_panel4_150_004,test:1194,1194,easy,E,"{""E"": 4}",4,4.0,1.0,True,thesis_github/data/evals/failure_prediction/panel150_gpt_family_tts_v1/gpt54nano_medium/case_memory_knn_sc_grid_ablation_v1/fused_gold2_so3_n3_ens2_judge2/per_question_medprompt_gold_judge_by_repeat.csv
main_panel150_gpt54nano,ICL-EDR,medqa_test,medqa,en,medqa_panel4_150_124,test:1203,1203,medium,C,"{""C"": 4}",4,4.0,1.0,True,thesis_github/data/evals/failure_prediction/panel150_gpt_family_tts_v1/gpt54nano_medium/case_memory_knn_sc_grid_ablation_v1/fused_gold2_so3_n3_ens2_judge2/per_question_medprompt_gold_judge_by_repeat.csv
main_panel150_gpt54nano,ICL-EDR,medqa_test,medqa,en,medqa_panel4_150_005,test:1207,1207,easy,B,"{""B"": 4}",4,4.0,1.0,True,thesis_github/data/evals/failure_prediction/panel150_gpt_family_tts_v1/gpt54nano_medium/case_memory_knn_sc_grid_ablation_v1/fused_gold2_so3_n3_ens2_judge2/per_question_medprompt_gold_judge_by_repeat.csv
main_panel150_gpt54nano,ICL-EDR,medqa_test,medqa,en,medqa_panel4_150_056,test:1220,1220,hard,A,"{""A"": 3, ""B"": 1}",4,3.0,0.75,True,thesis_github/data/evals/failure_prediction/panel150_gpt_family_tts_v1/gpt54nano_medium/case_memory_knn_sc_grid_ablation_v1/fused_gold2_so3_n3_ens2_judge2/per_question_medprompt_gold_judge_by_repeat.csv
main_panel150_gpt54nano,ICL-EDR,medqa_test,medqa,en,medqa_panel4_150_068,test:1233,1233,hard,B,"{""A"": 4}",4,0.0,0.0,True,thesis_github/data/evals/failure_prediction/panel150_gpt_family_tts_v1/gpt54nano_medium/case_memory_knn_sc_grid_ablation_v1/fused_gold2_so3_n3_ens2_judge2/per_question_medprompt_gold_judge_by_repeat.csv
main_panel150_gpt54nano,ICL-EDR,medqa_test,medqa,en,medqa_panel4_150_019,test:1259,1259,easy,C,"{""C"": 4}",4,4.0,1.0,True,thesis_github/data/evals/failure_prediction/panel150_gpt_family_tts_v1/gpt54nano_medium/case_memory_knn_sc_grid_ablation_v1/fused_gold2_so3_n3_ens2_judge2/per_question_medprompt_gold_judge_by_repeat.csv
main_panel150_gpt54nano,ICL-EDR,medqa_test,medqa,en,medqa_panel4_150_020,test:1264,1264,easy,B,"{""B"": 4}",4,4.0,1.0,True,thesis_github/data/evals/failure_prediction/panel150_gpt_family_tts_v1/gpt54nano_medium/case_memory_knn_sc_grid_ablation_v1/fused_gold2_so3_n3_ens2_judge2/per_question_medprompt_gold_judge_by_repeat.csv
main_panel150_gpt54nano,ICL-EDR,medqa_test,medqa,en,medqa_panel4_150_069,test:1269,1269,hard,E,"{""E"": 4}",4,4.0,1.0,True,thesis_github/data/evals/failure_prediction/panel150_gpt_family_tts_v1/gpt54nano_medium/case_memory_knn_sc_grid_ablation_v1/fused_gold2_so3_n3_ens2_judge2/per_question_medprompt_gold_judge_by_repeat.csv
main_panel150_gpt54nano,ICL-EDR,medqa_test,medqa,en,medqa_panel4_150_070,test:1270,1270,hard,C,"{""B"": 4}",4,0.0,0.0,True,thesis_github/data/evals/failure_prediction/panel150_gpt_family_tts_v1/gpt54nano_medium/case_memory_knn_sc_grid_ablation_v1/fused_gold2_so3_n3_ens2_judge2/per_question_medprompt_gold_judge_by_repeat.csv
main_panel150_gpt54nano,ICL-EDR,medqa_test,medqa,en,medqa_panel4_150_021,test:1271,1271,easy,C,"{""C"": 4}",4,4.0,1.0,True,thesis_github/data/evals/failure_prediction/panel150_gpt_family_tts_v1/gpt54nano_medium/case_memory_knn_sc_grid_ablation_v1/fused_gold2_so3_n3_ens2_judge2/per_question_medprompt_gold_judge_by_repeat.csv
main_panel150_gpt54nano,ICL-EDR,medqa_test,medqa,en,medqa_panel4_150_071,test:128,128,hard,A,"{""A"": 2, ""C"": 1, ""E"": 1}",4,2.0,0.5,True,thesis_github/data/evals/failure_prediction/panel150_gpt_family_tts_v1/gpt54nano_medium/case_memory_knn_sc_grid_ablation_v1/fused_gold2_so3_n3_ens2_judge2/per_question_medprompt_gold_judge_by_repeat.csv
main_panel150_gpt54nano,ICL-EDR,medqa_test,medqa,en,medqa_panel4_150_022,test:133,133,easy,B,"{""B"": 4}",4,4.0,1.0,True,thesis_github/data/evals/failure_prediction/panel150_gpt_family_tts_v1/gpt54nano_medium/case_memory_knn_sc_grid_ablation_v1/fused_gold2_so3_n3_ens2_judge2/per_question_medprompt_gold_judge_by_repeat.csv
main_panel150_gpt54nano,ICL-EDR,medqa_test,medqa,en,medqa_panel4_150_006,test:140,140,easy,D,"{""D"": 4}",4,4.0,1.0,True,thesis_github/data/evals/failure_prediction/panel150_gpt_family_tts_v1/gpt54nano_medium/case_memory_knn_sc_grid_ablation_v1/fused_gold2_so3_n3_ens2_judge2/per_question_medprompt_gold_judge_by_repeat.csv
main_panel150_gpt54nano,ICL-EDR,medqa_test,medqa,en,medqa_panel4_150_023,test:144,144,easy,D,"{""D"": 4}",4,4.0,1.0,True,thesis_github/data/evals/failure_prediction/panel150_gpt_family_tts_v1/gpt54nano_medium/case_memory_knn_sc_grid_ablation_v1/fused_gold2_so3_n3_ens2_judge2/per_question_medprompt_gold_judge_by_repeat.csv
main_panel150_gpt54nano,ICL-EDR,medqa_test,medqa,en,medqa_panel4_150_072,test:15,15,hard,B,"{""B"": 1, ""D"": 3}",4,1.0,0.25,True,thesis_github/data/evals/failure_prediction/panel150_gpt_family_tts_v1/gpt54nano_medium/case_memory_knn_sc_grid_ablation_v1/fused_gold2_so3_n3_ens2_judge2/per_question_medprompt_gold_judge_by_repeat.csv
main_panel150_gpt54nano,ICL-EDR,medqa_test,medqa,en,medqa_panel4_150_073,test:155,155,hard,E,"{""E"": 4}",4,4.0,1.0,True,thesis_github/data/evals/failure_prediction/panel150_gpt_family_tts_v1/gpt54nano_medium/case_memory_knn_sc_grid_ablation_v1/fused_gold2_so3_n3_ens2_judge2/per_question_medprompt_gold_judge_by_repeat.csv
main_panel150_gpt54nano,ICL-EDR,medqa_test,medqa,en,medqa_panel4_150_024,test:161,161,easy,B,"{""B"": 4}",4,4.0,1.0,True,thesis_github/data/evals/failure_prediction/panel150_gpt_family_tts_v1/gpt54nano_medium/case_memory_knn_sc_grid_ablation_v1/fused_gold2_so3_n3_ens2_judge2/per_question_medprompt_gold_judge_by_repeat.csv
main_panel150_gpt54nano,ICL-EDR,medqa_test,medqa,en,medqa_panel4_150_025,test:170,170,easy,C,"{""C"": 4}",4,4.0,1.0,True,thesis_github/data/evals/failure_prediction/panel150_gpt_family_tts_v1/gpt54nano_medium/case_memory_knn_sc_grid_ablation_v1/fused_gold2_so3_n3_ens2_judge2/per_question_medprompt_gold_judge_by_repeat.csv
main_panel150_gpt54nano,ICL-EDR,medqa_test,medqa,en,medqa_panel4_150_125,test:171,171,medium,D,"{""D"": 4}",4,4.0,1.0,True,thesis_github/data/evals/failure_prediction/panel150_gpt_family_tts_v1/gpt54nano_medium/case_memory_knn_sc_grid_ablation_v1/fused_gold2_so3_n3_ens2_judge2/per_question_medprompt_gold_judge_by_repeat.csv
main_panel150_gpt54nano,ICL-EDR,medqa_test,medqa,en,medqa_panel4_150_126,test:185,185,medium,D,"{""D"": 4}",4,4.0,1.0,True,thesis_github/data/evals/failure_prediction/panel150_gpt_family_tts_v1/gpt54nano_medium/case_memory_knn_sc_grid_ablation_v1/fused_gold2_so3_n3_ens2_judge2/per_question_medprompt_gold_judge_by_repeat.csv
main_panel150_gpt54nano,ICL-EDR,medqa_test,medqa,en,medqa_panel4_150_074,test:19,19,hard,E,"{""C"": 4}",4,0.0,0.0,True,thesis_github/data/evals/failure_prediction/panel150_gpt_family_tts_v1/gpt54nano_medium/case_memory_knn_sc_grid_ablation_v1/fused_gold2_so3_n3_ens2_judge2/per_question_medprompt_gold_judge_by_repeat.csv
main_panel150_gpt54nano,ICL-EDR,medqa_test,medqa,en,medqa_panel4_150_026,test:192,192,easy,E,"{""E"": 4}",4,4.0,1.0,True,thesis_github/data/evals/failure_prediction/panel150_gpt_family_tts_v1/gpt54nano_medium/case_memory_knn_sc_grid_ablation_v1/fused_gold2_so3_n3_ens2_judge2/per_question_medprompt_gold_judge_by_repeat.csv
main_panel150_gpt54nano,ICL-EDR,medqa_test,medqa,en,medqa_panel4_150_105,test:196,196,medium,A,"{""B"": 4}",4,0.0,0.0,True,thesis_github/data/evals/failure_prediction/panel150_gpt_family_tts_v1/gpt54nano_medium/case_memory_knn_sc_grid_ablation_v1/fused_gold2_so3_n3_ens2_judge2/per_question_medprompt_gold_judge_by_repeat.csv
main_panel150_gpt54nano,ICL-EDR,medqa_test,medqa,en,medqa_panel4_150_106,test:198,198,medium,E,"{""E"": 4}",4,4.0,1.0,True,thesis_github/data/evals/failure_prediction/panel150_gpt_family_tts_v1/gpt54nano_medium/case_memory_knn_sc_grid_ablation_v1/fused_gold2_so3_n3_ens2_judge2/per_question_medprompt_gold_judge_by_repeat.csv
main_panel150_gpt54nano,ICL-EDR,medqa_test,medqa,en,medqa_panel4_150_027,test:2,2,easy,C,"{""C"": 4}",4,4.0,1.0,True,thesis_github/data/evals/failure_prediction/panel150_gpt_family_tts_v1/gpt54nano_medium/case_memory_knn_sc_grid_ablation_v1/fused_gold2_so3_n3_ens2_judge2/per_question_medprompt_gold_judge_by_repeat.csv
main_panel150_gpt54nano,ICL-EDR,medqa_test,medqa,en,medqa_panel4_150_107,test:204,204,medium,C,"{""C"": 4}",4,4.0,1.0,True,thesis_github/data/evals/failure_prediction/panel150_gpt_family_tts_v1/gpt54nano_medium/case_memory_knn_sc_grid_ablation_v1/fused_gold2_so3_n3_ens2_judge2/per_question_medprompt_gold_judge_by_repeat.csv
main_panel150_gpt54nano,ICL-EDR,medqa_test,medqa,en,medqa_panel4_150_075,test:211,211,hard,B,"{""D"": 4}",4,0.0,0.0,True,thesis_github/data/evals/failure_prediction/panel150_gpt_family_tts_v1/gpt54nano_medium/case_memory_knn_sc_grid_ablation_v1/fused_gold2_so3_n3_ens2_judge2/per_question_medprompt_gold_judge_by_repeat.csv
main_panel150_gpt54nano,ICL-EDR,medqa_test,medqa,en,medqa_panel4_150_028,test:232,232,easy,D,"{""D"": 4}",4,4.0,1.0,True,thesis_github/data/evals/failure_prediction/panel150_gpt_family_tts_v1/gpt54nano_medium/case_memory_knn_sc_grid_ablation_v1/fused_gold2_so3_n3_ens2_judge2/per_question_medprompt_gold_judge_by_repeat.csv
main_panel150_gpt54nano,ICL-EDR,medqa_test,medqa,en,medqa_panel4_150_127,test:241,241,medium,B,"{""B"": 4}",4,4.0,1.0,True,thesis_github/data/evals/failure_prediction/panel150_gpt_family_tts_v1/gpt54nano_medium/case_memory_knn_sc_grid_ablation_v1/fused_gold2_so3_n3_ens2_judge2/per_question_medprompt_gold_judge_by_repeat.csv
main_panel150_gpt54nano,ICL-EDR,medqa_test,medqa,en,medqa_panel4_150_076,test:250,250,hard,A,"{""D"": 4}",4,0.0,0.0,True,thesis_github/data/evals/failure_prediction/panel150_gpt_family_tts_v1/gpt54nano_medium/case_memory_knn_sc_grid_ablation_v1/fused_gold2_so3_n3_ens2_judge2/per_question_medprompt_gold_judge_by_repeat.csv
main_panel150_gpt54nano,ICL-EDR,medqa_test,medqa,en,medqa_panel4_150_029,test:260,260,easy,C,"{""C"": 4}",4,4.0,1.0,True,thesis_github/data/evals/failure_prediction/panel150_gpt_family_tts_v1/gpt54nano_medium/case_memory_knn_sc_grid_ablation_v1/fused_gold2_so3_n3_ens2_judge2/per_question_medprompt_gold_judge_by_repeat.csv
main_panel150_gpt54nano,ICL-EDR,medqa_test,medqa,en,medqa_panel4_150_030,test:261,261,easy,C,"{""C"": 4}",4,4.0,1.0,True,thesis_github/data/evals/failure_prediction/panel150_gpt_family_tts_v1/gpt54nano_medium/case_memory_knn_sc_grid_ablation_v1/fused_gold2_so3_n3_ens2_judge2/per_question_medprompt_gold_judge_by_repeat.csv
main_panel150_gpt54nano,ICL-EDR,medqa_test,medqa,en,medqa_panel4_150_077,test:271,271,hard,B,"{""D"": 2, ""E"": 2}",4,0.0,0.0,True,thesis_github/data/evals/failure_prediction/panel150_gpt_family_tts_v1/gpt54nano_medium/case_memory_knn_sc_grid_ablation_v1/fused_gold2_so3_n3_ens2_judge2/per_question_medprompt_gold_judge_by_repeat.csv
main_panel150_gpt54nano,ICL-EDR,medqa_test,medqa,en,medqa_panel4_150_031,test:279,279,easy,B,"{""B"": 4}",4,4.0,1.0,True,thesis_github/data/evals/failure_prediction/panel150_gpt_family_tts_v1/gpt54nano_medium/case_memory_knn_sc_grid_ablation_v1/fused_gold2_so3_n3_ens2_judge2/per_question_medprompt_gold_judge_by_repeat.csv
main_panel150_gpt54nano,ICL-EDR,medqa_test,medqa,en,medqa_panel4_150_078,test:285,285,hard,D,"{""E"": 4}",4,0.0,0.0,True,thesis_github/data/evals/failure_prediction/panel150_gpt_family_tts_v1/gpt54nano_medium/case_memory_knn_sc_grid_ablation_v1/fused_gold2_so3_n3_ens2_judge2/per_question_medprompt_gold_judge_by_repeat.csv
main_panel150_gpt54nano,ICL-EDR,medqa_test,medqa,en,medqa_panel4_150_079,test:29,29,hard,D,"{""A"": 4}",4,0.0,0.0,True,thesis_github/data/evals/failure_prediction/panel150_gpt_family_tts_v1/gpt54nano_medium/case_memory_knn_sc_grid_ablation_v1/fused_gold2_so3_n3_ens2_judge2/per_question_medprompt_gold_judge_by_repeat.csv
main_panel150_gpt54nano,ICL-EDR,medqa_test,medqa,en,medqa_panel4_150_032,test:316,316,easy,A,"{""A"": 4}",4,4.0,1.0,True,thesis_github/data/evals/failure_prediction/panel150_gpt_family_tts_v1/gpt54nano_medium/case_memory_knn_sc_grid_ablation_v1/fused_gold2_so3_n3_ens2_judge2/per_question_medprompt_gold_judge_by_repeat.csv
main_panel150_gpt54nano,ICL-EDR,medqa_test,medqa,en,medqa_panel4_150_128,test:326,326,medium,B,"{""B"": 4}",4,4.0,1.0,True,thesis_github/data/evals/failure_prediction/panel150_gpt_family_tts_v1/gpt54nano_medium/case_memory_knn_sc_grid_ablation_v1/fused_gold2_so3_n3_ens2_judge2/per_question_medprompt_gold_judge_by_repeat.csv
main_panel150_gpt54nano,ICL-EDR,medqa_test,medqa,en,medqa_panel4_150_080,test:337,337,hard,C,"{""E"": 4}",4,0.0,0.0,True,thesis_github/data/evals/failure_prediction/panel150_gpt_family_tts_v1/gpt54nano_medium/case_memory_knn_sc_grid_ablation_v1/fused_gold2_so3_n3_ens2_judge2/per_question_medprompt_gold_judge_by_repeat.csv
main_panel150_gpt54nano,ICL-EDR,medqa_test,medqa,en,medqa_panel4_150_129,test:345,345,medium,C,"{""C"": 4}",4,4.0,1.0,True,thesis_github/data/evals/failure_prediction/panel150_gpt_family_tts_v1/gpt54nano_medium/case_memory_knn_sc_grid_ablation_v1/fused_gold2_so3_n3_ens2_judge2/per_question_medprompt_gold_judge_by_repeat.csv
main_panel150_gpt54nano,ICL-EDR,medqa_test,medqa,en,medqa_panel4_150_007,test:356,356,easy,A,"{""A"": 4}",4,4.0,1.0,True,thesis_github/data/evals/failure_prediction/panel150_gpt_family_tts_v1/gpt54nano_medium/case_memory_knn_sc_grid_ablation_v1/fused_gold2_so3_n3_ens2_judge2/per_question_medprompt_gold_judge_by_repeat.csv
main_panel150_gpt54nano,ICL-EDR,medqa_test,medqa,en,medqa_panel4_150_130,test:358,358,medium,B,"{""B"": 4}",4,4.0,1.0,True,thesis_github/data/evals/failure_prediction/panel150_gpt_family_tts_v1/gpt54nano_medium/case_memory_knn_sc_grid_ablation_v1/fused_gold2_so3_n3_ens2_judge2/per_question_medprompt_gold_judge_by_repeat.csv
main_panel150_gpt54nano,ICL-EDR,medqa_test,medqa,en,medqa_panel4_150_108,test:36,36,medium,E,"{""E"": 4}",4,4.0,1.0,True,thesis_github/data/evals/failure_prediction/panel150_gpt_family_tts_v1/gpt54nano_medium/case_memory_knn_sc_grid_ablation_v1/fused_gold2_so3_n3_ens2_judge2/per_question_medprompt_gold_judge_by_repeat.csv
main_panel150_gpt54nano,ICL-EDR,medqa_test,medqa,en,medqa_panel4_150_131,test:372,372,medium,E,"{""E"": 4}",4,4.0,1.0,True,thesis_github/data/evals/failure_prediction/panel150_gpt_family_tts_v1/gpt54nano_medium/case_memory_knn_sc_grid_ablation_v1/fused_gold2_so3_n3_ens2_judge2/per_question_medprompt_gold_judge_by_repeat.csv
main_panel150_gpt54nano,ICL-EDR,medqa_test,medqa,en,medqa_panel4_150_033,test:374,374,easy,D,"{""D"": 4}",4,4.0,1.0,True,thesis_github/data/evals/failure_prediction/panel150_gpt_family_tts_v1/gpt54nano_medium/case_memory_knn_sc_grid_ablation_v1/fused_gold2_so3_n3_ens2_judge2/per_question_medprompt_gold_judge_by_repeat.csv
main_panel150_gpt54nano,ICL-EDR,medqa_test,medqa,en,medqa_panel4_150_034,test:387,387,easy,B,"{""B"": 4}",4,4.0,1.0,True,thesis_github/data/evals/failure_prediction/panel150_gpt_family_tts_v1/gpt54nano_medium/case_memory_knn_sc_grid_ablation_v1/fused_gold2_so3_n3_ens2_judge2/per_question_medprompt_gold_judge_by_repeat.csv
main_panel150_gpt54nano,ICL-EDR,medqa_test,medqa,en,medqa_panel4_150_008,test:400,400,easy,B,"{""B"": 4}",4,4.0,1.0,True,thesis_github/data/evals/failure_prediction/panel150_gpt_family_tts_v1/gpt54nano_medium/case_memory_knn_sc_grid_ablation_v1/fused_gold2_so3_n3_ens2_judge2/per_question_medprompt_gold_judge_by_repeat.csv
main_panel150_gpt54nano,ICL-EDR,medqa_test,medqa,en,medqa_panel4_150_132,test:401,401,medium,C,"{""A"": 3, ""C"": 1}",4,1.0,0.25,True,thesis_github/data/evals/failure_prediction/panel150_gpt_family_tts_v1/gpt54nano_medium/case_memory_knn_sc_grid_ablation_v1/fused_gold2_so3_n3_ens2_judge2/per_question_medprompt_gold_judge_by_repeat.csv
main_panel150_gpt54nano,ICL-EDR,medqa_test,medqa,en,medqa_panel4_150_081,test:413,413,hard,B,"{""B"": 4}",4,4.0,1.0,True,thesis_github/data/evals/failure_prediction/panel150_gpt_family_tts_v1/gpt54nano_medium/case_memory_knn_sc_grid_ablation_v1/fused_gold2_so3_n3_ens2_judge2/per_question_medprompt_gold_judge_by_repeat.csv
main_panel150_gpt54nano,ICL-EDR,medqa_test,medqa,en,medqa_panel4_150_133,test:42,42,medium,A,"{""A"": 4}",4,4.0,1.0,True,thesis_github/data/evals/failure_prediction/panel150_gpt_family_tts_v1/gpt54nano_medium/case_memory_knn_sc_grid_ablation_v1/fused_gold2_so3_n3_ens2_judge2/per_question_medprompt_gold_judge_by_repeat.csv
main_panel150_gpt54nano,ICL-EDR,medqa_test,medqa,en,medqa_panel4_150_134,test:422,422,medium,A,"{""A"": 4}",4,4.0,1.0,True,thesis_github/data/evals/failure_prediction/panel150_gpt_family_tts_v1/gpt54nano_medium/case_memory_knn_sc_grid_ablation_v1/fused_gold2_so3_n3_ens2_judge2/per_question_medprompt_gold_judge_by_repeat.csv
main_panel150_gpt54nano,ICL-EDR,medqa_test,medqa,en,medqa_panel4_150_082,test:423,423,hard,E,"{""B"": 4}",4,0.0,0.0,True,thesis_github/data/evals/failure_prediction/panel150_gpt_family_tts_v1/gpt54nano_medium/case_memory_knn_sc_grid_ablation_v1/fused_gold2_so3_n3_ens2_judge2/per_question_medprompt_gold_judge_by_repeat.csv
main_panel150_gpt54nano,ICL-EDR,medqa_test,medqa,en,medqa_panel4_150_109,test:425,425,medium,C,"{""D"": 4}",4,0.0,0.0,True,thesis_github/data/evals/failure_prediction/panel150_gpt_family_tts_v1/gpt54nano_medium/case_memory_knn_sc_grid_ablation_v1/fused_gold2_so3_n3_ens2_judge2/per_question_medprompt_gold_judge_by_repeat.csv
main_panel150_gpt54nano,ICL-EDR,medqa_test,medqa,en,medqa_panel4_150_009,test:436,436,easy,C,"{""C"": 4}",4,4.0,1.0,True,thesis_github/data/evals/failure_prediction/panel150_gpt_family_tts_v1/gpt54nano_medium/case_memory_knn_sc_grid_ablation_v1/fused_gold2_so3_n3_ens2_judge2/per_question_medprompt_gold_judge_by_repeat.csv
main_panel150_gpt54nano,ICL-EDR,medqa_test,medqa,en,medqa_panel4_150_083,test:44,44,hard,B,"{""B"": 4}",4,4.0,1.0,True,thesis_github/data/evals/failure_prediction/panel150_gpt_family_tts_v1/gpt54nano_medium/case_memory_knn_sc_grid_ablation_v1/fused_gold2_so3_n3_ens2_judge2/per_question_medprompt_gold_judge_by_repeat.csv
main_panel150_gpt54nano,ICL-EDR,medqa_test,medqa,en,medqa_panel4_150_010,test:451,451,easy,E,"{""E"": 4}",4,4.0,1.0,True,thesis_github/data/evals/failure_prediction/panel150_gpt_family_tts_v1/gpt54nano_medium/case_memory_knn_sc_grid_ablation_v1/fused_gold2_so3_n3_ens2_judge2/per_question_medprompt_gold_judge_by_repeat.csv
main_panel150_gpt54nano,ICL-EDR,medqa_test,medqa,en,medqa_panel4_150_057,test:452,452,hard,C,"{""B"": 2, ""C"": 2}",4,2.0,0.5,True,thesis_github/data/evals/failure_prediction/panel150_gpt_family_tts_v1/gpt54nano_medium/case_memory_knn_sc_grid_ablation_v1/fused_gold2_so3_n3_ens2_judge2/per_question_medprompt_gold_judge_by_repeat.csv
main_panel150_gpt54nano,ICL-EDR,medqa_test,medqa,en,medqa_panel4_150_135,test:460,460,medium,A,"{""A"": 4}",4,4.0,1.0,True,thesis_github/data/evals/failure_prediction/panel150_gpt_family_tts_v1/gpt54nano_medium/case_memory_knn_sc_grid_ablation_v1/fused_gold2_so3_n3_ens2_judge2/per_question_medprompt_gold_judge_by_repeat.csv
main_panel150_gpt54nano,ICL-EDR,medqa_test,medqa,en,medqa_panel4_150_084,test:461,461,hard,D,"{""D"": 4}",4,4.0,1.0,True,thesis_github/data/evals/failure_prediction/panel150_gpt_family_tts_v1/gpt54nano_medium/case_memory_knn_sc_grid_ablation_v1/fused_gold2_so3_n3_ens2_judge2/per_question_medprompt_gold_judge_by_repeat.csv
main_panel150_gpt54nano,ICL-EDR,medqa_test,medqa,en,medqa_panel4_150_136,test:471,471,medium,D,"{""C"": 1, ""D"": 3}",4,3.0,0.75,True,thesis_github/data/evals/failure_prediction/panel150_gpt_family_tts_v1/gpt54nano_medium/case_memory_knn_sc_grid_ablation_v1/fused_gold2_so3_n3_ens2_judge2/per_question_medprompt_gold_judge_by_repeat.csv
main_panel150_gpt54nano,ICL-EDR,medqa_test,medqa,en,medqa_panel4_150_058,test:480,480,hard,B,"{""B"": 4}",4,4.0,1.0,True,thesis_github/data/evals/failure_prediction/panel150_gpt_family_tts_v1/gpt54nano_medium/case_memory_knn_sc_grid_ablation_v1/fused_gold2_so3_n3_ens2_judge2/per_question_medprompt_gold_judge_by_repeat.csv
main_panel150_gpt54nano,ICL-EDR,medqa_test,medqa,en,medqa_panel4_150_085,test:483,483,hard,D,"{""B"": 2, ""C"": 2}",4,0.0,0.0,True,thesis_github/data/evals/failure_prediction/panel150_gpt_family_tts_v1/gpt54nano_medium/case_memory_knn_sc_grid_ablation_v1/fused_gold2_so3_n3_ens2_judge2/per_question_medprompt_gold_judge_by_repeat.csv
main_panel150_gpt54nano,ICL-EDR,medqa_test,medqa,en,medqa_panel4_150_137,test:486,486,medium,C,"{""C"": 4}",4,4.0,1.0,True,thesis_github/data/evals/failure_prediction/panel150_gpt_family_tts_v1/gpt54nano_medium/case_memory_knn_sc_grid_ablation_v1/fused_gold2_so3_n3_ens2_judge2/per_question_medprompt_gold_judge_by_repeat.csv
main_panel150_gpt54nano,ICL-EDR,medqa_test,medqa,en,medqa_panel4_150_011,test:488,488,easy,A,"{""A"": 4}",4,4.0,1.0,True,thesis_github/data/evals/failure_prediction/panel150_gpt_family_tts_v1/gpt54nano_medium/case_memory_knn_sc_grid_ablation_v1/fused_gold2_so3_n3_ens2_judge2/per_question_medprompt_gold_judge_by_repeat.csv
main_panel150_gpt54nano,ICL-EDR,medqa_test,medqa,en,medqa_panel4_150_086,test:5,5,hard,E,"{""C"": 4}",4,0.0,0.0,True,thesis_github/data/evals/failure_prediction/panel150_gpt_family_tts_v1/gpt54nano_medium/case_memory_knn_sc_grid_ablation_v1/fused_gold2_so3_n3_ens2_judge2/per_question_medprompt_gold_judge_by_repeat.csv
main_panel150_gpt54nano,ICL-EDR,medqa_test,medqa,en,medqa_panel4_150_035,test:504,504,easy,C,"{""C"": 4}",4,4.0,1.0,True,thesis_github/data/evals/failure_prediction/panel150_gpt_family_tts_v1/gpt54nano_medium/case_memory_knn_sc_grid_ablation_v1/fused_gold2_so3_n3_ens2_judge2/per_question_medprompt_gold_judge_by_repeat.csv
main_panel150_gpt54nano,ICL-EDR,medqa_test,medqa,en,medqa_panel4_150_036,test:51,51,easy,A,"{""A"": 4}",4,4.0,1.0,True,thesis_github/data/evals/failure_prediction/panel150_gpt_family_tts_v1/gpt54nano_medium/case_memory_knn_sc_grid_ablation_v1/fused_gold2_so3_n3_ens2_judge2/per_question_medprompt_gold_judge_by_repeat.csv
main_panel150_gpt54nano,ICL-EDR,medqa_test,medqa,en,medqa_panel4_150_087,test:514,514,hard,B,"{""D"": 4}",4,0.0,0.0,True,thesis_github/data/evals/failure_prediction/panel150_gpt_family_tts_v1/gpt54nano_medium/case_memory_knn_sc_grid_ablation_v1/fused_gold2_so3_n3_ens2_judge2/per_question_medprompt_gold_judge_by_repeat.csv
main_panel150_gpt54nano,ICL-EDR,medqa_test,medqa,en,medqa_panel4_150_110,test:524,524,medium,B,"{""B"": 4}",4,4.0,1.0,True,thesis_github/data/evals/failure_prediction/panel150_gpt_family_tts_v1/gpt54nano_medium/case_memory_knn_sc_grid_ablation_v1/fused_gold2_so3_n3_ens2_judge2/per_question_medprompt_gold_judge_by_repeat.csv
main_panel150_gpt54nano,ICL-EDR,medqa_test,medqa,en,medqa_panel4_150_037,test:528,528,easy,D,"{""D"": 4}",4,4.0,1.0,True,thesis_github/data/evals/failure_prediction/panel150_gpt_family_tts_v1/gpt54nano_medium/case_memory_knn_sc_grid_ablation_v1/fused_gold2_so3_n3_ens2_judge2/per_question_medprompt_gold_judge_by_repeat.csv
main_panel150_gpt54nano,ICL-EDR,medqa_test,medqa,en,medqa_panel4_150_138,test:550,550,medium,A,"{""A"": 4}",4,4.0,1.0,True,thesis_github/data/evals/failure_prediction/panel150_gpt_family_tts_v1/gpt54nano_medium/case_memory_knn_sc_grid_ablation_v1/fused_gold2_so3_n3_ens2_judge2/per_question_medprompt_gold_judge_by_repeat.csv
main_panel150_gpt54nano,ICL-EDR,medqa_test,medqa,en,medqa_panel4_150_059,test:564,564,hard,A,"{""B"": 4}",4,0.0,0.0,True,thesis_github/data/evals/failure_prediction/panel150_gpt_family_tts_v1/gpt54nano_medium/case_memory_knn_sc_grid_ablation_v1/fused_gold2_so3_n3_ens2_judge2/per_question_medprompt_gold_judge_by_repeat.csv
main_panel150_gpt54nano,ICL-EDR,medqa_test,medqa,en,medqa_panel4_150_038,test:578,578,easy,B,"{""B"": 4}",4,4.0,1.0,True,thesis_github/data/evals/failure_prediction/panel150_gpt_family_tts_v1/gpt54nano_medium/case_memory_knn_sc_grid_ablation_v1/fused_gold2_so3_n3_ens2_judge2/per_question_medprompt_gold_judge_by_repeat.csv
main_panel150_gpt54nano,ICL-EDR,medqa_test,medqa,en,medqa_panel4_150_139,test:581,581,medium,D,"{""D"": 4}",4,4.0,1.0,True,thesis_github/data/evals/failure_prediction/panel150_gpt_family_tts_v1/gpt54nano_medium/case_memory_knn_sc_grid_ablation_v1/fused_gold2_so3_n3_ens2_judge2/per_question_medprompt_gold_judge_by_repeat.csv
main_panel150_gpt54nano,ICL-EDR,medqa_test,medqa,en,medqa_panel4_150_060,test:583,583,hard,E,"{""C"": 4}",4,0.0,0.0,True,thesis_github/data/evals/failure_prediction/panel150_gpt_family_tts_v1/gpt54nano_medium/case_memory_knn_sc_grid_ablation_v1/fused_gold2_so3_n3_ens2_judge2/per_question_medprompt_gold_judge_by_repeat.csv
main_panel150_gpt54nano,ICL-EDR,medqa_test,medqa,en,medqa_panel4_150_088,test:587,587,hard,E,"{""C"": 1, ""D"": 3}",4,0.0,0.0,True,thesis_github/data/evals/failure_prediction/panel150_gpt_family_tts_v1/gpt54nano_medium/case_memory_knn_sc_grid_ablation_v1/fused_gold2_so3_n3_ens2_judge2/per_question_medprompt_gold_judge_by_repeat.csv
main_panel150_gpt54nano,ICL-EDR,medqa_test,medqa,en,medqa_panel4_150_140,test:594,594,medium,D,"{""D"": 4}",4,4.0,1.0,True,thesis_github/data/evals/failure_prediction/panel150_gpt_family_tts_v1/gpt54nano_medium/case_memory_knn_sc_grid_ablation_v1/fused_gold2_so3_n3_ens2_judge2/per_question_medprompt_gold_judge_by_repeat.csv
main_panel150_gpt54nano,ICL-EDR,medqa_test,medqa,en,medqa_panel4_150_089,test:616,616,hard,E,"{""E"": 4}",4,4.0,1.0,True,thesis_github/data/evals/failure_prediction/panel150_gpt_family_tts_v1/gpt54nano_medium/case_memory_knn_sc_grid_ablation_v1/fused_gold2_so3_n3_ens2_judge2/per_question_medprompt_gold_judge_by_repeat.csv
main_panel150_gpt54nano,ICL-EDR,medqa_test,medqa,en,medqa_panel4_150_039,test:628,628,easy,C,"{""C"": 4}",4,4.0,1.0,True,thesis_github/data/evals/failure_prediction/panel150_gpt_family_tts_v1/gpt54nano_medium/case_memory_knn_sc_grid_ablation_v1/fused_gold2_so3_n3_ens2_judge2/per_question_medprompt_gold_judge_by_repeat.csv
main_panel150_gpt54nano,ICL-EDR,medqa_test,medqa,en,medqa_panel4_150_090,test:634,634,hard,A,"{""A"": 4}",4,4.0,1.0,True,thesis_github/data/evals/failure_prediction/panel150_gpt_family_tts_v1/gpt54nano_medium/case_memory_knn_sc_grid_ablation_v1/fused_gold2_so3_n3_ens2_judge2/per_question_medprompt_gold_judge_by_repeat.csv
main_panel150_gpt54nano,ICL-EDR,medqa_test,medqa,en,medqa_panel4_150_061,test:64,64,hard,A,"{""A"": 3, ""C"": 1}",4,3.0,0.75,True,thesis_github/data/evals/failure_prediction/panel150_gpt_family_tts_v1/gpt54nano_medium/case_memory_knn_sc_grid_ablation_v1/fused_gold2_so3_n3_ens2_judge2/per_question_medprompt_gold_judge_by_repeat.csv
main_panel150_gpt54nano,ICL-EDR,medqa_test,medqa,en,medqa_panel4_150_141,test:652,652,medium,D,"{""D"": 4}",4,4.0,1.0,True,thesis_github/data/evals/failure_prediction/panel150_gpt_family_tts_v1/gpt54nano_medium/case_memory_knn_sc_grid_ablation_v1/fused_gold2_so3_n3_ens2_judge2/per_question_medprompt_gold_judge_by_repeat.csv
main_panel150_gpt54nano,ICL-EDR,medqa_test,medqa,en,medqa_panel4_150_012,test:655,655,easy,B,"{""B"": 4}",4,4.0,1.0,True,thesis_github/data/evals/failure_prediction/panel150_gpt_family_tts_v1/gpt54nano_medium/case_memory_knn_sc_grid_ablation_v1/fused_gold2_so3_n3_ens2_judge2/per_question_medprompt_gold_judge_by_repeat.csv
main_panel150_gpt54nano,ICL-EDR,medqa_test,medqa,en,medqa_panel4_150_091,test:659,659,hard,D,"{""E"": 4}",4,0.0,0.0,True,thesis_github/data/evals/failure_prediction/panel150_gpt_family_tts_v1/gpt54nano_medium/case_memory_knn_sc_grid_ablation_v1/fused_gold2_so3_n3_ens2_judge2/per_question_medprompt_gold_judge_by_repeat.csv
main_panel150_gpt54nano,ICL-EDR,medqa_test,medqa,en,medqa_panel4_150_040,test:66,66,easy,D,"{""D"": 4}",4,4.0,1.0,True,thesis_github/data/evals/failure_prediction/panel150_gpt_family_tts_v1/gpt54nano_medium/case_memory_knn_sc_grid_ablation_v1/fused_gold2_so3_n3_ens2_judge2/per_question_medprompt_gold_judge_by_repeat.csv
main_panel150_gpt54nano,ICL-EDR,medqa_test,medqa,en,medqa_panel4_150_111,test:673,673,medium,E,"{""E"": 4}",4,4.0,1.0,True,thesis_github/data/evals/failure_prediction/panel150_gpt_family_tts_v1/gpt54nano_medium/case_memory_knn_sc_grid_ablation_v1/fused_gold2_so3_n3_ens2_judge2/per_question_medprompt_gold_judge_by_repeat.csv
main_panel150_gpt54nano,ICL-EDR,medqa_test,medqa,en,medqa_panel4_150_092,test:677,677,hard,A,"{""B"": 4}",4,0.0,0.0,True,thesis_github/data/evals/failure_prediction/panel150_gpt_family_tts_v1/gpt54nano_medium/case_memory_knn_sc_grid_ablation_v1/fused_gold2_so3_n3_ens2_judge2/per_question_medprompt_gold_judge_by_repeat.csv
main_panel150_gpt54nano,ICL-EDR,medqa_test,medqa,en,medqa_panel4_150_112,test:679,679,medium,C,"{""A"": 2, ""E"": 2}",4,0.0,0.0,True,thesis_github/data/evals/failure_prediction/panel150_gpt_family_tts_v1/gpt54nano_medium/case_memory_knn_sc_grid_ablation_v1/fused_gold2_so3_n3_ens2_judge2/per_question_medprompt_gold_judge_by_repeat.csv
main_panel150_gpt54nano,ICL-EDR,medqa_test,medqa,en,medqa_panel4_150_041,test:684,684,easy,B,"{""B"": 4}",4,4.0,1.0,True,thesis_github/data/evals/failure_prediction/panel150_gpt_family_tts_v1/gpt54nano_medium/case_memory_knn_sc_grid_ablation_v1/fused_gold2_so3_n3_ens2_judge2/per_question_medprompt_gold_judge_by_repeat.csv
main_panel150_gpt54nano,ICL-EDR,medqa_test,medqa,en,medqa_panel4_150_062,test:69,69,hard,A,"{""E"": 4}",4,0.0,0.0,True,thesis_github/data/evals/failure_prediction/panel150_gpt_family_tts_v1/gpt54nano_medium/case_memory_knn_sc_grid_ablation_v1/fused_gold2_so3_n3_ens2_judge2/per_question_medprompt_gold_judge_by_repeat.csv
main_panel150_gpt54nano,ICL-EDR,medqa_test,medqa,en,medqa_panel4_150_142,test:691,691,medium,C,"{""C"": 4}",4,4.0,1.0,True,thesis_github/data/evals/failure_prediction/panel150_gpt_family_tts_v1/gpt54nano_medium/case_memory_knn_sc_grid_ablation_v1/fused_gold2_so3_n3_ens2_judge2/per_question_medprompt_gold_judge_by_repeat.csv
main_panel150_gpt54nano,ICL-EDR,medqa_test,medqa,en,medqa_panel4_150_042,test:704,704,easy,E,"{""E"": 4}",4,4.0,1.0,True,thesis_github/data/evals/failure_prediction/panel150_gpt_family_tts_v1/gpt54nano_medium/case_memory_knn_sc_grid_ablation_v1/fused_gold2_so3_n3_ens2_judge2/per_question_medprompt_gold_judge_by_repeat.csv
main_panel150_gpt54nano,ICL-EDR,medqa_test,medqa,en,medqa_panel4_150_093,test:706,706,hard,C,"{""B"": 1, ""E"": 3}",4,0.0,0.0,True,thesis_github/data/evals/failure_prediction/panel150_gpt_family_tts_v1/gpt54nano_medium/case_memory_knn_sc_grid_ablation_v1/fused_gold2_so3_n3_ens2_judge2/per_question_medprompt_gold_judge_by_repeat.csv
main_panel150_gpt54nano,ICL-EDR,medqa_test,medqa,en,medqa_panel4_150_043,test:729,729,easy,D,"{""D"": 4}",4,4.0,1.0,True,thesis_github/data/evals/failure_prediction/panel150_gpt_family_tts_v1/gpt54nano_medium/case_memory_knn_sc_grid_ablation_v1/fused_gold2_so3_n3_ens2_judge2/per_question_medprompt_gold_judge_by_repeat.csv
main_panel150_gpt54nano,ICL-EDR,medqa_test,medqa,en,medqa_panel4_150_143,test:745,745,medium,A,"{""A"": 4}",4,4.0,1.0,True,thesis_github/data/evals/failure_prediction/panel150_gpt_family_tts_v1/gpt54nano_medium/case_memory_knn_sc_grid_ablation_v1/fused_gold2_so3_n3_ens2_judge2/per_question_medprompt_gold_judge_by_repeat.csv
main_panel150_gpt54nano,ICL-EDR,medqa_test,medqa,en,medqa_panel4_150_113,test:752,752,medium,C,"{""C"": 4}",4,4.0,1.0,True,thesis_github/data/evals/failure_prediction/panel150_gpt_family_tts_v1/gpt54nano_medium/case_memory_knn_sc_grid_ablation_v1/fused_gold2_so3_n3_ens2_judge2/per_question_medprompt_gold_judge_by_repeat.csv
main_panel150_gpt54nano,ICL-EDR,medqa_test,medqa,en,medqa_panel4_150_094,test:755,755,hard,D,"{""C"": 4}",4,0.0,0.0,True,thesis_github/data/evals/failure_prediction/panel150_gpt_family_tts_v1/gpt54nano_medium/case_memory_knn_sc_grid_ablation_v1/fused_gold2_so3_n3_ens2_judge2/per_question_medprompt_gold_judge_by_repeat.csv
main_panel150_gpt54nano,ICL-EDR,medqa_test,medqa,en,medqa_panel4_150_114,test:758,758,medium,E,"{""E"": 4}",4,4.0,1.0,True,thesis_github/data/evals/failure_prediction/panel150_gpt_family_tts_v1/gpt54nano_medium/case_memory_knn_sc_grid_ablation_v1/fused_gold2_so3_n3_ens2_judge2/per_question_medprompt_gold_judge_by_repeat.csv
main_panel150_gpt54nano,ICL-EDR,medqa_test,medqa,en,medqa_panel4_150_044,test:782,782,easy,E,"{""E"": 4}",4,4.0,1.0,True,thesis_github/data/evals/failure_prediction/panel150_gpt_family_tts_v1/gpt54nano_medium/case_memory_knn_sc_grid_ablation_v1/fused_gold2_so3_n3_ens2_judge2/per_question_medprompt_gold_judge_by_repeat.csv
main_panel150_gpt54nano,ICL-EDR,medqa_test,medqa,en,medqa_panel4_150_115,test:798,798,medium,C,"{""C"": 4}",4,4.0,1.0,True,thesis_github/data/evals/failure_prediction/panel150_gpt_family_tts_v1/gpt54nano_medium/case_memory_knn_sc_grid_ablation_v1/fused_gold2_so3_n3_ens2_judge2/per_question_medprompt_gold_judge_by_repeat.csv
main_panel150_gpt54nano,ICL-EDR,medqa_test,medqa,en,medqa_panel4_150_013,test:801,801,easy,B,"{""B"": 4}",4,4.0,1.0,True,thesis_github/data/evals/failure_prediction/panel150_gpt_family_tts_v1/gpt54nano_medium/case_memory_knn_sc_grid_ablation_v1/fused_gold2_so3_n3_ens2_judge2/per_question_medprompt_gold_judge_by_repeat.csv
main_panel150_gpt54nano,ICL-EDR,medqa_test,medqa,en,medqa_panel4_150_095,test:803,803,hard,B,"{""E"": 4}",4,0.0,0.0,True,thesis_github/data/evals/failure_prediction/panel150_gpt_family_tts_v1/gpt54nano_medium/case_memory_knn_sc_grid_ablation_v1/fused_gold2_so3_n3_ens2_judge2/per_question_medprompt_gold_judge_by_repeat.csv
main_panel150_gpt54nano,ICL-EDR,medqa_test,medqa,en,medqa_panel4_150_045,test:804,804,easy,A,"{""A"": 4}",4,4.0,1.0,True,thesis_github/data/evals/failure_prediction/panel150_gpt_family_tts_v1/gpt54nano_medium/case_memory_knn_sc_grid_ablation_v1/fused_gold2_so3_n3_ens2_judge2/per_question_medprompt_gold_judge_by_repeat.csv
main_panel150_gpt54nano,ICL-EDR,medqa_test,medqa,en,medqa_panel4_150_096,test:807,807,hard,A,"{""A"": 4}",4,4.0,1.0,True,thesis_github/data/evals/failure_prediction/panel150_gpt_family_tts_v1/gpt54nano_medium/case_memory_knn_sc_grid_ablation_v1/fused_gold2_so3_n3_ens2_judge2/per_question_medprompt_gold_judge_by_repeat.csv
main_panel150_gpt54nano,ICL-EDR,medqa_test,medqa,en,medqa_panel4_150_014,test:811,811,easy,E,"{""E"": 4}",4,4.0,1.0,True,thesis_github/data/evals/failure_prediction/panel150_gpt_family_tts_v1/gpt54nano_medium/case_memory_knn_sc_grid_ablation_v1/fused_gold2_so3_n3_ens2_judge2/per_question_medprompt_gold_judge_by_repeat.csv
main_panel150_gpt54nano,ICL-EDR,medqa_test,medqa,en,medqa_panel4_150_097,test:829,829,hard,E,"{""D"": 2, ""E"": 2}",4,2.0,0.5,True,thesis_github/data/evals/failure_prediction/panel150_gpt_family_tts_v1/gpt54nano_medium/case_memory_knn_sc_grid_ablation_v1/fused_gold2_so3_n3_ens2_judge2/per_question_medprompt_gold_judge_by_repeat.csv
main_panel150_gpt54nano,ICL-EDR,medqa_test,medqa,en,medqa_panel4_150_046,test:846,846,easy,D,"{""D"": 4}",4,4.0,1.0,True,thesis_github/data/evals/failure_prediction/panel150_gpt_family_tts_v1/gpt54nano_medium/case_memory_knn_sc_grid_ablation_v1/fused_gold2_so3_n3_ens2_judge2/per_question_medprompt_gold_judge_by_repeat.csv
main_panel150_gpt54nano,ICL-EDR,medqa_test,medqa,en,medqa_panel4_150_063,test:850,850,hard,C,"{""B"": 2, ""C"": 2}",4,2.0,0.5,True,thesis_github/data/evals/failure_prediction/panel150_gpt_family_tts_v1/gpt54nano_medium/case_memory_knn_sc_grid_ablation_v1/fused_gold2_so3_n3_ens2_judge2/per_question_medprompt_gold_judge_by_repeat.csv
main_panel150_gpt54nano,ICL-EDR,medqa_test,medqa,en,medqa_panel4_150_064,test:856,856,hard,D,"{""B"": 4}",4,0.0,0.0,True,thesis_github/data/evals/failure_prediction/panel150_gpt_family_tts_v1/gpt54nano_medium/case_memory_knn_sc_grid_ablation_v1/fused_gold2_so3_n3_ens2_judge2/per_question_medprompt_gold_judge_by_repeat.csv
main_panel150_gpt54nano,ICL-EDR,medqa_test,medqa,en,medqa_panel4_150_015,test:857,857,easy,D,"{""D"": 4}",4,4.0,1.0,True,thesis_github/data/evals/failure_prediction/panel150_gpt_family_tts_v1/gpt54nano_medium/case_memory_knn_sc_grid_ablation_v1/fused_gold2_so3_n3_ens2_judge2/per_question_medprompt_gold_judge_by_repeat.csv
main_panel150_gpt54nano,ICL-EDR,medqa_test,medqa,en,medqa_panel4_150_047,test:86,86,easy,C,"{""C"": 4}",4,4.0,1.0,True,thesis_github/data/evals/failure_prediction/panel150_gpt_family_tts_v1/gpt54nano_medium/case_memory_knn_sc_grid_ablation_v1/fused_gold2_so3_n3_ens2_judge2/per_question_medprompt_gold_judge_by_repeat.csv
main_panel150_gpt54nano,ICL-EDR,medqa_test,medqa,en,medqa_panel4_150_098,test:880,880,hard,C,"{""C"": 1, ""D"": 3}",4,1.0,0.25,True,thesis_github/data/evals/failure_prediction/panel150_gpt_family_tts_v1/gpt54nano_medium/case_memory_knn_sc_grid_ablation_v1/fused_gold2_so3_n3_ens2_judge2/per_question_medprompt_gold_judge_by_repeat.csv
main_panel150_gpt54nano,ICL-EDR,medqa_test,medqa,en,medqa_panel4_150_099,test:885,885,hard,C,"{""C"": 4}",4,4.0,1.0,True,thesis_github/data/evals/failure_prediction/panel150_gpt_family_tts_v1/gpt54nano_medium/case_memory_knn_sc_grid_ablation_v1/fused_gold2_so3_n3_ens2_judge2/per_question_medprompt_gold_judge_by_repeat.csv
main_panel150_gpt54nano,ICL-EDR,medqa_test,medqa,en,medqa_panel4_150_100,test:887,887,hard,A,"{""A"": 4}",4,4.0,1.0,True,thesis_github/data/evals/failure_prediction/panel150_gpt_family_tts_v1/gpt54nano_medium/case_memory_knn_sc_grid_ablation_v1/fused_gold2_so3_n3_ens2_judge2/per_question_medprompt_gold_judge_by_repeat.csv
main_panel150_gpt54nano,ICL-EDR,medqa_test,medqa,en,medqa_panel4_150_144,test:908,908,medium,C,"{""C"": 4}",4,4.0,1.0,True,thesis_github/data/evals/failure_prediction/panel150_gpt_family_tts_v1/gpt54nano_medium/case_memory_knn_sc_grid_ablation_v1/fused_gold2_so3_n3_ens2_judge2/per_question_medprompt_gold_judge_by_repeat.csv
main_panel150_gpt54nano,ICL-EDR,medqa_test,medqa,en,medqa_panel4_150_145,test:934,934,medium,B,"{""B"": 4}",4,4.0,1.0,True,thesis_github/data/evals/failure_prediction/panel150_gpt_family_tts_v1/gpt54nano_medium/case_memory_knn_sc_grid_ablation_v1/fused_gold2_so3_n3_ens2_judge2/per_question_medprompt_gold_judge_by_repeat.csv
main_panel150_gpt54nano,ICL-EDR,medqa_test,medqa,en,medqa_panel4_150_146,test:936,936,medium,B,"{""B"": 4}",4,4.0,1.0,True,thesis_github/data/evals/failure_prediction/panel150_gpt_family_tts_v1/gpt54nano_medium/case_memory_knn_sc_grid_ablation_v1/fused_gold2_so3_n3_ens2_judge2/per_question_medprompt_gold_judge_by_repeat.csv
main_panel150_gpt54nano,ICL-EDR,medqa_test,medqa,en,medqa_panel4_150_147,test:944,944,medium,E,"{""C"": 2, ""D"": 2}",4,0.0,0.0,True,thesis_github/data/evals/failure_prediction/panel150_gpt_family_tts_v1/gpt54nano_medium/case_memory_knn_sc_grid_ablation_v1/fused_gold2_so3_n3_ens2_judge2/per_question_medprompt_gold_judge_by_repeat.csv
main_panel150_gpt54nano,ICL-EDR,medqa_test,medqa,en,medqa_panel4_150_048,test:946,946,easy,D,"{""D"": 4}",4,4.0,1.0,True,thesis_github/data/evals/failure_prediction/panel150_gpt_family_tts_v1/gpt54nano_medium/case_memory_knn_sc_grid_ablation_v1/fused_gold2_so3_n3_ens2_judge2/per_question_medprompt_gold_judge_by_repeat.csv
main_panel150_gpt54nano,ICL-EDR,medqa_test,medqa,en,medqa_panel4_150_049,test:956,956,easy,B,"{""B"": 4}",4,4.0,1.0,True,thesis_github/data/evals/failure_prediction/panel150_gpt_family_tts_v1/gpt54nano_medium/case_memory_knn_sc_grid_ablation_v1/fused_gold2_so3_n3_ens2_judge2/per_question_medprompt_gold_judge_by_repeat.csv
main_panel150_gpt54nano,ICL-EDR,medqa_test,medqa,en,medqa_panel4_150_148,test:961,961,medium,A,"{""B"": 4}",4,0.0,0.0,True,thesis_github/data/evals/failure_prediction/panel150_gpt_family_tts_v1/gpt54nano_medium/case_memory_knn_sc_grid_ablation_v1/fused_gold2_so3_n3_ens2_judge2/per_question_medprompt_gold_judge_by_repeat.csv
main_panel150_gpt54nano,ICL-EDR,medqa_test,medqa,en,medqa_panel4_150_149,test:980,980,medium,C,"{""C"": 4}",4,4.0,1.0,True,thesis_github/data/evals/failure_prediction/panel150_gpt_family_tts_v1/gpt54nano_medium/case_memory_knn_sc_grid_ablation_v1/fused_gold2_so3_n3_ens2_judge2/per_question_medprompt_gold_judge_by_repeat.csv
main_panel150_gpt54nano,ICL-EDR,medqa_test,medqa,en,medqa_panel4_150_150,test:983,983,medium,D,"{""D"": 4}",4,4.0,1.0,True,thesis_github/data/evals/failure_prediction/panel150_gpt_family_tts_v1/gpt54nano_medium/case_memory_knn_sc_grid_ablation_v1/fused_gold2_so3_n3_ens2_judge2/per_question_medprompt_gold_judge_by_repeat.csv
main_panel150_gpt54nano,ICL-EDR,medqa_test,medqa,en,medqa_panel4_150_050,test:991,991,easy,D,"{""D"": 4}",4,4.0,1.0,True,thesis_github/data/evals/failure_prediction/panel150_gpt_family_tts_v1/gpt54nano_medium/case_memory_knn_sc_grid_ablation_v1/fused_gold2_so3_n3_ens2_judge2/per_question_medprompt_gold_judge_by_repeat.csv
main_panel150_gpt54nano,ICL-EDR,medqa_test,medqa,en,medqa_panel4_150_065,test:993,993,hard,A,"{""A"": 2, ""C"": 1, ""D"": 1}",4,2.0,0.5,True,thesis_github/data/evals/failure_prediction/panel150_gpt_family_tts_v1/gpt54nano_medium/case_memory_knn_sc_grid_ablation_v1/fused_gold2_so3_n3_ens2_judge2/per_question_medprompt_gold_judge_by_repeat.csv
main_panel150_gpt54nano,ICL-EDR,pna_all,pna,pt,pna_panel4_150_101,pna:2018:part_1A:20,17,medium,A,"{""C"": 4}",4,0.0,0.0,True,thesis_github/data/evals/failure_prediction/panel150_gpt_family_tts_v1/gpt54nano_medium/case_memory_knn_sc_grid_ablation_v1/fused_gold2_so3_n3_ens2_judge2/per_question_medprompt_gold_judge_by_repeat.csv
main_panel150_gpt54nano,ICL-EDR,pna_all,pna,pt,pna_panel4_150_001,pna:2018:part_1A:28,25,easy,C,"{""C"": 4}",4,4.0,1.0,True,thesis_github/data/evals/failure_prediction/panel150_gpt_family_tts_v1/gpt54nano_medium/case_memory_knn_sc_grid_ablation_v1/fused_gold2_so3_n3_ens2_judge2/per_question_medprompt_gold_judge_by_repeat.csv
main_panel150_gpt54nano,ICL-EDR,pna_all,pna,pt,pna_panel4_150_102,pna:2018:part_1A:3,2,medium,C,"{""C"": 2, ""D"": 2}",4,2.0,0.5,True,thesis_github/data/evals/failure_prediction/panel150_gpt_family_tts_v1/gpt54nano_medium/case_memory_knn_sc_grid_ablation_v1/fused_gold2_so3_n3_ens2_judge2/per_question_medprompt_gold_judge_by_repeat.csv
main_panel150_gpt54nano,ICL-EDR,pna_all,pna,pt,pna_panel4_150_103,pna:2018:part_1A:36,33,medium,D,"{""D"": 4}",4,4.0,1.0,True,thesis_github/data/evals/failure_prediction/panel150_gpt_family_tts_v1/gpt54nano_medium/case_memory_knn_sc_grid_ablation_v1/fused_gold2_so3_n3_ens2_judge2/per_question_medprompt_gold_judge_by_repeat.csv
main_panel150_gpt54nano,ICL-EDR,pna_all,pna,pt,pna_panel4_150_051,pna:2018:part_1A:42,39,hard,D,"{""B"": 3, ""D"": 1}",4,1.0,0.25,True,thesis_github/data/evals/failure_prediction/panel150_gpt_family_tts_v1/gpt54nano_medium/case_memory_knn_sc_grid_ablation_v1/fused_gold2_so3_n3_ens2_judge2/per_question_medprompt_gold_judge_by_repeat.csv
main_panel150_gpt54nano,ICL-EDR,pna_all,pna,pt,pna_panel4_150_002,pna:2018:part_1A:52,49,easy,D,"{""D"": 4}",4,4.0,1.0,True,thesis_github/data/evals/failure_prediction/panel150_gpt_family_tts_v1/gpt54nano_medium/case_memory_knn_sc_grid_ablation_v1/fused_gold2_so3_n3_ens2_judge2/per_question_medprompt_gold_judge_by_repeat.csv
main_panel150_gpt54nano,ICL-EDR,pna_all,pna,pt,pna_panel4_150_052,pna:2018:part_1A:59,56,hard,A,"{""D"": 4}",4,0.0,0.0,True,thesis_github/data/evals/failure_prediction/panel150_gpt_family_tts_v1/gpt54nano_medium/case_memory_knn_sc_grid_ablation_v1/fused_gold2_so3_n3_ens2_judge2/per_question_medprompt_gold_judge_by_repeat.csv
main_panel150_gpt54nano,ICL-EDR,pna_all,pna,pt,pna_panel4_150_053,pna:2018:part_1A:6,5,hard,C,"{""B"": 3, ""D"": 1}",4,0.0,0.0,True,thesis_github/data/evals/failure_prediction/panel150_gpt_family_tts_v1/gpt54nano_medium/case_memory_knn_sc_grid_ablation_v1/fused_gold2_so3_n3_ens2_judge2/per_question_medprompt_gold_judge_by_repeat.csv
main_panel150_gpt54nano,ICL-EDR,pna_all,pna,pt,pna_panel4_150_003,pna:2018:part_1A:63,60,easy,E,"{""E"": 4}",4,4.0,1.0,True,thesis_github/data/evals/failure_prediction/panel150_gpt_family_tts_v1/gpt54nano_medium/case_memory_knn_sc_grid_ablation_v1/fused_gold2_so3_n3_ens2_judge2/per_question_medprompt_gold_judge_by_repeat.csv
main_panel150_gpt54nano,ICL-EDR,pna_all,pna,pt,pna_panel4_150_004,pna:2018:part_1A:64,61,easy,C,"{""C"": 4}",4,4.0,1.0,True,thesis_github/data/evals/failure_prediction/panel150_gpt_family_tts_v1/gpt54nano_medium/case_memory_knn_sc_grid_ablation_v1/fused_gold2_so3_n3_ens2_judge2/per_question_medprompt_gold_judge_by_repeat.csv
main_panel150_gpt54nano,ICL-EDR,pna_all,pna,pt,pna_panel4_150_005,pna:2018:part_1A:68,65,easy,A,"{""A"": 4}",4,4.0,1.0,True,thesis_github/data/evals/failure_prediction/panel150_gpt_family_tts_v1/gpt54nano_medium/case_memory_knn_sc_grid_ablation_v1/fused_gold2_so3_n3_ens2_judge2/per_question_medprompt_gold_judge_by_repeat.csv
main_panel150_gpt54nano,ICL-EDR,pna_all,pna,pt,pna_panel4_150_054,pna:2018:part_1A:74,71,hard,E,"{""E"": 4}",4,4.0,1.0,True,thesis_github/data/evals/failure_prediction/panel150_gpt_family_tts_v1/gpt54nano_medium/case_memory_knn_sc_grid_ablation_v1/fused_gold2_so3_n3_ens2_judge2/per_question_medprompt_gold_judge_by_repeat.csv
main_panel150_gpt54nano,ICL-EDR,pna_all,pna,pt,pna_panel4_150_006,pna:2018:part_1A:9,8,easy,A,"{""A"": 4}",4,4.0,1.0,True,thesis_github/data/evals/failure_prediction/panel150_gpt_family_tts_v1/gpt54nano_medium/case_memory_knn_sc_grid_ablation_v1/fused_gold2_so3_n3_ens2_judge2/per_question_medprompt_gold_judge_by_repeat.csv
main_panel150_gpt54nano,ICL-EDR,pna_all,pna,pt,pna_panel4_150_104,pna:2018:part_2A:109,103,medium,B,"{""B"": 4}",4,4.0,1.0,True,thesis_github/data/evals/failure_prediction/panel150_gpt_family_tts_v1/gpt54nano_medium/case_memory_knn_sc_grid_ablation_v1/fused_gold2_so3_n3_ens2_judge2/per_question_medprompt_gold_judge_by_repeat.csv
main_panel150_gpt54nano,ICL-EDR,pna_all,pna,pt,pna_panel4_150_055,pna:2018:part_2A:113,107,hard,E,"{""E"": 4}",4,4.0,1.0,True,thesis_github/data/evals/failure_prediction/panel150_gpt_family_tts_v1/gpt54nano_medium/case_memory_knn_sc_grid_ablation_v1/fused_gold2_so3_n3_ens2_judge2/per_question_medprompt_gold_judge_by_repeat.csv
main_panel150_gpt54nano,ICL-EDR,pna_all,pna,pt,pna_panel4_150_105,pna:2018:part_2A:143,136,medium,D,"{""D"": 4}",4,4.0,1.0,True,thesis_github/data/evals/failure_prediction/panel150_gpt_family_tts_v1/gpt54nano_medium/case_memory_knn_sc_grid_ablation_v1/fused_gold2_so3_n3_ens2_judge2/per_question_medprompt_gold_judge_by_repeat.csv
main_panel150_gpt54nano,ICL-EDR,pna_all,pna,pt,pna_panel4_150_007,pna:2018:part_2A:144,137,easy,B,"{""B"": 4}",4,4.0,1.0,True,thesis_github/data/evals/failure_prediction/panel150_gpt_family_tts_v1/gpt54nano_medium/case_memory_knn_sc_grid_ablation_v1/fused_gold2_so3_n3_ens2_judge2/per_question_medprompt_gold_judge_by_repeat.csv
main_panel150_gpt54nano,ICL-EDR,pna_all,pna,pt,pna_panel4_150_106,pna:2018:part_2A:84,80,medium,A,"{""A"": 4}",4,4.0,1.0,True,thesis_github/data/evals/failure_prediction/panel150_gpt_family_tts_v1/gpt54nano_medium/case_memory_knn_sc_grid_ablation_v1/fused_gold2_so3_n3_ens2_judge2/per_question_medprompt_gold_judge_by_repeat.csv
main_panel150_gpt54nano,ICL-EDR,pna_all,pna,pt,pna_panel4_150_107,pna:2018:part_2A:94,89,medium,A,"{""A"": 4}",4,4.0,1.0,True,thesis_github/data/evals/failure_prediction/panel150_gpt_family_tts_v1/gpt54nano_medium/case_memory_knn_sc_grid_ablation_v1/fused_gold2_so3_n3_ens2_judge2/per_question_medprompt_gold_judge_by_repeat.csv
main_panel150_gpt54nano,ICL-EDR,pna_all,pna,pt,pna_panel4_150_008,pna:2019:part_1A:11,152,easy,A,"{""A"": 4}",4,4.0,1.0,True,thesis_github/data/evals/failure_prediction/panel150_gpt_family_tts_v1/gpt54nano_medium/case_memory_knn_sc_grid_ablation_v1/fused_gold2_so3_n3_ens2_judge2/per_question_medprompt_gold_judge_by_repeat.csv
main_panel150_gpt54nano,ICL-EDR,pna_all,pna,pt,pna_panel4_150_108,pna:2019:part_1A:25,164,medium,D,"{""D"": 4}",4,4.0,1.0,True,thesis_github/data/evals/failure_prediction/panel150_gpt_family_tts_v1/gpt54nano_medium/case_memory_knn_sc_grid_ablation_v1/fused_gold2_so3_n3_ens2_judge2/per_question_medprompt_gold_judge_by_repeat.csv
main_panel150_gpt54nano,ICL-EDR,pna_all,pna,pt,pna_panel4_150_056,pna:2019:part_1A:44,182,hard,A,"{""A"": 3, ""D"": 1}",4,3.0,0.75,True,thesis_github/data/evals/failure_prediction/panel150_gpt_family_tts_v1/gpt54nano_medium/case_memory_knn_sc_grid_ablation_v1/fused_gold2_so3_n3_ens2_judge2/per_question_medprompt_gold_judge_by_repeat.csv
main_panel150_gpt54nano,ICL-EDR,pna_all,pna,pt,pna_panel4_150_109,pna:2019:part_1A:45,183,medium,E,"{""E"": 4}",4,4.0,1.0,True,thesis_github/data/evals/failure_prediction/panel150_gpt_family_tts_v1/gpt54nano_medium/case_memory_knn_sc_grid_ablation_v1/fused_gold2_so3_n3_ens2_judge2/per_question_medprompt_gold_judge_by_repeat.csv
main_panel150_gpt54nano,ICL-EDR,pna_all,pna,pt,pna_panel4_150_110,pna:2019:part_1A:48,186,medium,C,"{""C"": 4}",4,4.0,1.0,True,thesis_github/data/evals/failure_prediction/panel150_gpt_family_tts_v1/gpt54nano_medium/case_memory_knn_sc_grid_ablation_v1/fused_gold2_so3_n3_ens2_judge2/per_question_medprompt_gold_judge_by_repeat.csv
main_panel150_gpt54nano,ICL-EDR,pna_all,pna,pt,pna_panel4_150_111,pna:2019:part_1A:54,192,medium,A,"{""A"": 4}",4,4.0,1.0,True,thesis_github/data/evals/failure_prediction/panel150_gpt_family_tts_v1/gpt54nano_medium/case_memory_knn_sc_grid_ablation_v1/fused_gold2_so3_n3_ens2_judge2/per_question_medprompt_gold_judge_by_repeat.csv
main_panel150_gpt54nano,ICL-EDR,pna_all,pna,pt,pna_panel4_150_057,pna:2019:part_1A:75,211,hard,E,"{""D"": 2, ""E"": 2}",4,2.0,0.5,True,thesis_github/data/evals/failure_prediction/panel150_gpt_family_tts_v1/gpt54nano_medium/case_memory_knn_sc_grid_ablation_v1/fused_gold2_so3_n3_ens2_judge2/per_question_medprompt_gold_judge_by_repeat.csv
main_panel150_gpt54nano,ICL-EDR,pna_all,pna,pt,pna_panel4_150_009,pna:2019:part_2A:100,236,easy,E,"{""B"": 2, ""E"": 2}",4,2.0,0.5,True,thesis_github/data/evals/failure_prediction/panel150_gpt_family_tts_v1/gpt54nano_medium/case_memory_knn_sc_grid_ablation_v1/fused_gold2_so3_n3_ens2_judge2/per_question_medprompt_gold_judge_by_repeat.csv
main_panel150_gpt54nano,ICL-EDR,pna_all,pna,pt,pna_panel4_150_112,pna:2019:part_2A:102,238,medium,C,"{""C"": 4}",4,4.0,1.0,True,thesis_github/data/evals/failure_prediction/panel150_gpt_family_tts_v1/gpt54nano_medium/case_memory_knn_sc_grid_ablation_v1/fused_gold2_so3_n3_ens2_judge2/per_question_medprompt_gold_judge_by_repeat.csv
main_panel150_gpt54nano,ICL-EDR,pna_all,pna,pt,pna_panel4_150_058,pna:2019:part_2A:103,239,hard,C,"{""E"": 4}",4,0.0,0.0,True,thesis_github/data/evals/failure_prediction/panel150_gpt_family_tts_v1/gpt54nano_medium/case_memory_knn_sc_grid_ablation_v1/fused_gold2_so3_n3_ens2_judge2/per_question_medprompt_gold_judge_by_repeat.csv
main_panel150_gpt54nano,ICL-EDR,pna_all,pna,pt,pna_panel4_150_010,pna:2019:part_2A:109,245,easy,C,"{""C"": 4}",4,4.0,1.0,True,thesis_github/data/evals/failure_prediction/panel150_gpt_family_tts_v1/gpt54nano_medium/case_memory_knn_sc_grid_ablation_v1/fused_gold2_so3_n3_ens2_judge2/per_question_medprompt_gold_judge_by_repeat.csv
main_panel150_gpt54nano,ICL-EDR,pna_all,pna,pt,pna_panel4_150_059,pna:2019:part_2A:122,254,hard,D,"{""D"": 4}",4,4.0,1.0,True,thesis_github/data/evals/failure_prediction/panel150_gpt_family_tts_v1/gpt54nano_medium/case_memory_knn_sc_grid_ablation_v1/fused_gold2_so3_n3_ens2_judge2/per_question_medprompt_gold_judge_by_repeat.csv
main_panel150_gpt54nano,ICL-EDR,pna_all,pna,pt,pna_panel4_150_011,pna:2019:part_2A:135,266,easy,B,"{""B"": 4}",4,4.0,1.0,True,thesis_github/data/evals/failure_prediction/panel150_gpt_family_tts_v1/gpt54nano_medium/case_memory_knn_sc_grid_ablation_v1/fused_gold2_so3_n3_ens2_judge2/per_question_medprompt_gold_judge_by_repeat.csv
main_panel150_gpt54nano,ICL-EDR,pna_all,pna,pt,pna_panel4_150_012,pna:2019:part_2A:138,269,easy,D,"{""D"": 4}",4,4.0,1.0,True,thesis_github/data/evals/failure_prediction/panel150_gpt_family_tts_v1/gpt54nano_medium/case_memory_knn_sc_grid_ablation_v1/fused_gold2_so3_n3_ens2_judge2/per_question_medprompt_gold_judge_by_repeat.csv
main_panel150_gpt54nano,ICL-EDR,pna_all,pna,pt,pna_panel4_150_060,pna:2020:part_1A:10,290,hard,A,"{""A"": 4}",4,4.0,1.0,True,thesis_github/data/evals/failure_prediction/panel150_gpt_family_tts_v1/gpt54nano_medium/case_memory_knn_sc_grid_ablation_v1/fused_gold2_so3_n3_ens2_judge2/per_question_medprompt_gold_judge_by_repeat.csv
main_panel150_gpt54nano,ICL-EDR,pna_all,pna,pt,pna_panel4_150_013,pna:2020:part_1A:14,294,easy,A,"{""A"": 4}",4,4.0,1.0,True,thesis_github/data/evals/failure_prediction/panel150_gpt_family_tts_v1/gpt54nano_medium/case_memory_knn_sc_grid_ablation_v1/fused_gold2_so3_n3_ens2_judge2/per_question_medprompt_gold_judge_by_repeat.csv
main_panel150_gpt54nano,ICL-EDR,pna_all,pna,pt,pna_panel4_150_014,pna:2020:part_1A:16,296,easy,A,"{""A"": 4}",4,4.0,1.0,True,thesis_github/data/evals/failure_prediction/panel150_gpt_family_tts_v1/gpt54nano_medium/case_memory_knn_sc_grid_ablation_v1/fused_gold2_so3_n3_ens2_judge2/per_question_medprompt_gold_judge_by_repeat.csv
main_panel150_gpt54nano,ICL-EDR,pna_all,pna,pt,pna_panel4_150_061,pna:2020:part_1A:2,282,hard,A,"{""B"": 4}",4,0.0,0.0,True,thesis_github/data/evals/failure_prediction/panel150_gpt_family_tts_v1/gpt54nano_medium/case_memory_knn_sc_grid_ablation_v1/fused_gold2_so3_n3_ens2_judge2/per_question_medprompt_gold_judge_by_repeat.csv
main_panel150_gpt54nano,ICL-EDR,pna_all,pna,pt,pna_panel4_150_113,pna:2020:part_1A:21,301,medium,D,"{""A"": 2, ""E"": 2}",4,0.0,0.0,True,thesis_github/data/evals/failure_prediction/panel150_gpt_family_tts_v1/gpt54nano_medium/case_memory_knn_sc_grid_ablation_v1/fused_gold2_so3_n3_ens2_judge2/per_question_medprompt_gold_judge_by_repeat.csv
main_panel150_gpt54nano,ICL-EDR,pna_all,pna,pt,pna_panel4_150_062,pna:2020:part_1A:27,306,hard,A,"{""B"": 4}",4,0.0,0.0,True,thesis_github/data/evals/failure_prediction/panel150_gpt_family_tts_v1/gpt54nano_medium/case_memory_knn_sc_grid_ablation_v1/fused_gold2_so3_n3_ens2_judge2/per_question_medprompt_gold_judge_by_repeat.csv
main_panel150_gpt54nano,ICL-EDR,pna_all,pna,pt,pna_panel4_150_114,pna:2020:part_1A:30,309,medium,A,"{""A"": 2, ""D"": 2}",4,2.0,0.5,True,thesis_github/data/evals/failure_prediction/panel150_gpt_family_tts_v1/gpt54nano_medium/case_memory_knn_sc_grid_ablation_v1/fused_gold2_so3_n3_ens2_judge2/per_question_medprompt_gold_judge_by_repeat.csv
main_panel150_gpt54nano,ICL-EDR,pna_all,pna,pt,pna_panel4_150_015,pna:2020:part_1A:31,310,easy,E,"{""E"": 4}",4,4.0,1.0,True,thesis_github/data/evals/failure_prediction/panel150_gpt_family_tts_v1/gpt54nano_medium/case_memory_knn_sc_grid_ablation_v1/fused_gold2_so3_n3_ens2_judge2/per_question_medprompt_gold_judge_by_repeat.csv
main_panel150_gpt54nano,ICL-EDR,pna_all,pna,pt,pna_panel4_150_016,pna:2020:part_1A:52,329,easy,B,"{""B"": 4}",4,4.0,1.0,True,thesis_github/data/evals/failure_prediction/panel150_gpt_family_tts_v1/gpt54nano_medium/case_memory_knn_sc_grid_ablation_v1/fused_gold2_so3_n3_ens2_judge2/per_question_medprompt_gold_judge_by_repeat.csv
main_panel150_gpt54nano,ICL-EDR,pna_all,pna,pt,pna_panel4_150_017,pna:2020:part_1A:64,339,easy,A,"{""A"": 4}",4,4.0,1.0,True,thesis_github/data/evals/failure_prediction/panel150_gpt_family_tts_v1/gpt54nano_medium/case_memory_knn_sc_grid_ablation_v1/fused_gold2_so3_n3_ens2_judge2/per_question_medprompt_gold_judge_by_repeat.csv
main_panel150_gpt54nano,ICL-EDR,pna_all,pna,pt,pna_panel4_150_063,pna:2020:part_1A:70,345,hard,D,"{""B"": 4}",4,0.0,0.0,True,thesis_github/data/evals/failure_prediction/panel150_gpt_family_tts_v1/gpt54nano_medium/case_memory_knn_sc_grid_ablation_v1/fused_gold2_so3_n3_ens2_judge2/per_question_medprompt_gold_judge_by_repeat.csv
main_panel150_gpt54nano,ICL-EDR,pna_all,pna,pt,pna_panel4_150_018,pna:2020:part_1A:73,348,easy,B,"{""B"": 4}",4,4.0,1.0,True,thesis_github/data/evals/failure_prediction/panel150_gpt_family_tts_v1/gpt54nano_medium/case_memory_knn_sc_grid_ablation_v1/fused_gold2_so3_n3_ens2_judge2/per_question_medprompt_gold_judge_by_repeat.csv
main_panel150_gpt54nano,ICL-EDR,pna_all,pna,pt,pna_panel4_150_019,pna:2020:part_1A:9,289,easy,D,"{""D"": 4}",4,4.0,1.0,True,thesis_github/data/evals/failure_prediction/panel150_gpt_family_tts_v1/gpt54nano_medium/case_memory_knn_sc_grid_ablation_v1/fused_gold2_so3_n3_ens2_judge2/per_question_medprompt_gold_judge_by_repeat.csv
main_panel150_gpt54nano,ICL-EDR,pna_all,pna,pt,pna_panel4_150_064,pna:2020:part_2A:105,377,hard,C,"{""D"": 4}",4,0.0,0.0,True,thesis_github/data/evals/failure_prediction/panel150_gpt_family_tts_v1/gpt54nano_medium/case_memory_knn_sc_grid_ablation_v1/fused_gold2_so3_n3_ens2_judge2/per_question_medprompt_gold_judge_by_repeat.csv
main_panel150_gpt54nano,ICL-EDR,pna_all,pna,pt,pna_panel4_150_020,pna:2020:part_2A:123,394,easy,B,"{""B"": 4}",4,4.0,1.0,True,thesis_github/data/evals/failure_prediction/panel150_gpt_family_tts_v1/gpt54nano_medium/case_memory_knn_sc_grid_ablation_v1/fused_gold2_so3_n3_ens2_judge2/per_question_medprompt_gold_judge_by_repeat.csv
main_panel150_gpt54nano,ICL-EDR,pna_all,pna,pt,pna_panel4_150_115,pna:2020:part_2A:130,400,medium,A,"{""A"": 4}",4,4.0,1.0,True,thesis_github/data/evals/failure_prediction/panel150_gpt_family_tts_v1/gpt54nano_medium/case_memory_knn_sc_grid_ablation_v1/fused_gold2_so3_n3_ens2_judge2/per_question_medprompt_gold_judge_by_repeat.csv
main_panel150_gpt54nano,ICL-EDR,pna_all,pna,pt,pna_panel4_150_021,pna:2020:part_2A:94,367,easy,B,"{""B"": 4}",4,4.0,1.0,True,thesis_github/data/evals/failure_prediction/panel150_gpt_family_tts_v1/gpt54nano_medium/case_memory_knn_sc_grid_ablation_v1/fused_gold2_so3_n3_ens2_judge2/per_question_medprompt_gold_judge_by_repeat.csv
main_panel150_gpt54nano,ICL-EDR,pna_all,pna,pt,pna_panel4_150_065,pna:2021:part_1A:18,437,hard,D,"{""B"": 1, ""C"": 3}",4,0.0,0.0,True,thesis_github/data/evals/failure_prediction/panel150_gpt_family_tts_v1/gpt54nano_medium/case_memory_knn_sc_grid_ablation_v1/fused_gold2_so3_n3_ens2_judge2/per_question_medprompt_gold_judge_by_repeat.csv
main_panel150_gpt54nano,ICL-EDR,pna_all,pna,pt,pna_panel4_150_022,pna:2021:part_1A:22,441,easy,E,"{""E"": 4}",4,4.0,1.0,True,thesis_github/data/evals/failure_prediction/panel150_gpt_family_tts_v1/gpt54nano_medium/case_memory_knn_sc_grid_ablation_v1/fused_gold2_so3_n3_ens2_judge2/per_question_medprompt_gold_judge_by_repeat.csv
main_panel150_gpt54nano,ICL-EDR,pna_all,pna,pt,pna_panel4_150_116,pna:2021:part_1A:26,445,medium,E,"{""E"": 4}",4,4.0,1.0,True,thesis_github/data/evals/failure_prediction/panel150_gpt_family_tts_v1/gpt54nano_medium/case_memory_knn_sc_grid_ablation_v1/fused_gold2_so3_n3_ens2_judge2/per_question_medprompt_gold_judge_by_repeat.csv
main_panel150_gpt54nano,ICL-EDR,pna_all,pna,pt,pna_panel4_150_023,pna:2021:part_1A:30,449,easy,A,"{""A"": 4}",4,4.0,1.0,True,thesis_github/data/evals/failure_prediction/panel150_gpt_family_tts_v1/gpt54nano_medium/case_memory_knn_sc_grid_ablation_v1/fused_gold2_so3_n3_ens2_judge2/per_question_medprompt_gold_judge_by_repeat.csv
main_panel150_gpt54nano,ICL-EDR,pna_all,pna,pt,pna_panel4_150_117,pna:2021:part_1A:4,423,medium,A,"{""A"": 4}",4,4.0,1.0,True,thesis_github/data/evals/failure_prediction/panel150_gpt_family_tts_v1/gpt54nano_medium/case_memory_knn_sc_grid_ablation_v1/fused_gold2_so3_n3_ens2_judge2/per_question_medprompt_gold_judge_by_repeat.csv
main_panel150_gpt54nano,ICL-EDR,pna_all,pna,pt,pna_panel4_150_118,pna:2021:part_1A:44,462,medium,C,"{""C"": 4}",4,4.0,1.0,True,thesis_github/data/evals/failure_prediction/panel150_gpt_family_tts_v1/gpt54nano_medium/case_memory_knn_sc_grid_ablation_v1/fused_gold2_so3_n3_ens2_judge2/per_question_medprompt_gold_judge_by_repeat.csv
main_panel150_gpt54nano,ICL-EDR,pna_all,pna,pt,pna_panel4_150_066,pna:2021:part_1A:46,464,hard,C,"{""A"": 4}",4,0.0,0.0,True,thesis_github/data/evals/failure_prediction/panel150_gpt_family_tts_v1/gpt54nano_medium/case_memory_knn_sc_grid_ablation_v1/fused_gold2_so3_n3_ens2_judge2/per_question_medprompt_gold_judge_by_repeat.csv
main_panel150_gpt54nano,ICL-EDR,pna_all,pna,pt,pna_panel4_150_067,pna:2021:part_1A:5,424,hard,D,"{""C"": 2, ""E"": 2}",4,0.0,0.0,True,thesis_github/data/evals/failure_prediction/panel150_gpt_family_tts_v1/gpt54nano_medium/case_memory_knn_sc_grid_ablation_v1/fused_gold2_so3_n3_ens2_judge2/per_question_medprompt_gold_judge_by_repeat.csv
main_panel150_gpt54nano,ICL-EDR,pna_all,pna,pt,pna_panel4_150_119,pna:2021:part_1A:57,474,medium,C,"{""C"": 4}",4,4.0,1.0,True,thesis_github/data/evals/failure_prediction/panel150_gpt_family_tts_v1/gpt54nano_medium/case_memory_knn_sc_grid_ablation_v1/fused_gold2_so3_n3_ens2_judge2/per_question_medprompt_gold_judge_by_repeat.csv
main_panel150_gpt54nano,ICL-EDR,pna_all,pna,pt,pna_panel4_150_024,pna:2021:part_1A:60,477,easy,E,"{""E"": 4}",4,4.0,1.0,True,thesis_github/data/evals/failure_prediction/panel150_gpt_family_tts_v1/gpt54nano_medium/case_memory_knn_sc_grid_ablation_v1/fused_gold2_so3_n3_ens2_judge2/per_question_medprompt_gold_judge_by_repeat.csv
main_panel150_gpt54nano,ICL-EDR,pna_all,pna,pt,pna_panel4_150_068,pna:2021:part_1A:61,478,hard,D,"{""D"": 4}",4,4.0,1.0,True,thesis_github/data/evals/failure_prediction/panel150_gpt_family_tts_v1/gpt54nano_medium/case_memory_knn_sc_grid_ablation_v1/fused_gold2_so3_n3_ens2_judge2/per_question_medprompt_gold_judge_by_repeat.csv
main_panel150_gpt54nano,ICL-EDR,pna_all,pna,pt,pna_panel4_150_025,pna:2021:part_1A:66,483,easy,B,"{""B"": 4}",4,4.0,1.0,True,thesis_github/data/evals/failure_prediction/panel150_gpt_family_tts_v1/gpt54nano_medium/case_memory_knn_sc_grid_ablation_v1/fused_gold2_so3_n3_ens2_judge2/per_question_medprompt_gold_judge_by_repeat.csv
main_panel150_gpt54nano,ICL-EDR,pna_all,pna,pt,pna_panel4_150_069,pna:2021:part_1A:68,485,hard,C,"{""A"": 4}",4,0.0,0.0,True,thesis_github/data/evals/failure_prediction/panel150_gpt_family_tts_v1/gpt54nano_medium/case_memory_knn_sc_grid_ablation_v1/fused_gold2_so3_n3_ens2_judge2/per_question_medprompt_gold_judge_by_repeat.csv
main_panel150_gpt54nano,ICL-EDR,pna_all,pna,pt,pna_panel4_150_070,pna:2021:part_1A:71,488,hard,A,"{""A"": 2, ""D"": 2}",4,2.0,0.5,True,thesis_github/data/evals/failure_prediction/panel150_gpt_family_tts_v1/gpt54nano_medium/case_memory_knn_sc_grid_ablation_v1/fused_gold2_so3_n3_ens2_judge2/per_question_medprompt_gold_judge_by_repeat.csv
main_panel150_gpt54nano,ICL-EDR,pna_all,pna,pt,pna_panel4_150_071,pna:2021:part_2A:100,514,hard,E,"{""D"": 4}",4,0.0,0.0,True,thesis_github/data/evals/failure_prediction/panel150_gpt_family_tts_v1/gpt54nano_medium/case_memory_knn_sc_grid_ablation_v1/fused_gold2_so3_n3_ens2_judge2/per_question_medprompt_gold_judge_by_repeat.csv
main_panel150_gpt54nano,ICL-EDR,pna_all,pna,pt,pna_panel4_150_120,pna:2021:part_2A:105,518,medium,E,"{""E"": 4}",4,4.0,1.0,True,thesis_github/data/evals/failure_prediction/panel150_gpt_family_tts_v1/gpt54nano_medium/case_memory_knn_sc_grid_ablation_v1/fused_gold2_so3_n3_ens2_judge2/per_question_medprompt_gold_judge_by_repeat.csv
main_panel150_gpt54nano,ICL-EDR,pna_all,pna,pt,pna_panel4_150_072,pna:2021:part_2A:113,525,hard,A,"{""E"": 4}",4,0.0,0.0,True,thesis_github/data/evals/failure_prediction/panel150_gpt_family_tts_v1/gpt54nano_medium/case_memory_knn_sc_grid_ablation_v1/fused_gold2_so3_n3_ens2_judge2/per_question_medprompt_gold_judge_by_repeat.csv
main_panel150_gpt54nano,ICL-EDR,pna_all,pna,pt,pna_panel4_150_073,pna:2021:part_2A:116,528,hard,C,"{""B"": 4}",4,0.0,0.0,True,thesis_github/data/evals/failure_prediction/panel150_gpt_family_tts_v1/gpt54nano_medium/case_memory_knn_sc_grid_ablation_v1/fused_gold2_so3_n3_ens2_judge2/per_question_medprompt_gold_judge_by_repeat.csv
main_panel150_gpt54nano,ICL-EDR,pna_all,pna,pt,pna_panel4_150_121,pna:2021:part_2A:118,530,medium,A,"{""A"": 4}",4,4.0,1.0,True,thesis_github/data/evals/failure_prediction/panel150_gpt_family_tts_v1/gpt54nano_medium/case_memory_knn_sc_grid_ablation_v1/fused_gold2_so3_n3_ens2_judge2/per_question_medprompt_gold_judge_by_repeat.csv
main_panel150_gpt54nano,ICL-EDR,pna_all,pna,pt,pna_panel4_150_026,pna:2021:part_2A:125,537,easy,B,"{""B"": 4}",4,4.0,1.0,True,thesis_github/data/evals/failure_prediction/panel150_gpt_family_tts_v1/gpt54nano_medium/case_memory_knn_sc_grid_ablation_v1/fused_gold2_so3_n3_ens2_judge2/per_question_medprompt_gold_judge_by_repeat.csv
main_panel150_gpt54nano,ICL-EDR,pna_all,pna,pt,pna_panel4_150_074,pna:2021:part_2A:129,541,hard,A,"{""A"": 2, ""D"": 2}",4,2.0,0.5,True,thesis_github/data/evals/failure_prediction/panel150_gpt_family_tts_v1/gpt54nano_medium/case_memory_knn_sc_grid_ablation_v1/fused_gold2_so3_n3_ens2_judge2/per_question_medprompt_gold_judge_by_repeat.csv
main_panel150_gpt54nano,ICL-EDR,pna_all,pna,pt,pna_panel4_150_027,pna:2021:part_2A:137,549,easy,C,"{""C"": 4}",4,4.0,1.0,True,thesis_github/data/evals/failure_prediction/panel150_gpt_family_tts_v1/gpt54nano_medium/case_memory_knn_sc_grid_ablation_v1/fused_gold2_so3_n3_ens2_judge2/per_question_medprompt_gold_judge_by_repeat.csv
main_panel150_gpt54nano,ICL-EDR,pna_all,pna,pt,pna_panel4_150_122,pna:2021:part_2A:145,557,medium,E,"{""E"": 4}",4,4.0,1.0,True,thesis_github/data/evals/failure_prediction/panel150_gpt_family_tts_v1/gpt54nano_medium/case_memory_knn_sc_grid_ablation_v1/fused_gold2_so3_n3_ens2_judge2/per_question_medprompt_gold_judge_by_repeat.csv
main_panel150_gpt54nano,ICL-EDR,pna_all,pna,pt,pna_panel4_150_123,pna:2021:part_2A:82,498,medium,A,"{""A"": 4}",4,4.0,1.0,True,thesis_github/data/evals/failure_prediction/panel150_gpt_family_tts_v1/gpt54nano_medium/case_memory_knn_sc_grid_ablation_v1/fused_gold2_so3_n3_ens2_judge2/per_question_medprompt_gold_judge_by_repeat.csv
main_panel150_gpt54nano,ICL-EDR,pna_all,pna,pt,pna_panel4_150_075,pna:2021:part_2A:90,505,hard,D,"{""C"": 4}",4,0.0,0.0,True,thesis_github/data/evals/failure_prediction/panel150_gpt_family_tts_v1/gpt54nano_medium/case_memory_knn_sc_grid_ablation_v1/fused_gold2_so3_n3_ens2_judge2/per_question_medprompt_gold_judge_by_repeat.csv
main_panel150_gpt54nano,ICL-EDR,pna_all,pna,pt,pna_panel4_150_076,pna:2021:part_2A:95,509,hard,B,"{""B"": 4}",4,4.0,1.0,True,thesis_github/data/evals/failure_prediction/panel150_gpt_family_tts_v1/gpt54nano_medium/case_memory_knn_sc_grid_ablation_v1/fused_gold2_so3_n3_ens2_judge2/per_question_medprompt_gold_judge_by_repeat.csv
main_panel150_gpt54nano,ICL-EDR,pna_all,pna,pt,pna_panel4_150_077,pna:2022:part_1A:11,571,hard,C,"{""A"": 2, ""C"": 2}",4,2.0,0.5,True,thesis_github/data/evals/failure_prediction/panel150_gpt_family_tts_v1/gpt54nano_medium/case_memory_knn_sc_grid_ablation_v1/fused_gold2_so3_n3_ens2_judge2/per_question_medprompt_gold_judge_by_repeat.csv
main_panel150_gpt54nano,ICL-EDR,pna_all,pna,pt,pna_panel4_150_124,pna:2022:part_1A:15,575,medium,B,"{""C"": 2, ""E"": 2}",4,0.0,0.0,True,thesis_github/data/evals/failure_prediction/panel150_gpt_family_tts_v1/gpt54nano_medium/case_memory_knn_sc_grid_ablation_v1/fused_gold2_so3_n3_ens2_judge2/per_question_medprompt_gold_judge_by_repeat.csv
main_panel150_gpt54nano,ICL-EDR,pna_all,pna,pt,pna_panel4_150_078,pna:2022:part_1A:17,577,hard,D,"{""B"": 4}",4,0.0,0.0,True,thesis_github/data/evals/failure_prediction/panel150_gpt_family_tts_v1/gpt54nano_medium/case_memory_knn_sc_grid_ablation_v1/fused_gold2_so3_n3_ens2_judge2/per_question_medprompt_gold_judge_by_repeat.csv
main_panel150_gpt54nano,ICL-EDR,pna_all,pna,pt,pna_panel4_150_125,pna:2022:part_1A:18,578,medium,B,"{""A"": 4}",4,0.0,0.0,True,thesis_github/data/evals/failure_prediction/panel150_gpt_family_tts_v1/gpt54nano_medium/case_memory_knn_sc_grid_ablation_v1/fused_gold2_so3_n3_ens2_judge2/per_question_medprompt_gold_judge_by_repeat.csv
main_panel150_gpt54nano,ICL-EDR,pna_all,pna,pt,pna_panel4_150_079,pna:2022:part_1A:19,579,hard,B,"{""A"": 4}",4,0.0,0.0,True,thesis_github/data/evals/failure_prediction/panel150_gpt_family_tts_v1/gpt54nano_medium/case_memory_knn_sc_grid_ablation_v1/fused_gold2_so3_n3_ens2_judge2/per_question_medprompt_gold_judge_by_repeat.csv
main_panel150_gpt54nano,ICL-EDR,pna_all,pna,pt,pna_panel4_150_080,pna:2022:part_1A:23,583,hard,E,"{""A"": 4}",4,0.0,0.0,True,thesis_github/data/evals/failure_prediction/panel150_gpt_family_tts_v1/gpt54nano_medium/case_memory_knn_sc_grid_ablation_v1/fused_gold2_so3_n3_ens2_judge2/per_question_medprompt_gold_judge_by_repeat.csv
main_panel150_gpt54nano,ICL-EDR,pna_all,pna,pt,pna_panel4_150_028,pna:2022:part_1A:24,584,easy,B,"{""B"": 4}",4,4.0,1.0,True,thesis_github/data/evals/failure_prediction/panel150_gpt_family_tts_v1/gpt54nano_medium/case_memory_knn_sc_grid_ablation_v1/fused_gold2_so3_n3_ens2_judge2/per_question_medprompt_gold_judge_by_repeat.csv
main_panel150_gpt54nano,ICL-EDR,pna_all,pna,pt,pna_panel4_150_126,pna:2022:part_1A:25,585,medium,C,"{""A"": 1, ""C"": 3}",4,3.0,0.75,True,thesis_github/data/evals/failure_prediction/panel150_gpt_family_tts_v1/gpt54nano_medium/case_memory_knn_sc_grid_ablation_v1/fused_gold2_so3_n3_ens2_judge2/per_question_medprompt_gold_judge_by_repeat.csv
main_panel150_gpt54nano,ICL-EDR,pna_all,pna,pt,pna_panel4_150_029,pna:2022:part_1A:27,587,easy,B,"{""B"": 4}",4,4.0,1.0,True,thesis_github/data/evals/failure_prediction/panel150_gpt_family_tts_v1/gpt54nano_medium/case_memory_knn_sc_grid_ablation_v1/fused_gold2_so3_n3_ens2_judge2/per_question_medprompt_gold_judge_by_repeat.csv
main_panel150_gpt54nano,ICL-EDR,pna_all,pna,pt,pna_panel4_150_127,pna:2022:part_1A:29,589,medium,A,"{""A"": 4}",4,4.0,1.0,True,thesis_github/data/evals/failure_prediction/panel150_gpt_family_tts_v1/gpt54nano_medium/case_memory_knn_sc_grid_ablation_v1/fused_gold2_so3_n3_ens2_judge2/per_question_medprompt_gold_judge_by_repeat.csv
main_panel150_gpt54nano,ICL-EDR,pna_all,pna,pt,pna_panel4_150_128,pna:2022:part_1A:33,592,medium,C,"{""C"": 4}",4,4.0,1.0,True,thesis_github/data/evals/failure_prediction/panel150_gpt_family_tts_v1/gpt54nano_medium/case_memory_knn_sc_grid_ablation_v1/fused_gold2_so3_n3_ens2_judge2/per_question_medprompt_gold_judge_by_repeat.csv
main_panel150_gpt54nano,ICL-EDR,pna_all,pna,pt,pna_panel4_150_129,pna:2022:part_1A:46,604,medium,C,"{""B"": 1, ""C"": 3}",4,3.0,0.75,True,thesis_github/data/evals/failure_prediction/panel150_gpt_family_tts_v1/gpt54nano_medium/case_memory_knn_sc_grid_ablation_v1/fused_gold2_so3_n3_ens2_judge2/per_question_medprompt_gold_judge_by_repeat.csv
main_panel150_gpt54nano,ICL-EDR,pna_all,pna,pt,pna_panel4_150_081,pna:2022:part_1A:51,609,hard,C,"{""C"": 4}",4,4.0,1.0,True,thesis_github/data/evals/failure_prediction/panel150_gpt_family_tts_v1/gpt54nano_medium/case_memory_knn_sc_grid_ablation_v1/fused_gold2_so3_n3_ens2_judge2/per_question_medprompt_gold_judge_by_repeat.csv
main_panel150_gpt54nano,ICL-EDR,pna_all,pna,pt,pna_panel4_150_030,pna:2022:part_1A:59,617,easy,D,"{""D"": 4}",4,4.0,1.0,True,thesis_github/data/evals/failure_prediction/panel150_gpt_family_tts_v1/gpt54nano_medium/case_memory_knn_sc_grid_ablation_v1/fused_gold2_so3_n3_ens2_judge2/per_question_medprompt_gold_judge_by_repeat.csv
main_panel150_gpt54nano,ICL-EDR,pna_all,pna,pt,pna_panel4_150_082,pna:2022:part_1A:64,622,hard,A,"{""E"": 4}",4,0.0,0.0,True,thesis_github/data/evals/failure_prediction/panel150_gpt_family_tts_v1/gpt54nano_medium/case_memory_knn_sc_grid_ablation_v1/fused_gold2_so3_n3_ens2_judge2/per_question_medprompt_gold_judge_by_repeat.csv
main_panel150_gpt54nano,ICL-EDR,pna_all,pna,pt,pna_panel4_150_083,pna:2022:part_2A:100,657,hard,A,"{""A"": 4}",4,4.0,1.0,True,thesis_github/data/evals/failure_prediction/panel150_gpt_family_tts_v1/gpt54nano_medium/case_memory_knn_sc_grid_ablation_v1/fused_gold2_so3_n3_ens2_judge2/per_question_medprompt_gold_judge_by_repeat.csv
main_panel150_gpt54nano,ICL-EDR,pna_all,pna,pt,pna_panel4_150_031,pna:2022:part_2A:113,670,easy,C,"{""C"": 4}",4,4.0,1.0,True,thesis_github/data/evals/failure_prediction/panel150_gpt_family_tts_v1/gpt54nano_medium/case_memory_knn_sc_grid_ablation_v1/fused_gold2_so3_n3_ens2_judge2/per_question_medprompt_gold_judge_by_repeat.csv
main_panel150_gpt54nano,ICL-EDR,pna_all,pna,pt,pna_panel4_150_130,pna:2022:part_2A:129,686,medium,D,"{""D"": 4}",4,4.0,1.0,True,thesis_github/data/evals/failure_prediction/panel150_gpt_family_tts_v1/gpt54nano_medium/case_memory_knn_sc_grid_ablation_v1/fused_gold2_so3_n3_ens2_judge2/per_question_medprompt_gold_judge_by_repeat.csv
main_panel150_gpt54nano,ICL-EDR,pna_all,pna,pt,pna_panel4_150_084,pna:2022:part_2A:132,689,hard,A,"{""A"": 2, ""D"": 2}",4,2.0,0.5,True,thesis_github/data/evals/failure_prediction/panel150_gpt_family_tts_v1/gpt54nano_medium/case_memory_knn_sc_grid_ablation_v1/fused_gold2_so3_n3_ens2_judge2/per_question_medprompt_gold_judge_by_repeat.csv
main_panel150_gpt54nano,ICL-EDR,pna_all,pna,pt,pna_panel4_150_085,pna:2022:part_2A:138,695,hard,A,"{""C"": 4}",4,0.0,0.0,True,thesis_github/data/evals/failure_prediction/panel150_gpt_family_tts_v1/gpt54nano_medium/case_memory_knn_sc_grid_ablation_v1/fused_gold2_so3_n3_ens2_judge2/per_question_medprompt_gold_judge_by_repeat.csv
main_panel150_gpt54nano,ICL-EDR,pna_all,pna,pt,pna_panel4_150_131,pna:2022:part_2A:79,636,medium,B,"{""B"": 4}",4,4.0,1.0,True,thesis_github/data/evals/failure_prediction/panel150_gpt_family_tts_v1/gpt54nano_medium/case_memory_knn_sc_grid_ablation_v1/fused_gold2_so3_n3_ens2_judge2/per_question_medprompt_gold_judge_by_repeat.csv
main_panel150_gpt54nano,ICL-EDR,pna_all,pna,pt,pna_panel4_150_032,pna:2022:part_2A:83,640,easy,A,"{""A"": 4}",4,4.0,1.0,True,thesis_github/data/evals/failure_prediction/panel150_gpt_family_tts_v1/gpt54nano_medium/case_memory_knn_sc_grid_ablation_v1/fused_gold2_so3_n3_ens2_judge2/per_question_medprompt_gold_judge_by_repeat.csv
main_panel150_gpt54nano,ICL-EDR,pna_all,pna,pt,pna_panel4_150_132,pna:2023:part_1A:11,715,medium,A,"{""A"": 4}",4,4.0,1.0,True,thesis_github/data/evals/failure_prediction/panel150_gpt_family_tts_v1/gpt54nano_medium/case_memory_knn_sc_grid_ablation_v1/fused_gold2_so3_n3_ens2_judge2/per_question_medprompt_gold_judge_by_repeat.csv
main_panel150_gpt54nano,ICL-EDR,pna_all,pna,pt,pna_panel4_150_086,pna:2023:part_1A:31,735,hard,D,"{""D"": 4}",4,4.0,1.0,True,thesis_github/data/evals/failure_prediction/panel150_gpt_family_tts_v1/gpt54nano_medium/case_memory_knn_sc_grid_ablation_v1/fused_gold2_so3_n3_ens2_judge2/per_question_medprompt_gold_judge_by_repeat.csv
main_panel150_gpt54nano,ICL-EDR,pna_all,pna,pt,pna_panel4_150_087,pna:2023:part_1A:34,738,hard,E,"{""E"": 4}",4,4.0,1.0,True,thesis_github/data/evals/failure_prediction/panel150_gpt_family_tts_v1/gpt54nano_medium/case_memory_knn_sc_grid_ablation_v1/fused_gold2_so3_n3_ens2_judge2/per_question_medprompt_gold_judge_by_repeat.csv
main_panel150_gpt54nano,ICL-EDR,pna_all,pna,pt,pna_panel4_150_033,pna:2023:part_1A:36,740,easy,B,"{""B"": 4}",4,4.0,1.0,True,thesis_github/data/evals/failure_prediction/panel150_gpt_family_tts_v1/gpt54nano_medium/case_memory_knn_sc_grid_ablation_v1/fused_gold2_so3_n3_ens2_judge2/per_question_medprompt_gold_judge_by_repeat.csv
main_panel150_gpt54nano,ICL-EDR,pna_all,pna,pt,pna_panel4_150_133,pna:2023:part_1A:5,710,medium,E,"{""C"": 2, ""E"": 2}",4,2.0,0.5,True,thesis_github/data/evals/failure_prediction/panel150_gpt_family_tts_v1/gpt54nano_medium/case_memory_knn_sc_grid_ablation_v1/fused_gold2_so3_n3_ens2_judge2/per_question_medprompt_gold_judge_by_repeat.csv
main_panel150_gpt54nano,ICL-EDR,pna_all,pna,pt,pna_panel4_150_134,pna:2023:part_1A:50,754,medium,E,"{""E"": 4}",4,4.0,1.0,True,thesis_github/data/evals/failure_prediction/panel150_gpt_family_tts_v1/gpt54nano_medium/case_memory_knn_sc_grid_ablation_v1/fused_gold2_so3_n3_ens2_judge2/per_question_medprompt_gold_judge_by_repeat.csv
main_panel150_gpt54nano,ICL-EDR,pna_all,pna,pt,pna_panel4_150_088,pna:2023:part_1A:52,756,hard,C,"{""C"": 4}",4,4.0,1.0,True,thesis_github/data/evals/failure_prediction/panel150_gpt_family_tts_v1/gpt54nano_medium/case_memory_knn_sc_grid_ablation_v1/fused_gold2_so3_n3_ens2_judge2/per_question_medprompt_gold_judge_by_repeat.csv
main_panel150_gpt54nano,ICL-EDR,pna_all,pna,pt,pna_panel4_150_135,pna:2023:part_1A:55,759,medium,E,"{""E"": 4}",4,4.0,1.0,True,thesis_github/data/evals/failure_prediction/panel150_gpt_family_tts_v1/gpt54nano_medium/case_memory_knn_sc_grid_ablation_v1/fused_gold2_so3_n3_ens2_judge2/per_question_medprompt_gold_judge_by_repeat.csv
main_panel150_gpt54nano,ICL-EDR,pna_all,pna,pt,pna_panel4_150_034,pna:2023:part_1A:68,772,easy,C,"{""C"": 4}",4,4.0,1.0,True,thesis_github/data/evals/failure_prediction/panel150_gpt_family_tts_v1/gpt54nano_medium/case_memory_knn_sc_grid_ablation_v1/fused_gold2_so3_n3_ens2_judge2/per_question_medprompt_gold_judge_by_repeat.csv
main_panel150_gpt54nano,ICL-EDR,pna_all,pna,pt,pna_panel4_150_035,pna:2023:part_1A:71,775,easy,C,"{""C"": 4}",4,4.0,1.0,True,thesis_github/data/evals/failure_prediction/panel150_gpt_family_tts_v1/gpt54nano_medium/case_memory_knn_sc_grid_ablation_v1/fused_gold2_so3_n3_ens2_judge2/per_question_medprompt_gold_judge_by_repeat.csv
main_panel150_gpt54nano,ICL-EDR,pna_all,pna,pt,pna_panel4_150_136,pna:2023:part_2A:103,805,medium,E,"{""E"": 4}",4,4.0,1.0,True,thesis_github/data/evals/failure_prediction/panel150_gpt_family_tts_v1/gpt54nano_medium/case_memory_knn_sc_grid_ablation_v1/fused_gold2_so3_n3_ens2_judge2/per_question_medprompt_gold_judge_by_repeat.csv
main_panel150_gpt54nano,ICL-EDR,pna_all,pna,pt,pna_panel4_150_137,pna:2023:part_2A:105,807,medium,B,"{""B"": 4}",4,4.0,1.0,True,thesis_github/data/evals/failure_prediction/panel150_gpt_family_tts_v1/gpt54nano_medium/case_memory_knn_sc_grid_ablation_v1/fused_gold2_so3_n3_ens2_judge2/per_question_medprompt_gold_judge_by_repeat.csv
main_panel150_gpt54nano,ICL-EDR,pna_all,pna,pt,pna_panel4_150_036,pna:2023:part_2A:124,824,easy,E,"{""E"": 4}",4,4.0,1.0,True,thesis_github/data/evals/failure_prediction/panel150_gpt_family_tts_v1/gpt54nano_medium/case_memory_knn_sc_grid_ablation_v1/fused_gold2_so3_n3_ens2_judge2/per_question_medprompt_gold_judge_by_repeat.csv
main_panel150_gpt54nano,ICL-EDR,pna_all,pna,pt,pna_panel4_150_037,pna:2023:part_2A:141,841,easy,B,"{""B"": 4}",4,4.0,1.0,True,thesis_github/data/evals/failure_prediction/panel150_gpt_family_tts_v1/gpt54nano_medium/case_memory_knn_sc_grid_ablation_v1/fused_gold2_so3_n3_ens2_judge2/per_question_medprompt_gold_judge_by_repeat.csv
main_panel150_gpt54nano,ICL-EDR,pna_all,pna,pt,pna_panel4_150_089,pna:2023:part_2A:81,784,hard,E,"{""A"": 4}",4,0.0,0.0,True,thesis_github/data/evals/failure_prediction/panel150_gpt_family_tts_v1/gpt54nano_medium/case_memory_knn_sc_grid_ablation_v1/fused_gold2_so3_n3_ens2_judge2/per_question_medprompt_gold_judge_by_repeat.csv
main_panel150_gpt54nano,ICL-EDR,pna_all,pna,pt,pna_panel4_150_090,pna:2023:part_2A:87,790,hard,B,"{""D"": 4}",4,0.0,0.0,True,thesis_github/data/evals/failure_prediction/panel150_gpt_family_tts_v1/gpt54nano_medium/case_memory_knn_sc_grid_ablation_v1/fused_gold2_so3_n3_ens2_judge2/per_question_medprompt_gold_judge_by_repeat.csv
main_panel150_gpt54nano,ICL-EDR,pna_all,pna,pt,pna_panel4_150_138,pna:2023:part_2A:90,793,medium,D,"{""D"": 4}",4,4.0,1.0,True,thesis_github/data/evals/failure_prediction/panel150_gpt_family_tts_v1/gpt54nano_medium/case_memory_knn_sc_grid_ablation_v1/fused_gold2_so3_n3_ens2_judge2/per_question_medprompt_gold_judge_by_repeat.csv
main_panel150_gpt54nano,ICL-EDR,pna_all,pna,pt,pna_panel4_150_038,pna:2023:part_2A:91,794,easy,A,"{""C"": 4}",4,0.0,0.0,True,thesis_github/data/evals/failure_prediction/panel150_gpt_family_tts_v1/gpt54nano_medium/case_memory_knn_sc_grid_ablation_v1/fused_gold2_so3_n3_ens2_judge2/per_question_medprompt_gold_judge_by_repeat.csv
main_panel150_gpt54nano,ICL-EDR,pna_all,pna,pt,pna_panel4_150_139,pna:2024:part_1A:11,860,medium,D,"{""D"": 4}",4,4.0,1.0,True,thesis_github/data/evals/failure_prediction/panel150_gpt_family_tts_v1/gpt54nano_medium/case_memory_knn_sc_grid_ablation_v1/fused_gold2_so3_n3_ens2_judge2/per_question_medprompt_gold_judge_by_repeat.csv
main_panel150_gpt54nano,ICL-EDR,pna_all,pna,pt,pna_panel4_150_091,pna:2024:part_1A:12,861,hard,B,"{""B"": 4}",4,4.0,1.0,True,thesis_github/data/evals/failure_prediction/panel150_gpt_family_tts_v1/gpt54nano_medium/case_memory_knn_sc_grid_ablation_v1/fused_gold2_so3_n3_ens2_judge2/per_question_medprompt_gold_judge_by_repeat.csv
main_panel150_gpt54nano,ICL-EDR,pna_all,pna,pt,pna_panel4_150_092,pna:2024:part_1A:31,879,hard,C,"{""A"": 4}",4,0.0,0.0,True,thesis_github/data/evals/failure_prediction/panel150_gpt_family_tts_v1/gpt54nano_medium/case_memory_knn_sc_grid_ablation_v1/fused_gold2_so3_n3_ens2_judge2/per_question_medprompt_gold_judge_by_repeat.csv
main_panel150_gpt54nano,ICL-EDR,pna_all,pna,pt,pna_panel4_150_140,pna:2024:part_1A:35,883,medium,C,"{""C"": 4}",4,4.0,1.0,True,thesis_github/data/evals/failure_prediction/panel150_gpt_family_tts_v1/gpt54nano_medium/case_memory_knn_sc_grid_ablation_v1/fused_gold2_so3_n3_ens2_judge2/per_question_medprompt_gold_judge_by_repeat.csv
main_panel150_gpt54nano,ICL-EDR,pna_all,pna,pt,pna_panel4_150_093,pna:2024:part_1A:44,892,hard,E,"{""B"": 2, ""E"": 2}",4,2.0,0.5,True,thesis_github/data/evals/failure_prediction/panel150_gpt_family_tts_v1/gpt54nano_medium/case_memory_knn_sc_grid_ablation_v1/fused_gold2_so3_n3_ens2_judge2/per_question_medprompt_gold_judge_by_repeat.csv
main_panel150_gpt54nano,ICL-EDR,pna_all,pna,pt,pna_panel4_150_039,pna:2024:part_1A:57,905,easy,E,"{""E"": 4}",4,4.0,1.0,True,thesis_github/data/evals/failure_prediction/panel150_gpt_family_tts_v1/gpt54nano_medium/case_memory_knn_sc_grid_ablation_v1/fused_gold2_so3_n3_ens2_judge2/per_question_medprompt_gold_judge_by_repeat.csv
main_panel150_gpt54nano,ICL-EDR,pna_all,pna,pt,pna_panel4_150_141,pna:2024:part_1A:58,906,medium,E,"{""E"": 4}",4,4.0,1.0,True,thesis_github/data/evals/failure_prediction/panel150_gpt_family_tts_v1/gpt54nano_medium/case_memory_knn_sc_grid_ablation_v1/fused_gold2_so3_n3_ens2_judge2/per_question_medprompt_gold_judge_by_repeat.csv
main_panel150_gpt54nano,ICL-EDR,pna_all,pna,pt,pna_panel4_150_094,pna:2024:part_1A:9,858,hard,A,"{""A"": 4}",4,4.0,1.0,True,thesis_github/data/evals/failure_prediction/panel150_gpt_family_tts_v1/gpt54nano_medium/case_memory_knn_sc_grid_ablation_v1/fused_gold2_so3_n3_ens2_judge2/per_question_medprompt_gold_judge_by_repeat.csv
main_panel150_gpt54nano,ICL-EDR,pna_all,pna,pt,pna_panel4_150_142,pna:2024:part_2A:119,960,medium,D,"{""D"": 4}",4,4.0,1.0,True,thesis_github/data/evals/failure_prediction/panel150_gpt_family_tts_v1/gpt54nano_medium/case_memory_knn_sc_grid_ablation_v1/fused_gold2_so3_n3_ens2_judge2/per_question_medprompt_gold_judge_by_repeat.csv
main_panel150_gpt54nano,ICL-EDR,pna_all,pna,pt,pna_panel4_150_040,pna:2024:part_2A:129,970,easy,B,"{""B"": 4}",4,4.0,1.0,True,thesis_github/data/evals/failure_prediction/panel150_gpt_family_tts_v1/gpt54nano_medium/case_memory_knn_sc_grid_ablation_v1/fused_gold2_so3_n3_ens2_judge2/per_question_medprompt_gold_judge_by_repeat.csv
main_panel150_gpt54nano,ICL-EDR,pna_all,pna,pt,pna_panel4_150_041,pna:2024:part_2A:134,975,easy,E,"{""E"": 4}",4,4.0,1.0,True,thesis_github/data/evals/failure_prediction/panel150_gpt_family_tts_v1/gpt54nano_medium/case_memory_knn_sc_grid_ablation_v1/fused_gold2_so3_n3_ens2_judge2/per_question_medprompt_gold_judge_by_repeat.csv
main_panel150_gpt54nano,ICL-EDR,pna_all,pna,pt,pna_panel4_150_042,pna:2024:part_2A:138,979,easy,A,"{""A"": 4}",4,4.0,1.0,True,thesis_github/data/evals/failure_prediction/panel150_gpt_family_tts_v1/gpt54nano_medium/case_memory_knn_sc_grid_ablation_v1/fused_gold2_so3_n3_ens2_judge2/per_question_medprompt_gold_judge_by_repeat.csv
main_panel150_gpt54nano,ICL-EDR,pna_all,pna,pt,pna_panel4_150_043,pna:2024:part_2A:150,991,easy,A,"{""A"": 4}",4,4.0,1.0,True,thesis_github/data/evals/failure_prediction/panel150_gpt_family_tts_v1/gpt54nano_medium/case_memory_knn_sc_grid_ablation_v1/fused_gold2_so3_n3_ens2_judge2/per_question_medprompt_gold_judge_by_repeat.csv
main_panel150_gpt54nano,ICL-EDR,pna_all,pna,pt,pna_panel4_150_095,pna:2024:part_2A:92,936,hard,C,"{""C"": 2, ""D"": 2}",4,2.0,0.5,True,thesis_github/data/evals/failure_prediction/panel150_gpt_family_tts_v1/gpt54nano_medium/case_memory_knn_sc_grid_ablation_v1/fused_gold2_so3_n3_ens2_judge2/per_question_medprompt_gold_judge_by_repeat.csv
main_panel150_gpt54nano,ICL-EDR,pna_all,pna,pt,pna_panel4_150_096,pna:2024:part_2A:93,937,hard,A,"{""B"": 4}",4,0.0,0.0,True,thesis_github/data/evals/failure_prediction/panel150_gpt_family_tts_v1/gpt54nano_medium/case_memory_knn_sc_grid_ablation_v1/fused_gold2_so3_n3_ens2_judge2/per_question_medprompt_gold_judge_by_repeat.csv
main_panel150_gpt54nano,ICL-EDR,pna_all,pna,pt,pna_panel4_150_044,pna:2024:part_2A:96,940,easy,A,"{""A"": 4}",4,4.0,1.0,True,thesis_github/data/evals/failure_prediction/panel150_gpt_family_tts_v1/gpt54nano_medium/case_memory_knn_sc_grid_ablation_v1/fused_gold2_so3_n3_ens2_judge2/per_question_medprompt_gold_judge_by_repeat.csv
main_panel150_gpt54nano,ICL-EDR,pna_all,pna,pt,pna_panel4_150_143,pna:2024:part_2A:97,941,medium,D,"{""D"": 4}",4,4.0,1.0,True,thesis_github/data/evals/failure_prediction/panel150_gpt_family_tts_v1/gpt54nano_medium/case_memory_knn_sc_grid_ablation_v1/fused_gold2_so3_n3_ens2_judge2/per_question_medprompt_gold_judge_by_repeat.csv
main_panel150_gpt54nano,ICL-EDR,pna_all,pna,pt,pna_panel4_150_144,pna:2025:part_1A:10,1001,medium,D,"{""A"": 2, ""B"": 1, ""D"": 1}",4,1.0,0.25,True,thesis_github/data/evals/failure_prediction/panel150_gpt_family_tts_v1/gpt54nano_medium/case_memory_knn_sc_grid_ablation_v1/fused_gold2_so3_n3_ens2_judge2/per_question_medprompt_gold_judge_by_repeat.csv
main_panel150_gpt54nano,ICL-EDR,pna_all,pna,pt,pna_panel4_150_145,pna:2025:part_1A:22,1013,medium,A,"{""A"": 4}",4,4.0,1.0,True,thesis_github/data/evals/failure_prediction/panel150_gpt_family_tts_v1/gpt54nano_medium/case_memory_knn_sc_grid_ablation_v1/fused_gold2_so3_n3_ens2_judge2/per_question_medprompt_gold_judge_by_repeat.csv
main_panel150_gpt54nano,ICL-EDR,pna_all,pna,pt,pna_panel4_150_045,pna:2025:part_1A:23,1014,easy,B,"{""B"": 4}",4,4.0,1.0,True,thesis_github/data/evals/failure_prediction/panel150_gpt_family_tts_v1/gpt54nano_medium/case_memory_knn_sc_grid_ablation_v1/fused_gold2_so3_n3_ens2_judge2/per_question_medprompt_gold_judge_by_repeat.csv
main_panel150_gpt54nano,ICL-EDR,pna_all,pna,pt,pna_panel4_150_146,pna:2025:part_1A:35,1025,medium,A,"{""A"": 4}",4,4.0,1.0,True,thesis_github/data/evals/failure_prediction/panel150_gpt_family_tts_v1/gpt54nano_medium/case_memory_knn_sc_grid_ablation_v1/fused_gold2_so3_n3_ens2_judge2/per_question_medprompt_gold_judge_by_repeat.csv
main_panel150_gpt54nano,ICL-EDR,pna_all,pna,pt,pna_panel4_150_046,pna:2025:part_1A:4,995,easy,A,"{""A"": 4}",4,4.0,1.0,True,thesis_github/data/evals/failure_prediction/panel150_gpt_family_tts_v1/gpt54nano_medium/case_memory_knn_sc_grid_ablation_v1/fused_gold2_so3_n3_ens2_judge2/per_question_medprompt_gold_judge_by_repeat.csv
main_panel150_gpt54nano,ICL-EDR,pna_all,pna,pt,pna_panel4_150_097,pna:2025:part_1A:42,1031,hard,E,"{""C"": 4}",4,0.0,0.0,True,thesis_github/data/evals/failure_prediction/panel150_gpt_family_tts_v1/gpt54nano_medium/case_memory_knn_sc_grid_ablation_v1/fused_gold2_so3_n3_ens2_judge2/per_question_medprompt_gold_judge_by_repeat.csv
main_panel150_gpt54nano,ICL-EDR,pna_all,pna,pt,pna_panel4_150_047,pna:2025:part_1A:59,1048,easy,D,"{""D"": 4}",4,4.0,1.0,True,thesis_github/data/evals/failure_prediction/panel150_gpt_family_tts_v1/gpt54nano_medium/case_memory_knn_sc_grid_ablation_v1/fused_gold2_so3_n3_ens2_judge2/per_question_medprompt_gold_judge_by_repeat.csv
main_panel150_gpt54nano,ICL-EDR,pna_all,pna,pt,pna_panel4_150_147,pna:2025:part_1A:60,1049,medium,A,"{""A"": 4}",4,4.0,1.0,True,thesis_github/data/evals/failure_prediction/panel150_gpt_family_tts_v1/gpt54nano_medium/case_memory_knn_sc_grid_ablation_v1/fused_gold2_so3_n3_ens2_judge2/per_question_medprompt_gold_judge_by_repeat.csv
main_panel150_gpt54nano,ICL-EDR,pna_all,pna,pt,pna_panel4_150_098,pna:2025:part_1A:72,1058,hard,C,"{""A"": 1, ""E"": 3}",4,0.0,0.0,True,thesis_github/data/evals/failure_prediction/panel150_gpt_family_tts_v1/gpt54nano_medium/case_memory_knn_sc_grid_ablation_v1/fused_gold2_so3_n3_ens2_judge2/per_question_medprompt_gold_judge_by_repeat.csv
main_panel150_gpt54nano,ICL-EDR,pna_all,pna,pt,pna_panel4_150_048,pna:2025:part_1A:8,999,easy,A,"{""A"": 4}",4,4.0,1.0,True,thesis_github/data/evals/failure_prediction/panel150_gpt_family_tts_v1/gpt54nano_medium/case_memory_knn_sc_grid_ablation_v1/fused_gold2_so3_n3_ens2_judge2/per_question_medprompt_gold_judge_by_repeat.csv
main_panel150_gpt54nano,ICL-EDR,pna_all,pna,pt,pna_panel4_150_049,pna:2025:part_2A:106,1089,easy,B,"{""B"": 4}",4,4.0,1.0,True,thesis_github/data/evals/failure_prediction/panel150_gpt_family_tts_v1/gpt54nano_medium/case_memory_knn_sc_grid_ablation_v1/fused_gold2_so3_n3_ens2_judge2/per_question_medprompt_gold_judge_by_repeat.csv
main_panel150_gpt54nano,ICL-EDR,pna_all,pna,pt,pna_panel4_150_148,pna:2025:part_2A:107,1090,medium,D,"{""D"": 4}",4,4.0,1.0,True,thesis_github/data/evals/failure_prediction/panel150_gpt_family_tts_v1/gpt54nano_medium/case_memory_knn_sc_grid_ablation_v1/fused_gold2_so3_n3_ens2_judge2/per_question_medprompt_gold_judge_by_repeat.csv
main_panel150_gpt54nano,ICL-EDR,pna_all,pna,pt,pna_panel4_150_149,pna:2025:part_2A:113,1096,medium,E,"{""E"": 4}",4,4.0,1.0,True,thesis_github/data/evals/failure_prediction/panel150_gpt_family_tts_v1/gpt54nano_medium/case_memory_knn_sc_grid_ablation_v1/fused_gold2_so3_n3_ens2_judge2/per_question_medprompt_gold_judge_by_repeat.csv
main_panel150_gpt54nano,ICL-EDR,pna_all,pna,pt,pna_panel4_150_099,pna:2025:part_2A:118,1101,hard,E,"{""B"": 4}",4,0.0,0.0,True,thesis_github/data/evals/failure_prediction/panel150_gpt_family_tts_v1/gpt54nano_medium/case_memory_knn_sc_grid_ablation_v1/fused_gold2_so3_n3_ens2_judge2/per_question_medprompt_gold_judge_by_repeat.csv
main_panel150_gpt54nano,ICL-EDR,pna_all,pna,pt,pna_panel4_150_100,pna:2025:part_2A:130,1113,hard,B,"{""B"": 4}",4,4.0,1.0,True,thesis_github/data/evals/failure_prediction/panel150_gpt_family_tts_v1/gpt54nano_medium/case_memory_knn_sc_grid_ablation_v1/fused_gold2_so3_n3_ens2_judge2/per_question_medprompt_gold_judge_by_repeat.csv
main_panel150_gpt54nano,ICL-EDR,pna_all,pna,pt,pna_panel4_150_050,pna:2025:part_2A:148,1130,easy,C,"{""C"": 4}",4,4.0,1.0,True,thesis_github/data/evals/failure_prediction/panel150_gpt_family_tts_v1/gpt54nano_medium/case_memory_knn_sc_grid_ablation_v1/fused_gold2_so3_n3_ens2_judge2/per_question_medprompt_gold_judge_by_repeat.csv
main_panel150_gpt54nano,ICL-EDR,pna_all,pna,pt,pna_panel4_150_150,pna:2025:part_2A:85,1069,medium,C,"{""C"": 4}",4,4.0,1.0,True,thesis_github/data/evals/failure_prediction/panel150_gpt_family_tts_v1/gpt54nano_medium/case_memory_knn_sc_grid_ablation_v1/fused_gold2_so3_n3_ens2_judge2/per_question_medprompt_gold_judge_by_repeat.csv
main_panel150_gpt54nano,iMedRAG,medqa_test,medqa,en,medqa_panel4_150_116,test:100,100,medium,E,"{""E"": 1}",1,1.0,1.0,True,thesis_github/data/evals/failure_prediction/panel150_gpt_family_tts_v1/gpt54nano_medium/imedrag_medtext_medcpt_v1/imedrag_per_question.csv
main_panel150_gpt54nano,iMedRAG,medqa_test,medqa,en,medqa_panel4_150_016,test:1000,1000,easy,C,"{""C"": 1}",1,1.0,1.0,True,thesis_github/data/evals/failure_prediction/panel150_gpt_family_tts_v1/gpt54nano_medium/imedrag_medtext_medcpt_v1/imedrag_per_question.csv
main_panel150_gpt54nano,iMedRAG,medqa_test,medqa,en,medqa_panel4_150_117,test:1008,1008,medium,E,"{""E"": 1}",1,1.0,1.0,True,thesis_github/data/evals/failure_prediction/panel150_gpt_family_tts_v1/gpt54nano_medium/imedrag_medtext_medcpt_v1/imedrag_per_question.csv
main_panel150_gpt54nano,iMedRAG,medqa_test,medqa,en,medqa_panel4_150_101,test:1010,1010,medium,C,"{""C"": 1}",1,1.0,1.0,True,thesis_github/data/evals/failure_prediction/panel150_gpt_family_tts_v1/gpt54nano_medium/imedrag_medtext_medcpt_v1/imedrag_per_question.csv
main_panel150_gpt54nano,iMedRAG,medqa_test,medqa,en,medqa_panel4_150_118,test:1030,1030,medium,A,"{""A"": 1}",1,1.0,1.0,True,thesis_github/data/evals/failure_prediction/panel150_gpt_family_tts_v1/gpt54nano_medium/imedrag_medtext_medcpt_v1/imedrag_per_question.csv
main_panel150_gpt54nano,iMedRAG,medqa_test,medqa,en,medqa_panel4_150_017,test:105,105,easy,B,"{""B"": 1}",1,1.0,1.0,True,thesis_github/data/evals/failure_prediction/panel150_gpt_family_tts_v1/gpt54nano_medium/imedrag_medtext_medcpt_v1/imedrag_per_question.csv
main_panel150_gpt54nano,iMedRAG,medqa_test,medqa,en,medqa_panel4_150_119,test:1054,1054,medium,A,"{""A"": 1}",1,1.0,1.0,True,thesis_github/data/evals/failure_prediction/panel150_gpt_family_tts_v1/gpt54nano_medium/imedrag_medtext_medcpt_v1/imedrag_per_question.csv
main_panel150_gpt54nano,iMedRAG,medqa_test,medqa,en,medqa_panel4_150_102,test:1057,1057,medium,B,"{""A"": 1}",1,0.0,0.0,True,thesis_github/data/evals/failure_prediction/panel150_gpt_family_tts_v1/gpt54nano_medium/imedrag_medtext_medcpt_v1/imedrag_per_question.csv
main_panel150_gpt54nano,iMedRAG,medqa_test,medqa,en,medqa_panel4_150_066,test:106,106,hard,C,"{""C"": 1}",1,1.0,1.0,True,thesis_github/data/evals/failure_prediction/panel150_gpt_family_tts_v1/gpt54nano_medium/imedrag_medtext_medcpt_v1/imedrag_per_question.csv
main_panel150_gpt54nano,iMedRAG,medqa_test,medqa,en,medqa_panel4_150_120,test:1074,1074,medium,C,"{""C"": 1}",1,1.0,1.0,True,thesis_github/data/evals/failure_prediction/panel150_gpt_family_tts_v1/gpt54nano_medium/imedrag_medtext_medcpt_v1/imedrag_per_question.csv
main_panel150_gpt54nano,iMedRAG,medqa_test,medqa,en,medqa_panel4_150_051,test:1076,1076,hard,B,"{""E"": 1}",1,0.0,0.0,True,thesis_github/data/evals/failure_prediction/panel150_gpt_family_tts_v1/gpt54nano_medium/imedrag_medtext_medcpt_v1/imedrag_per_question.csv
main_panel150_gpt54nano,iMedRAG,medqa_test,medqa,en,medqa_panel4_150_018,test:1083,1083,easy,A,"{""A"": 1}",1,1.0,1.0,True,thesis_github/data/evals/failure_prediction/panel150_gpt_family_tts_v1/gpt54nano_medium/imedrag_medtext_medcpt_v1/imedrag_per_question.csv
main_panel150_gpt54nano,iMedRAG,medqa_test,medqa,en,medqa_panel4_150_052,test:1100,1100,hard,B,"{""B"": 1}",1,1.0,1.0,True,thesis_github/data/evals/failure_prediction/panel150_gpt_family_tts_v1/gpt54nano_medium/imedrag_medtext_medcpt_v1/imedrag_per_question.csv
main_panel150_gpt54nano,iMedRAG,medqa_test,medqa,en,medqa_panel4_150_053,test:1106,1106,hard,C,"{""C"": 1}",1,1.0,1.0,True,thesis_github/data/evals/failure_prediction/panel150_gpt_family_tts_v1/gpt54nano_medium/imedrag_medtext_medcpt_v1/imedrag_per_question.csv
main_panel150_gpt54nano,iMedRAG,medqa_test,medqa,en,medqa_panel4_150_001,test:1108,1108,easy,D,"{""D"": 1}",1,1.0,1.0,True,thesis_github/data/evals/failure_prediction/panel150_gpt_family_tts_v1/gpt54nano_medium/imedrag_medtext_medcpt_v1/imedrag_per_question.csv
main_panel150_gpt54nano,iMedRAG,medqa_test,medqa,en,medqa_panel4_150_054,test:1135,1135,hard,E,"{""E"": 1}",1,1.0,1.0,True,thesis_github/data/evals/failure_prediction/panel150_gpt_family_tts_v1/gpt54nano_medium/imedrag_medtext_medcpt_v1/imedrag_per_question.csv
main_panel150_gpt54nano,iMedRAG,medqa_test,medqa,en,medqa_panel4_150_103,test:1140,1140,medium,C,"{""C"": 1}",1,1.0,1.0,True,thesis_github/data/evals/failure_prediction/panel150_gpt_family_tts_v1/gpt54nano_medium/imedrag_medtext_medcpt_v1/imedrag_per_question.csv
main_panel150_gpt54nano,iMedRAG,medqa_test,medqa,en,medqa_panel4_150_121,test:1149,1149,medium,B,"{""B"": 1}",1,1.0,1.0,True,thesis_github/data/evals/failure_prediction/panel150_gpt_family_tts_v1/gpt54nano_medium/imedrag_medtext_medcpt_v1/imedrag_per_question.csv
main_panel150_gpt54nano,iMedRAG,medqa_test,medqa,en,medqa_panel4_150_104,test:1153,1153,medium,A,"{""A"": 1}",1,1.0,1.0,True,thesis_github/data/evals/failure_prediction/panel150_gpt_family_tts_v1/gpt54nano_medium/imedrag_medtext_medcpt_v1/imedrag_per_question.csv
main_panel150_gpt54nano,iMedRAG,medqa_test,medqa,en,medqa_panel4_150_002,test:1155,1155,easy,E,"{""E"": 1}",1,1.0,1.0,True,thesis_github/data/evals/failure_prediction/panel150_gpt_family_tts_v1/gpt54nano_medium/imedrag_medtext_medcpt_v1/imedrag_per_question.csv
main_panel150_gpt54nano,iMedRAG,medqa_test,medqa,en,medqa_panel4_150_055,test:1161,1161,hard,B,"{""B"": 1}",1,1.0,1.0,True,thesis_github/data/evals/failure_prediction/panel150_gpt_family_tts_v1/gpt54nano_medium/imedrag_medtext_medcpt_v1/imedrag_per_question.csv
main_panel150_gpt54nano,iMedRAG,medqa_test,medqa,en,medqa_panel4_150_067,test:1164,1164,hard,A,"{""A"": 1}",1,1.0,1.0,True,thesis_github/data/evals/failure_prediction/panel150_gpt_family_tts_v1/gpt54nano_medium/imedrag_medtext_medcpt_v1/imedrag_per_question.csv
main_panel150_gpt54nano,iMedRAG,medqa_test,medqa,en,medqa_panel4_150_122,test:117,117,medium,D,"{""A"": 1}",1,0.0,0.0,True,thesis_github/data/evals/failure_prediction/panel150_gpt_family_tts_v1/gpt54nano_medium/imedrag_medtext_medcpt_v1/imedrag_per_question.csv
main_panel150_gpt54nano,iMedRAG,medqa_test,medqa,en,medqa_panel4_150_123,test:1179,1179,medium,C,"{""D"": 1}",1,0.0,0.0,True,thesis_github/data/evals/failure_prediction/panel150_gpt_family_tts_v1/gpt54nano_medium/imedrag_medtext_medcpt_v1/imedrag_per_question.csv
main_panel150_gpt54nano,iMedRAG,medqa_test,medqa,en,medqa_panel4_150_003,test:1182,1182,easy,A,"{""A"": 1}",1,1.0,1.0,True,thesis_github/data/evals/failure_prediction/panel150_gpt_family_tts_v1/gpt54nano_medium/imedrag_medtext_medcpt_v1/imedrag_per_question.csv
main_panel150_gpt54nano,iMedRAG,medqa_test,medqa,en,medqa_panel4_150_004,test:1194,1194,easy,E,"{""E"": 1}",1,1.0,1.0,True,thesis_github/data/evals/failure_prediction/panel150_gpt_family_tts_v1/gpt54nano_medium/imedrag_medtext_medcpt_v1/imedrag_per_question.csv
main_panel150_gpt54nano,iMedRAG,medqa_test,medqa,en,medqa_panel4_150_124,test:1203,1203,medium,C,"{""C"": 1}",1,1.0,1.0,True,thesis_github/data/evals/failure_prediction/panel150_gpt_family_tts_v1/gpt54nano_medium/imedrag_medtext_medcpt_v1/imedrag_per_question.csv
main_panel150_gpt54nano,iMedRAG,medqa_test,medqa,en,medqa_panel4_150_005,test:1207,1207,easy,B,"{""B"": 1}",1,1.0,1.0,True,thesis_github/data/evals/failure_prediction/panel150_gpt_family_tts_v1/gpt54nano_medium/imedrag_medtext_medcpt_v1/imedrag_per_question.csv
main_panel150_gpt54nano,iMedRAG,medqa_test,medqa,en,medqa_panel4_150_056,test:1220,1220,hard,A,"{""A"": 1}",1,1.0,1.0,True,thesis_github/data/evals/failure_prediction/panel150_gpt_family_tts_v1/gpt54nano_medium/imedrag_medtext_medcpt_v1/imedrag_per_question.csv
main_panel150_gpt54nano,iMedRAG,medqa_test,medqa,en,medqa_panel4_150_068,test:1233,1233,hard,B,"{""A"": 1}",1,0.0,0.0,True,thesis_github/data/evals/failure_prediction/panel150_gpt_family_tts_v1/gpt54nano_medium/imedrag_medtext_medcpt_v1/imedrag_per_question.csv
main_panel150_gpt54nano,iMedRAG,medqa_test,medqa,en,medqa_panel4_150_019,test:1259,1259,easy,C,"{""C"": 1}",1,1.0,1.0,True,thesis_github/data/evals/failure_prediction/panel150_gpt_family_tts_v1/gpt54nano_medium/imedrag_medtext_medcpt_v1/imedrag_per_question.csv
main_panel150_gpt54nano,iMedRAG,medqa_test,medqa,en,medqa_panel4_150_020,test:1264,1264,easy,B,"{""B"": 1}",1,1.0,1.0,True,thesis_github/data/evals/failure_prediction/panel150_gpt_family_tts_v1/gpt54nano_medium/imedrag_medtext_medcpt_v1/imedrag_per_question.csv
main_panel150_gpt54nano,iMedRAG,medqa_test,medqa,en,medqa_panel4_150_069,test:1269,1269,hard,E,"{""E"": 1}",1,1.0,1.0,True,thesis_github/data/evals/failure_prediction/panel150_gpt_family_tts_v1/gpt54nano_medium/imedrag_medtext_medcpt_v1/imedrag_per_question.csv
main_panel150_gpt54nano,iMedRAG,medqa_test,medqa,en,medqa_panel4_150_070,test:1270,1270,hard,C,"{""B"": 1}",1,0.0,0.0,True,thesis_github/data/evals/failure_prediction/panel150_gpt_family_tts_v1/gpt54nano_medium/imedrag_medtext_medcpt_v1/imedrag_per_question.csv
main_panel150_gpt54nano,iMedRAG,medqa_test,medqa,en,medqa_panel4_150_021,test:1271,1271,easy,C,"{""C"": 1}",1,1.0,1.0,True,thesis_github/data/evals/failure_prediction/panel150_gpt_family_tts_v1/gpt54nano_medium/imedrag_medtext_medcpt_v1/imedrag_per_question.csv
main_panel150_gpt54nano,iMedRAG,medqa_test,medqa,en,medqa_panel4_150_071,test:128,128,hard,A,"{""C"": 1}",1,0.0,0.0,True,thesis_github/data/evals/failure_prediction/panel150_gpt_family_tts_v1/gpt54nano_medium/imedrag_medtext_medcpt_v1/imedrag_per_question.csv
main_panel150_gpt54nano,iMedRAG,medqa_test,medqa,en,medqa_panel4_150_022,test:133,133,easy,B,"{""B"": 1}",1,1.0,1.0,True,thesis_github/data/evals/failure_prediction/panel150_gpt_family_tts_v1/gpt54nano_medium/imedrag_medtext_medcpt_v1/imedrag_per_question.csv
main_panel150_gpt54nano,iMedRAG,medqa_test,medqa,en,medqa_panel4_150_006,test:140,140,easy,D,"{""D"": 1}",1,1.0,1.0,True,thesis_github/data/evals/failure_prediction/panel150_gpt_family_tts_v1/gpt54nano_medium/imedrag_medtext_medcpt_v1/imedrag_per_question.csv
main_panel150_gpt54nano,iMedRAG,medqa_test,medqa,en,medqa_panel4_150_023,test:144,144,easy,D,"{""D"": 1}",1,1.0,1.0,True,thesis_github/data/evals/failure_prediction/panel150_gpt_family_tts_v1/gpt54nano_medium/imedrag_medtext_medcpt_v1/imedrag_per_question.csv
main_panel150_gpt54nano,iMedRAG,medqa_test,medqa,en,medqa_panel4_150_072,test:15,15,hard,B,"{""D"": 1}",1,0.0,0.0,True,thesis_github/data/evals/failure_prediction/panel150_gpt_family_tts_v1/gpt54nano_medium/imedrag_medtext_medcpt_v1/imedrag_per_question.csv
main_panel150_gpt54nano,iMedRAG,medqa_test,medqa,en,medqa_panel4_150_073,test:155,155,hard,E,"{""D"": 1}",1,0.0,0.0,True,thesis_github/data/evals/failure_prediction/panel150_gpt_family_tts_v1/gpt54nano_medium/imedrag_medtext_medcpt_v1/imedrag_per_question.csv
main_panel150_gpt54nano,iMedRAG,medqa_test,medqa,en,medqa_panel4_150_024,test:161,161,easy,B,"{""B"": 1}",1,1.0,1.0,True,thesis_github/data/evals/failure_prediction/panel150_gpt_family_tts_v1/gpt54nano_medium/imedrag_medtext_medcpt_v1/imedrag_per_question.csv
main_panel150_gpt54nano,iMedRAG,medqa_test,medqa,en,medqa_panel4_150_025,test:170,170,easy,C,"{""C"": 1}",1,1.0,1.0,True,thesis_github/data/evals/failure_prediction/panel150_gpt_family_tts_v1/gpt54nano_medium/imedrag_medtext_medcpt_v1/imedrag_per_question.csv
main_panel150_gpt54nano,iMedRAG,medqa_test,medqa,en,medqa_panel4_150_125,test:171,171,medium,D,"{""D"": 1}",1,1.0,1.0,True,thesis_github/data/evals/failure_prediction/panel150_gpt_family_tts_v1/gpt54nano_medium/imedrag_medtext_medcpt_v1/imedrag_per_question.csv
main_panel150_gpt54nano,iMedRAG,medqa_test,medqa,en,medqa_panel4_150_126,test:185,185,medium,D,"{""D"": 1}",1,1.0,1.0,True,thesis_github/data/evals/failure_prediction/panel150_gpt_family_tts_v1/gpt54nano_medium/imedrag_medtext_medcpt_v1/imedrag_per_question.csv
main_panel150_gpt54nano,iMedRAG,medqa_test,medqa,en,medqa_panel4_150_074,test:19,19,hard,E,"{""E"": 1}",1,1.0,1.0,True,thesis_github/data/evals/failure_prediction/panel150_gpt_family_tts_v1/gpt54nano_medium/imedrag_medtext_medcpt_v1/imedrag_per_question.csv
main_panel150_gpt54nano,iMedRAG,medqa_test,medqa,en,medqa_panel4_150_026,test:192,192,easy,E,"{""E"": 1}",1,1.0,1.0,True,thesis_github/data/evals/failure_prediction/panel150_gpt_family_tts_v1/gpt54nano_medium/imedrag_medtext_medcpt_v1/imedrag_per_question.csv
main_panel150_gpt54nano,iMedRAG,medqa_test,medqa,en,medqa_panel4_150_105,test:196,196,medium,A,"{""B"": 1}",1,0.0,0.0,True,thesis_github/data/evals/failure_prediction/panel150_gpt_family_tts_v1/gpt54nano_medium/imedrag_medtext_medcpt_v1/imedrag_per_question.csv
main_panel150_gpt54nano,iMedRAG,medqa_test,medqa,en,medqa_panel4_150_106,test:198,198,medium,E,"{""E"": 1}",1,1.0,1.0,True,thesis_github/data/evals/failure_prediction/panel150_gpt_family_tts_v1/gpt54nano_medium/imedrag_medtext_medcpt_v1/imedrag_per_question.csv
main_panel150_gpt54nano,iMedRAG,medqa_test,medqa,en,medqa_panel4_150_027,test:2,2,easy,C,"{""C"": 1}",1,1.0,1.0,True,thesis_github/data/evals/failure_prediction/panel150_gpt_family_tts_v1/gpt54nano_medium/imedrag_medtext_medcpt_v1/imedrag_per_question.csv
main_panel150_gpt54nano,iMedRAG,medqa_test,medqa,en,medqa_panel4_150_107,test:204,204,medium,C,"{""C"": 1}",1,1.0,1.0,True,thesis_github/data/evals/failure_prediction/panel150_gpt_family_tts_v1/gpt54nano_medium/imedrag_medtext_medcpt_v1/imedrag_per_question.csv
main_panel150_gpt54nano,iMedRAG,medqa_test,medqa,en,medqa_panel4_150_075,test:211,211,hard,B,"{""D"": 1}",1,0.0,0.0,True,thesis_github/data/evals/failure_prediction/panel150_gpt_family_tts_v1/gpt54nano_medium/imedrag_medtext_medcpt_v1/imedrag_per_question.csv
main_panel150_gpt54nano,iMedRAG,medqa_test,medqa,en,medqa_panel4_150_028,test:232,232,easy,D,"{""D"": 1}",1,1.0,1.0,True,thesis_github/data/evals/failure_prediction/panel150_gpt_family_tts_v1/gpt54nano_medium/imedrag_medtext_medcpt_v1/imedrag_per_question.csv
main_panel150_gpt54nano,iMedRAG,medqa_test,medqa,en,medqa_panel4_150_127,test:241,241,medium,B,"{""B"": 1}",1,1.0,1.0,True,thesis_github/data/evals/failure_prediction/panel150_gpt_family_tts_v1/gpt54nano_medium/imedrag_medtext_medcpt_v1/imedrag_per_question.csv
main_panel150_gpt54nano,iMedRAG,medqa_test,medqa,en,medqa_panel4_150_076,test:250,250,hard,A,"{""D"": 1}",1,0.0,0.0,True,thesis_github/data/evals/failure_prediction/panel150_gpt_family_tts_v1/gpt54nano_medium/imedrag_medtext_medcpt_v1/imedrag_per_question.csv
main_panel150_gpt54nano,iMedRAG,medqa_test,medqa,en,medqa_panel4_150_029,test:260,260,easy,C,"{""C"": 1}",1,1.0,1.0,True,thesis_github/data/evals/failure_prediction/panel150_gpt_family_tts_v1/gpt54nano_medium/imedrag_medtext_medcpt_v1/imedrag_per_question.csv
main_panel150_gpt54nano,iMedRAG,medqa_test,medqa,en,medqa_panel4_150_030,test:261,261,easy,C,"{""C"": 1}",1,1.0,1.0,True,thesis_github/data/evals/failure_prediction/panel150_gpt_family_tts_v1/gpt54nano_medium/imedrag_medtext_medcpt_v1/imedrag_per_question.csv
main_panel150_gpt54nano,iMedRAG,medqa_test,medqa,en,medqa_panel4_150_077,test:271,271,hard,B,"{""D"": 1}",1,0.0,0.0,True,thesis_github/data/evals/failure_prediction/panel150_gpt_family_tts_v1/gpt54nano_medium/imedrag_medtext_medcpt_v1/imedrag_per_question.csv
main_panel150_gpt54nano,iMedRAG,medqa_test,medqa,en,medqa_panel4_150_031,test:279,279,easy,B,"{""B"": 1}",1,1.0,1.0,True,thesis_github/data/evals/failure_prediction/panel150_gpt_family_tts_v1/gpt54nano_medium/imedrag_medtext_medcpt_v1/imedrag_per_question.csv
main_panel150_gpt54nano,iMedRAG,medqa_test,medqa,en,medqa_panel4_150_078,test:285,285,hard,D,"{""E"": 1}",1,0.0,0.0,True,thesis_github/data/evals/failure_prediction/panel150_gpt_family_tts_v1/gpt54nano_medium/imedrag_medtext_medcpt_v1/imedrag_per_question.csv
main_panel150_gpt54nano,iMedRAG,medqa_test,medqa,en,medqa_panel4_150_079,test:29,29,hard,D,"{""D"": 1}",1,1.0,1.0,True,thesis_github/data/evals/failure_prediction/panel150_gpt_family_tts_v1/gpt54nano_medium/imedrag_medtext_medcpt_v1/imedrag_per_question.csv
main_panel150_gpt54nano,iMedRAG,medqa_test,medqa,en,medqa_panel4_150_032,test:316,316,easy,A,"{""A"": 1}",1,1.0,1.0,True,thesis_github/data/evals/failure_prediction/panel150_gpt_family_tts_v1/gpt54nano_medium/imedrag_medtext_medcpt_v1/imedrag_per_question.csv
main_panel150_gpt54nano,iMedRAG,medqa_test,medqa,en,medqa_panel4_150_128,test:326,326,medium,B,"{""B"": 1}",1,1.0,1.0,True,thesis_github/data/evals/failure_prediction/panel150_gpt_family_tts_v1/gpt54nano_medium/imedrag_medtext_medcpt_v1/imedrag_per_question.csv
main_panel150_gpt54nano,iMedRAG,medqa_test,medqa,en,medqa_panel4_150_080,test:337,337,hard,C,"{""C"": 1}",1,1.0,1.0,True,thesis_github/data/evals/failure_prediction/panel150_gpt_family_tts_v1/gpt54nano_medium/imedrag_medtext_medcpt_v1/imedrag_per_question.csv
main_panel150_gpt54nano,iMedRAG,medqa_test,medqa,en,medqa_panel4_150_129,test:345,345,medium,C,"{""C"": 1}",1,1.0,1.0,True,thesis_github/data/evals/failure_prediction/panel150_gpt_family_tts_v1/gpt54nano_medium/imedrag_medtext_medcpt_v1/imedrag_per_question.csv
main_panel150_gpt54nano,iMedRAG,medqa_test,medqa,en,medqa_panel4_150_007,test:356,356,easy,A,"{""A"": 1}",1,1.0,1.0,True,thesis_github/data/evals/failure_prediction/panel150_gpt_family_tts_v1/gpt54nano_medium/imedrag_medtext_medcpt_v1/imedrag_per_question.csv
main_panel150_gpt54nano,iMedRAG,medqa_test,medqa,en,medqa_panel4_150_130,test:358,358,medium,B,"{""B"": 1}",1,1.0,1.0,True,thesis_github/data/evals/failure_prediction/panel150_gpt_family_tts_v1/gpt54nano_medium/imedrag_medtext_medcpt_v1/imedrag_per_question.csv
main_panel150_gpt54nano,iMedRAG,medqa_test,medqa,en,medqa_panel4_150_108,test:36,36,medium,E,"{""E"": 1}",1,1.0,1.0,True,thesis_github/data/evals/failure_prediction/panel150_gpt_family_tts_v1/gpt54nano_medium/imedrag_medtext_medcpt_v1/imedrag_per_question.csv
main_panel150_gpt54nano,iMedRAG,medqa_test,medqa,en,medqa_panel4_150_131,test:372,372,medium,E,"{""E"": 1}",1,1.0,1.0,True,thesis_github/data/evals/failure_prediction/panel150_gpt_family_tts_v1/gpt54nano_medium/imedrag_medtext_medcpt_v1/imedrag_per_question.csv
main_panel150_gpt54nano,iMedRAG,medqa_test,medqa,en,medqa_panel4_150_033,test:374,374,easy,D,"{""D"": 1}",1,1.0,1.0,True,thesis_github/data/evals/failure_prediction/panel150_gpt_family_tts_v1/gpt54nano_medium/imedrag_medtext_medcpt_v1/imedrag_per_question.csv
main_panel150_gpt54nano,iMedRAG,medqa_test,medqa,en,medqa_panel4_150_034,test:387,387,easy,B,"{""B"": 1}",1,1.0,1.0,True,thesis_github/data/evals/failure_prediction/panel150_gpt_family_tts_v1/gpt54nano_medium/imedrag_medtext_medcpt_v1/imedrag_per_question.csv
main_panel150_gpt54nano,iMedRAG,medqa_test,medqa,en,medqa_panel4_150_008,test:400,400,easy,B,"{""B"": 1}",1,1.0,1.0,True,thesis_github/data/evals/failure_prediction/panel150_gpt_family_tts_v1/gpt54nano_medium/imedrag_medtext_medcpt_v1/imedrag_per_question.csv
main_panel150_gpt54nano,iMedRAG,medqa_test,medqa,en,medqa_panel4_150_132,test:401,401,medium,C,"{""A"": 1}",1,0.0,0.0,True,thesis_github/data/evals/failure_prediction/panel150_gpt_family_tts_v1/gpt54nano_medium/imedrag_medtext_medcpt_v1/imedrag_per_question.csv
main_panel150_gpt54nano,iMedRAG,medqa_test,medqa,en,medqa_panel4_150_081,test:413,413,hard,B,"{""B"": 1}",1,1.0,1.0,True,thesis_github/data/evals/failure_prediction/panel150_gpt_family_tts_v1/gpt54nano_medium/imedrag_medtext_medcpt_v1/imedrag_per_question.csv
main_panel150_gpt54nano,iMedRAG,medqa_test,medqa,en,medqa_panel4_150_133,test:42,42,medium,A,"{""A"": 1}",1,1.0,1.0,True,thesis_github/data/evals/failure_prediction/panel150_gpt_family_tts_v1/gpt54nano_medium/imedrag_medtext_medcpt_v1/imedrag_per_question.csv
main_panel150_gpt54nano,iMedRAG,medqa_test,medqa,en,medqa_panel4_150_134,test:422,422,medium,A,"{""A"": 1}",1,1.0,1.0,True,thesis_github/data/evals/failure_prediction/panel150_gpt_family_tts_v1/gpt54nano_medium/imedrag_medtext_medcpt_v1/imedrag_per_question.csv
main_panel150_gpt54nano,iMedRAG,medqa_test,medqa,en,medqa_panel4_150_082,test:423,423,hard,E,"{""B"": 1}",1,0.0,0.0,True,thesis_github/data/evals/failure_prediction/panel150_gpt_family_tts_v1/gpt54nano_medium/imedrag_medtext_medcpt_v1/imedrag_per_question.csv
main_panel150_gpt54nano,iMedRAG,medqa_test,medqa,en,medqa_panel4_150_109,test:425,425,medium,C,"{""D"": 1}",1,0.0,0.0,True,thesis_github/data/evals/failure_prediction/panel150_gpt_family_tts_v1/gpt54nano_medium/imedrag_medtext_medcpt_v1/imedrag_per_question.csv
main_panel150_gpt54nano,iMedRAG,medqa_test,medqa,en,medqa_panel4_150_009,test:436,436,easy,C,"{""C"": 1}",1,1.0,1.0,True,thesis_github/data/evals/failure_prediction/panel150_gpt_family_tts_v1/gpt54nano_medium/imedrag_medtext_medcpt_v1/imedrag_per_question.csv
main_panel150_gpt54nano,iMedRAG,medqa_test,medqa,en,medqa_panel4_150_083,test:44,44,hard,B,"{""D"": 1}",1,0.0,0.0,True,thesis_github/data/evals/failure_prediction/panel150_gpt_family_tts_v1/gpt54nano_medium/imedrag_medtext_medcpt_v1/imedrag_per_question.csv
main_panel150_gpt54nano,iMedRAG,medqa_test,medqa,en,medqa_panel4_150_010,test:451,451,easy,E,"{""E"": 1}",1,1.0,1.0,True,thesis_github/data/evals/failure_prediction/panel150_gpt_family_tts_v1/gpt54nano_medium/imedrag_medtext_medcpt_v1/imedrag_per_question.csv
main_panel150_gpt54nano,iMedRAG,medqa_test,medqa,en,medqa_panel4_150_057,test:452,452,hard,C,"{""C"": 1}",1,1.0,1.0,True,thesis_github/data/evals/failure_prediction/panel150_gpt_family_tts_v1/gpt54nano_medium/imedrag_medtext_medcpt_v1/imedrag_per_question.csv
main_panel150_gpt54nano,iMedRAG,medqa_test,medqa,en,medqa_panel4_150_135,test:460,460,medium,A,"{""B"": 1}",1,0.0,0.0,True,thesis_github/data/evals/failure_prediction/panel150_gpt_family_tts_v1/gpt54nano_medium/imedrag_medtext_medcpt_v1/imedrag_per_question.csv
main_panel150_gpt54nano,iMedRAG,medqa_test,medqa,en,medqa_panel4_150_084,test:461,461,hard,D,"{""D"": 1}",1,1.0,1.0,True,thesis_github/data/evals/failure_prediction/panel150_gpt_family_tts_v1/gpt54nano_medium/imedrag_medtext_medcpt_v1/imedrag_per_question.csv
main_panel150_gpt54nano,iMedRAG,medqa_test,medqa,en,medqa_panel4_150_136,test:471,471,medium,D,"{""D"": 1}",1,1.0,1.0,True,thesis_github/data/evals/failure_prediction/panel150_gpt_family_tts_v1/gpt54nano_medium/imedrag_medtext_medcpt_v1/imedrag_per_question.csv
main_panel150_gpt54nano,iMedRAG,medqa_test,medqa,en,medqa_panel4_150_058,test:480,480,hard,B,"{""B"": 1}",1,1.0,1.0,True,thesis_github/data/evals/failure_prediction/panel150_gpt_family_tts_v1/gpt54nano_medium/imedrag_medtext_medcpt_v1/imedrag_per_question.csv
main_panel150_gpt54nano,iMedRAG,medqa_test,medqa,en,medqa_panel4_150_085,test:483,483,hard,D,"{""B"": 1}",1,0.0,0.0,True,thesis_github/data/evals/failure_prediction/panel150_gpt_family_tts_v1/gpt54nano_medium/imedrag_medtext_medcpt_v1/imedrag_per_question.csv
main_panel150_gpt54nano,iMedRAG,medqa_test,medqa,en,medqa_panel4_150_137,test:486,486,medium,C,"{""D"": 1}",1,0.0,0.0,True,thesis_github/data/evals/failure_prediction/panel150_gpt_family_tts_v1/gpt54nano_medium/imedrag_medtext_medcpt_v1/imedrag_per_question.csv
main_panel150_gpt54nano,iMedRAG,medqa_test,medqa,en,medqa_panel4_150_011,test:488,488,easy,A,"{""A"": 1}",1,1.0,1.0,True,thesis_github/data/evals/failure_prediction/panel150_gpt_family_tts_v1/gpt54nano_medium/imedrag_medtext_medcpt_v1/imedrag_per_question.csv
main_panel150_gpt54nano,iMedRAG,medqa_test,medqa,en,medqa_panel4_150_086,test:5,5,hard,E,"{""C"": 1}",1,0.0,0.0,True,thesis_github/data/evals/failure_prediction/panel150_gpt_family_tts_v1/gpt54nano_medium/imedrag_medtext_medcpt_v1/imedrag_per_question.csv
main_panel150_gpt54nano,iMedRAG,medqa_test,medqa,en,medqa_panel4_150_035,test:504,504,easy,C,"{""C"": 1}",1,1.0,1.0,True,thesis_github/data/evals/failure_prediction/panel150_gpt_family_tts_v1/gpt54nano_medium/imedrag_medtext_medcpt_v1/imedrag_per_question.csv
main_panel150_gpt54nano,iMedRAG,medqa_test,medqa,en,medqa_panel4_150_036,test:51,51,easy,A,"{""A"": 1}",1,1.0,1.0,True,thesis_github/data/evals/failure_prediction/panel150_gpt_family_tts_v1/gpt54nano_medium/imedrag_medtext_medcpt_v1/imedrag_per_question.csv
main_panel150_gpt54nano,iMedRAG,medqa_test,medqa,en,medqa_panel4_150_087,test:514,514,hard,B,"{""D"": 1}",1,0.0,0.0,True,thesis_github/data/evals/failure_prediction/panel150_gpt_family_tts_v1/gpt54nano_medium/imedrag_medtext_medcpt_v1/imedrag_per_question.csv
main_panel150_gpt54nano,iMedRAG,medqa_test,medqa,en,medqa_panel4_150_110,test:524,524,medium,B,"{""B"": 1}",1,1.0,1.0,True,thesis_github/data/evals/failure_prediction/panel150_gpt_family_tts_v1/gpt54nano_medium/imedrag_medtext_medcpt_v1/imedrag_per_question.csv
main_panel150_gpt54nano,iMedRAG,medqa_test,medqa,en,medqa_panel4_150_037,test:528,528,easy,D,"{""D"": 1}",1,1.0,1.0,True,thesis_github/data/evals/failure_prediction/panel150_gpt_family_tts_v1/gpt54nano_medium/imedrag_medtext_medcpt_v1/imedrag_per_question.csv
main_panel150_gpt54nano,iMedRAG,medqa_test,medqa,en,medqa_panel4_150_138,test:550,550,medium,A,"{""A"": 1}",1,1.0,1.0,True,thesis_github/data/evals/failure_prediction/panel150_gpt_family_tts_v1/gpt54nano_medium/imedrag_medtext_medcpt_v1/imedrag_per_question.csv
main_panel150_gpt54nano,iMedRAG,medqa_test,medqa,en,medqa_panel4_150_059,test:564,564,hard,A,"{""A"": 1}",1,1.0,1.0,True,thesis_github/data/evals/failure_prediction/panel150_gpt_family_tts_v1/gpt54nano_medium/imedrag_medtext_medcpt_v1/imedrag_per_question.csv
main_panel150_gpt54nano,iMedRAG,medqa_test,medqa,en,medqa_panel4_150_038,test:578,578,easy,B,"{""B"": 1}",1,1.0,1.0,True,thesis_github/data/evals/failure_prediction/panel150_gpt_family_tts_v1/gpt54nano_medium/imedrag_medtext_medcpt_v1/imedrag_per_question.csv
main_panel150_gpt54nano,iMedRAG,medqa_test,medqa,en,medqa_panel4_150_139,test:581,581,medium,D,"{""D"": 1}",1,1.0,1.0,True,thesis_github/data/evals/failure_prediction/panel150_gpt_family_tts_v1/gpt54nano_medium/imedrag_medtext_medcpt_v1/imedrag_per_question.csv
main_panel150_gpt54nano,iMedRAG,medqa_test,medqa,en,medqa_panel4_150_060,test:583,583,hard,E,"{""C"": 1}",1,0.0,0.0,True,thesis_github/data/evals/failure_prediction/panel150_gpt_family_tts_v1/gpt54nano_medium/imedrag_medtext_medcpt_v1/imedrag_per_question.csv
main_panel150_gpt54nano,iMedRAG,medqa_test,medqa,en,medqa_panel4_150_088,test:587,587,hard,E,"{""D"": 1}",1,0.0,0.0,True,thesis_github/data/evals/failure_prediction/panel150_gpt_family_tts_v1/gpt54nano_medium/imedrag_medtext_medcpt_v1/imedrag_per_question.csv
main_panel150_gpt54nano,iMedRAG,medqa_test,medqa,en,medqa_panel4_150_140,test:594,594,medium,D,"{""D"": 1}",1,1.0,1.0,True,thesis_github/data/evals/failure_prediction/panel150_gpt_family_tts_v1/gpt54nano_medium/imedrag_medtext_medcpt_v1/imedrag_per_question.csv
main_panel150_gpt54nano,iMedRAG,medqa_test,medqa,en,medqa_panel4_150_089,test:616,616,hard,E,"{""E"": 1}",1,1.0,1.0,True,thesis_github/data/evals/failure_prediction/panel150_gpt_family_tts_v1/gpt54nano_medium/imedrag_medtext_medcpt_v1/imedrag_per_question.csv
main_panel150_gpt54nano,iMedRAG,medqa_test,medqa,en,medqa_panel4_150_039,test:628,628,easy,C,"{""C"": 1}",1,1.0,1.0,True,thesis_github/data/evals/failure_prediction/panel150_gpt_family_tts_v1/gpt54nano_medium/imedrag_medtext_medcpt_v1/imedrag_per_question.csv
main_panel150_gpt54nano,iMedRAG,medqa_test,medqa,en,medqa_panel4_150_090,test:634,634,hard,A,"{""A"": 1}",1,1.0,1.0,True,thesis_github/data/evals/failure_prediction/panel150_gpt_family_tts_v1/gpt54nano_medium/imedrag_medtext_medcpt_v1/imedrag_per_question.csv
main_panel150_gpt54nano,iMedRAG,medqa_test,medqa,en,medqa_panel4_150_061,test:64,64,hard,A,"{""A"": 1}",1,1.0,1.0,True,thesis_github/data/evals/failure_prediction/panel150_gpt_family_tts_v1/gpt54nano_medium/imedrag_medtext_medcpt_v1/imedrag_per_question.csv
main_panel150_gpt54nano,iMedRAG,medqa_test,medqa,en,medqa_panel4_150_141,test:652,652,medium,D,"{""D"": 1}",1,1.0,1.0,True,thesis_github/data/evals/failure_prediction/panel150_gpt_family_tts_v1/gpt54nano_medium/imedrag_medtext_medcpt_v1/imedrag_per_question.csv
main_panel150_gpt54nano,iMedRAG,medqa_test,medqa,en,medqa_panel4_150_012,test:655,655,easy,B,"{""B"": 1}",1,1.0,1.0,True,thesis_github/data/evals/failure_prediction/panel150_gpt_family_tts_v1/gpt54nano_medium/imedrag_medtext_medcpt_v1/imedrag_per_question.csv
main_panel150_gpt54nano,iMedRAG,medqa_test,medqa,en,medqa_panel4_150_091,test:659,659,hard,D,"{""E"": 1}",1,0.0,0.0,True,thesis_github/data/evals/failure_prediction/panel150_gpt_family_tts_v1/gpt54nano_medium/imedrag_medtext_medcpt_v1/imedrag_per_question.csv
main_panel150_gpt54nano,iMedRAG,medqa_test,medqa,en,medqa_panel4_150_040,test:66,66,easy,D,"{""D"": 1}",1,1.0,1.0,True,thesis_github/data/evals/failure_prediction/panel150_gpt_family_tts_v1/gpt54nano_medium/imedrag_medtext_medcpt_v1/imedrag_per_question.csv
main_panel150_gpt54nano,iMedRAG,medqa_test,medqa,en,medqa_panel4_150_111,test:673,673,medium,E,"{""E"": 1}",1,1.0,1.0,True,thesis_github/data/evals/failure_prediction/panel150_gpt_family_tts_v1/gpt54nano_medium/imedrag_medtext_medcpt_v1/imedrag_per_question.csv
main_panel150_gpt54nano,iMedRAG,medqa_test,medqa,en,medqa_panel4_150_092,test:677,677,hard,A,"{""B"": 1}",1,0.0,0.0,True,thesis_github/data/evals/failure_prediction/panel150_gpt_family_tts_v1/gpt54nano_medium/imedrag_medtext_medcpt_v1/imedrag_per_question.csv
main_panel150_gpt54nano,iMedRAG,medqa_test,medqa,en,medqa_panel4_150_112,test:679,679,medium,C,"{""E"": 1}",1,0.0,0.0,True,thesis_github/data/evals/failure_prediction/panel150_gpt_family_tts_v1/gpt54nano_medium/imedrag_medtext_medcpt_v1/imedrag_per_question.csv
main_panel150_gpt54nano,iMedRAG,medqa_test,medqa,en,medqa_panel4_150_041,test:684,684,easy,B,"{""B"": 1}",1,1.0,1.0,True,thesis_github/data/evals/failure_prediction/panel150_gpt_family_tts_v1/gpt54nano_medium/imedrag_medtext_medcpt_v1/imedrag_per_question.csv
main_panel150_gpt54nano,iMedRAG,medqa_test,medqa,en,medqa_panel4_150_062,test:69,69,hard,A,"{""E"": 1}",1,0.0,0.0,True,thesis_github/data/evals/failure_prediction/panel150_gpt_family_tts_v1/gpt54nano_medium/imedrag_medtext_medcpt_v1/imedrag_per_question.csv
main_panel150_gpt54nano,iMedRAG,medqa_test,medqa,en,medqa_panel4_150_142,test:691,691,medium,C,"{""C"": 1}",1,1.0,1.0,True,thesis_github/data/evals/failure_prediction/panel150_gpt_family_tts_v1/gpt54nano_medium/imedrag_medtext_medcpt_v1/imedrag_per_question.csv
main_panel150_gpt54nano,iMedRAG,medqa_test,medqa,en,medqa_panel4_150_042,test:704,704,easy,E,"{""E"": 1}",1,1.0,1.0,True,thesis_github/data/evals/failure_prediction/panel150_gpt_family_tts_v1/gpt54nano_medium/imedrag_medtext_medcpt_v1/imedrag_per_question.csv
main_panel150_gpt54nano,iMedRAG,medqa_test,medqa,en,medqa_panel4_150_093,test:706,706,hard,C,"{""B"": 1}",1,0.0,0.0,True,thesis_github/data/evals/failure_prediction/panel150_gpt_family_tts_v1/gpt54nano_medium/imedrag_medtext_medcpt_v1/imedrag_per_question.csv
main_panel150_gpt54nano,iMedRAG,medqa_test,medqa,en,medqa_panel4_150_043,test:729,729,easy,D,"{""D"": 1}",1,1.0,1.0,True,thesis_github/data/evals/failure_prediction/panel150_gpt_family_tts_v1/gpt54nano_medium/imedrag_medtext_medcpt_v1/imedrag_per_question.csv
main_panel150_gpt54nano,iMedRAG,medqa_test,medqa,en,medqa_panel4_150_143,test:745,745,medium,A,"{""A"": 1}",1,1.0,1.0,True,thesis_github/data/evals/failure_prediction/panel150_gpt_family_tts_v1/gpt54nano_medium/imedrag_medtext_medcpt_v1/imedrag_per_question.csv
main_panel150_gpt54nano,iMedRAG,medqa_test,medqa,en,medqa_panel4_150_113,test:752,752,medium,C,"{""C"": 1}",1,1.0,1.0,True,thesis_github/data/evals/failure_prediction/panel150_gpt_family_tts_v1/gpt54nano_medium/imedrag_medtext_medcpt_v1/imedrag_per_question.csv
main_panel150_gpt54nano,iMedRAG,medqa_test,medqa,en,medqa_panel4_150_094,test:755,755,hard,D,"{""C"": 1}",1,0.0,0.0,True,thesis_github/data/evals/failure_prediction/panel150_gpt_family_tts_v1/gpt54nano_medium/imedrag_medtext_medcpt_v1/imedrag_per_question.csv
main_panel150_gpt54nano,iMedRAG,medqa_test,medqa,en,medqa_panel4_150_114,test:758,758,medium,E,"{""C"": 1}",1,0.0,0.0,True,thesis_github/data/evals/failure_prediction/panel150_gpt_family_tts_v1/gpt54nano_medium/imedrag_medtext_medcpt_v1/imedrag_per_question.csv
main_panel150_gpt54nano,iMedRAG,medqa_test,medqa,en,medqa_panel4_150_044,test:782,782,easy,E,"{""E"": 1}",1,1.0,1.0,True,thesis_github/data/evals/failure_prediction/panel150_gpt_family_tts_v1/gpt54nano_medium/imedrag_medtext_medcpt_v1/imedrag_per_question.csv
main_panel150_gpt54nano,iMedRAG,medqa_test,medqa,en,medqa_panel4_150_115,test:798,798,medium,C,"{""C"": 1}",1,1.0,1.0,True,thesis_github/data/evals/failure_prediction/panel150_gpt_family_tts_v1/gpt54nano_medium/imedrag_medtext_medcpt_v1/imedrag_per_question.csv
main_panel150_gpt54nano,iMedRAG,medqa_test,medqa,en,medqa_panel4_150_013,test:801,801,easy,B,"{""B"": 1}",1,1.0,1.0,True,thesis_github/data/evals/failure_prediction/panel150_gpt_family_tts_v1/gpt54nano_medium/imedrag_medtext_medcpt_v1/imedrag_per_question.csv
main_panel150_gpt54nano,iMedRAG,medqa_test,medqa,en,medqa_panel4_150_095,test:803,803,hard,B,"{""E"": 1}",1,0.0,0.0,True,thesis_github/data/evals/failure_prediction/panel150_gpt_family_tts_v1/gpt54nano_medium/imedrag_medtext_medcpt_v1/imedrag_per_question.csv
main_panel150_gpt54nano,iMedRAG,medqa_test,medqa,en,medqa_panel4_150_045,test:804,804,easy,A,"{""A"": 1}",1,1.0,1.0,True,thesis_github/data/evals/failure_prediction/panel150_gpt_family_tts_v1/gpt54nano_medium/imedrag_medtext_medcpt_v1/imedrag_per_question.csv
main_panel150_gpt54nano,iMedRAG,medqa_test,medqa,en,medqa_panel4_150_096,test:807,807,hard,A,"{""C"": 1}",1,0.0,0.0,True,thesis_github/data/evals/failure_prediction/panel150_gpt_family_tts_v1/gpt54nano_medium/imedrag_medtext_medcpt_v1/imedrag_per_question.csv
main_panel150_gpt54nano,iMedRAG,medqa_test,medqa,en,medqa_panel4_150_014,test:811,811,easy,E,"{""E"": 1}",1,1.0,1.0,True,thesis_github/data/evals/failure_prediction/panel150_gpt_family_tts_v1/gpt54nano_medium/imedrag_medtext_medcpt_v1/imedrag_per_question.csv
main_panel150_gpt54nano,iMedRAG,medqa_test,medqa,en,medqa_panel4_150_097,test:829,829,hard,E,"{""E"": 1}",1,1.0,1.0,True,thesis_github/data/evals/failure_prediction/panel150_gpt_family_tts_v1/gpt54nano_medium/imedrag_medtext_medcpt_v1/imedrag_per_question.csv
main_panel150_gpt54nano,iMedRAG,medqa_test,medqa,en,medqa_panel4_150_046,test:846,846,easy,D,"{""D"": 1}",1,1.0,1.0,True,thesis_github/data/evals/failure_prediction/panel150_gpt_family_tts_v1/gpt54nano_medium/imedrag_medtext_medcpt_v1/imedrag_per_question.csv
main_panel150_gpt54nano,iMedRAG,medqa_test,medqa,en,medqa_panel4_150_063,test:850,850,hard,C,"{""B"": 1}",1,0.0,0.0,True,thesis_github/data/evals/failure_prediction/panel150_gpt_family_tts_v1/gpt54nano_medium/imedrag_medtext_medcpt_v1/imedrag_per_question.csv
main_panel150_gpt54nano,iMedRAG,medqa_test,medqa,en,medqa_panel4_150_064,test:856,856,hard,D,"{""B"": 1}",1,0.0,0.0,True,thesis_github/data/evals/failure_prediction/panel150_gpt_family_tts_v1/gpt54nano_medium/imedrag_medtext_medcpt_v1/imedrag_per_question.csv
main_panel150_gpt54nano,iMedRAG,medqa_test,medqa,en,medqa_panel4_150_015,test:857,857,easy,D,"{""D"": 1}",1,1.0,1.0,True,thesis_github/data/evals/failure_prediction/panel150_gpt_family_tts_v1/gpt54nano_medium/imedrag_medtext_medcpt_v1/imedrag_per_question.csv
main_panel150_gpt54nano,iMedRAG,medqa_test,medqa,en,medqa_panel4_150_047,test:86,86,easy,C,"{""C"": 1}",1,1.0,1.0,True,thesis_github/data/evals/failure_prediction/panel150_gpt_family_tts_v1/gpt54nano_medium/imedrag_medtext_medcpt_v1/imedrag_per_question.csv
main_panel150_gpt54nano,iMedRAG,medqa_test,medqa,en,medqa_panel4_150_098,test:880,880,hard,C,"{""D"": 1}",1,0.0,0.0,True,thesis_github/data/evals/failure_prediction/panel150_gpt_family_tts_v1/gpt54nano_medium/imedrag_medtext_medcpt_v1/imedrag_per_question.csv
main_panel150_gpt54nano,iMedRAG,medqa_test,medqa,en,medqa_panel4_150_099,test:885,885,hard,C,"{""C"": 1}",1,1.0,1.0,True,thesis_github/data/evals/failure_prediction/panel150_gpt_family_tts_v1/gpt54nano_medium/imedrag_medtext_medcpt_v1/imedrag_per_question.csv
main_panel150_gpt54nano,iMedRAG,medqa_test,medqa,en,medqa_panel4_150_100,test:887,887,hard,A,"{""A"": 1}",1,1.0,1.0,True,thesis_github/data/evals/failure_prediction/panel150_gpt_family_tts_v1/gpt54nano_medium/imedrag_medtext_medcpt_v1/imedrag_per_question.csv
main_panel150_gpt54nano,iMedRAG,medqa_test,medqa,en,medqa_panel4_150_144,test:908,908,medium,C,"{""C"": 1}",1,1.0,1.0,True,thesis_github/data/evals/failure_prediction/panel150_gpt_family_tts_v1/gpt54nano_medium/imedrag_medtext_medcpt_v1/imedrag_per_question.csv
main_panel150_gpt54nano,iMedRAG,medqa_test,medqa,en,medqa_panel4_150_145,test:934,934,medium,B,"{""B"": 1}",1,1.0,1.0,True,thesis_github/data/evals/failure_prediction/panel150_gpt_family_tts_v1/gpt54nano_medium/imedrag_medtext_medcpt_v1/imedrag_per_question.csv
main_panel150_gpt54nano,iMedRAG,medqa_test,medqa,en,medqa_panel4_150_146,test:936,936,medium,B,"{""B"": 1}",1,1.0,1.0,True,thesis_github/data/evals/failure_prediction/panel150_gpt_family_tts_v1/gpt54nano_medium/imedrag_medtext_medcpt_v1/imedrag_per_question.csv
main_panel150_gpt54nano,iMedRAG,medqa_test,medqa,en,medqa_panel4_150_147,test:944,944,medium,E,"{""C"": 1}",1,0.0,0.0,True,thesis_github/data/evals/failure_prediction/panel150_gpt_family_tts_v1/gpt54nano_medium/imedrag_medtext_medcpt_v1/imedrag_per_question.csv
main_panel150_gpt54nano,iMedRAG,medqa_test,medqa,en,medqa_panel4_150_048,test:946,946,easy,D,"{""D"": 1}",1,1.0,1.0,True,thesis_github/data/evals/failure_prediction/panel150_gpt_family_tts_v1/gpt54nano_medium/imedrag_medtext_medcpt_v1/imedrag_per_question.csv
main_panel150_gpt54nano,iMedRAG,medqa_test,medqa,en,medqa_panel4_150_049,test:956,956,easy,B,"{""B"": 1}",1,1.0,1.0,True,thesis_github/data/evals/failure_prediction/panel150_gpt_family_tts_v1/gpt54nano_medium/imedrag_medtext_medcpt_v1/imedrag_per_question.csv
main_panel150_gpt54nano,iMedRAG,medqa_test,medqa,en,medqa_panel4_150_148,test:961,961,medium,A,"{""A"": 1}",1,1.0,1.0,True,thesis_github/data/evals/failure_prediction/panel150_gpt_family_tts_v1/gpt54nano_medium/imedrag_medtext_medcpt_v1/imedrag_per_question.csv
main_panel150_gpt54nano,iMedRAG,medqa_test,medqa,en,medqa_panel4_150_149,test:980,980,medium,C,"{""C"": 1}",1,1.0,1.0,True,thesis_github/data/evals/failure_prediction/panel150_gpt_family_tts_v1/gpt54nano_medium/imedrag_medtext_medcpt_v1/imedrag_per_question.csv
main_panel150_gpt54nano,iMedRAG,medqa_test,medqa,en,medqa_panel4_150_150,test:983,983,medium,D,"{""D"": 1}",1,1.0,1.0,True,thesis_github/data/evals/failure_prediction/panel150_gpt_family_tts_v1/gpt54nano_medium/imedrag_medtext_medcpt_v1/imedrag_per_question.csv
main_panel150_gpt54nano,iMedRAG,medqa_test,medqa,en,medqa_panel4_150_050,test:991,991,easy,D,"{""D"": 1}",1,1.0,1.0,True,thesis_github/data/evals/failure_prediction/panel150_gpt_family_tts_v1/gpt54nano_medium/imedrag_medtext_medcpt_v1/imedrag_per_question.csv
main_panel150_gpt54nano,iMedRAG,medqa_test,medqa,en,medqa_panel4_150_065,test:993,993,hard,A,"{""C"": 1}",1,0.0,0.0,True,thesis_github/data/evals/failure_prediction/panel150_gpt_family_tts_v1/gpt54nano_medium/imedrag_medtext_medcpt_v1/imedrag_per_question.csv
main_panel150_gpt54nano,iMedRAG,pna_all,pna,pt,pna_panel4_150_101,pna:2018:part_1A:20,17,medium,A,"{""C"": 1}",1,0.0,0.0,True,thesis_github/data/evals/failure_prediction/panel150_gpt_family_tts_v1/gpt54nano_medium/imedrag_medtext_medcpt_v1/imedrag_per_question.csv
main_panel150_gpt54nano,iMedRAG,pna_all,pna,pt,pna_panel4_150_001,pna:2018:part_1A:28,25,easy,C,"{""C"": 1}",1,1.0,1.0,True,thesis_github/data/evals/failure_prediction/panel150_gpt_family_tts_v1/gpt54nano_medium/imedrag_medtext_medcpt_v1/imedrag_per_question.csv
main_panel150_gpt54nano,iMedRAG,pna_all,pna,pt,pna_panel4_150_102,pna:2018:part_1A:3,2,medium,C,"{""D"": 1}",1,0.0,0.0,True,thesis_github/data/evals/failure_prediction/panel150_gpt_family_tts_v1/gpt54nano_medium/imedrag_medtext_medcpt_v1/imedrag_per_question.csv
main_panel150_gpt54nano,iMedRAG,pna_all,pna,pt,pna_panel4_150_103,pna:2018:part_1A:36,33,medium,D,"{""C"": 1}",1,0.0,0.0,True,thesis_github/data/evals/failure_prediction/panel150_gpt_family_tts_v1/gpt54nano_medium/imedrag_medtext_medcpt_v1/imedrag_per_question.csv
main_panel150_gpt54nano,iMedRAG,pna_all,pna,pt,pna_panel4_150_051,pna:2018:part_1A:42,39,hard,D,"{""D"": 1}",1,1.0,1.0,True,thesis_github/data/evals/failure_prediction/panel150_gpt_family_tts_v1/gpt54nano_medium/imedrag_medtext_medcpt_v1/imedrag_per_question.csv
main_panel150_gpt54nano,iMedRAG,pna_all,pna,pt,pna_panel4_150_002,pna:2018:part_1A:52,49,easy,D,"{""D"": 1}",1,1.0,1.0,True,thesis_github/data/evals/failure_prediction/panel150_gpt_family_tts_v1/gpt54nano_medium/imedrag_medtext_medcpt_v1/imedrag_per_question.csv
main_panel150_gpt54nano,iMedRAG,pna_all,pna,pt,pna_panel4_150_052,pna:2018:part_1A:59,56,hard,A,"{""D"": 1}",1,0.0,0.0,True,thesis_github/data/evals/failure_prediction/panel150_gpt_family_tts_v1/gpt54nano_medium/imedrag_medtext_medcpt_v1/imedrag_per_question.csv
main_panel150_gpt54nano,iMedRAG,pna_all,pna,pt,pna_panel4_150_053,pna:2018:part_1A:6,5,hard,C,"{""B"": 1}",1,0.0,0.0,True,thesis_github/data/evals/failure_prediction/panel150_gpt_family_tts_v1/gpt54nano_medium/imedrag_medtext_medcpt_v1/imedrag_per_question.csv
main_panel150_gpt54nano,iMedRAG,pna_all,pna,pt,pna_panel4_150_003,pna:2018:part_1A:63,60,easy,E,"{""E"": 1}",1,1.0,1.0,True,thesis_github/data/evals/failure_prediction/panel150_gpt_family_tts_v1/gpt54nano_medium/imedrag_medtext_medcpt_v1/imedrag_per_question.csv
main_panel150_gpt54nano,iMedRAG,pna_all,pna,pt,pna_panel4_150_004,pna:2018:part_1A:64,61,easy,C,"{""C"": 1}",1,1.0,1.0,True,thesis_github/data/evals/failure_prediction/panel150_gpt_family_tts_v1/gpt54nano_medium/imedrag_medtext_medcpt_v1/imedrag_per_question.csv
main_panel150_gpt54nano,iMedRAG,pna_all,pna,pt,pna_panel4_150_005,pna:2018:part_1A:68,65,easy,A,"{""A"": 1}",1,1.0,1.0,True,thesis_github/data/evals/failure_prediction/panel150_gpt_family_tts_v1/gpt54nano_medium/imedrag_medtext_medcpt_v1/imedrag_per_question.csv
main_panel150_gpt54nano,iMedRAG,pna_all,pna,pt,pna_panel4_150_054,pna:2018:part_1A:74,71,hard,E,"{""E"": 1}",1,1.0,1.0,True,thesis_github/data/evals/failure_prediction/panel150_gpt_family_tts_v1/gpt54nano_medium/imedrag_medtext_medcpt_v1/imedrag_per_question.csv
main_panel150_gpt54nano,iMedRAG,pna_all,pna,pt,pna_panel4_150_006,pna:2018:part_1A:9,8,easy,A,"{""A"": 1}",1,1.0,1.0,True,thesis_github/data/evals/failure_prediction/panel150_gpt_family_tts_v1/gpt54nano_medium/imedrag_medtext_medcpt_v1/imedrag_per_question.csv
main_panel150_gpt54nano,iMedRAG,pna_all,pna,pt,pna_panel4_150_104,pna:2018:part_2A:109,103,medium,B,"{""B"": 1}",1,1.0,1.0,True,thesis_github/data/evals/failure_prediction/panel150_gpt_family_tts_v1/gpt54nano_medium/imedrag_medtext_medcpt_v1/imedrag_per_question.csv
main_panel150_gpt54nano,iMedRAG,pna_all,pna,pt,pna_panel4_150_055,pna:2018:part_2A:113,107,hard,E,"{""E"": 1}",1,1.0,1.0,True,thesis_github/data/evals/failure_prediction/panel150_gpt_family_tts_v1/gpt54nano_medium/imedrag_medtext_medcpt_v1/imedrag_per_question.csv
main_panel150_gpt54nano,iMedRAG,pna_all,pna,pt,pna_panel4_150_105,pna:2018:part_2A:143,136,medium,D,"{""D"": 1}",1,1.0,1.0,True,thesis_github/data/evals/failure_prediction/panel150_gpt_family_tts_v1/gpt54nano_medium/imedrag_medtext_medcpt_v1/imedrag_per_question.csv
main_panel150_gpt54nano,iMedRAG,pna_all,pna,pt,pna_panel4_150_007,pna:2018:part_2A:144,137,easy,B,"{""B"": 1}",1,1.0,1.0,True,thesis_github/data/evals/failure_prediction/panel150_gpt_family_tts_v1/gpt54nano_medium/imedrag_medtext_medcpt_v1/imedrag_per_question.csv
main_panel150_gpt54nano,iMedRAG,pna_all,pna,pt,pna_panel4_150_106,pna:2018:part_2A:84,80,medium,A,"{""E"": 1}",1,0.0,0.0,True,thesis_github/data/evals/failure_prediction/panel150_gpt_family_tts_v1/gpt54nano_medium/imedrag_medtext_medcpt_v1/imedrag_per_question.csv
main_panel150_gpt54nano,iMedRAG,pna_all,pna,pt,pna_panel4_150_107,pna:2018:part_2A:94,89,medium,A,"{""A"": 1}",1,1.0,1.0,True,thesis_github/data/evals/failure_prediction/panel150_gpt_family_tts_v1/gpt54nano_medium/imedrag_medtext_medcpt_v1/imedrag_per_question.csv
main_panel150_gpt54nano,iMedRAG,pna_all,pna,pt,pna_panel4_150_008,pna:2019:part_1A:11,152,easy,A,"{""A"": 1}",1,1.0,1.0,True,thesis_github/data/evals/failure_prediction/panel150_gpt_family_tts_v1/gpt54nano_medium/imedrag_medtext_medcpt_v1/imedrag_per_question.csv
main_panel150_gpt54nano,iMedRAG,pna_all,pna,pt,pna_panel4_150_108,pna:2019:part_1A:25,164,medium,D,"{""D"": 1}",1,1.0,1.0,True,thesis_github/data/evals/failure_prediction/panel150_gpt_family_tts_v1/gpt54nano_medium/imedrag_medtext_medcpt_v1/imedrag_per_question.csv
main_panel150_gpt54nano,iMedRAG,pna_all,pna,pt,pna_panel4_150_056,pna:2019:part_1A:44,182,hard,A,"{""D"": 1}",1,0.0,0.0,True,thesis_github/data/evals/failure_prediction/panel150_gpt_family_tts_v1/gpt54nano_medium/imedrag_medtext_medcpt_v1/imedrag_per_question.csv
main_panel150_gpt54nano,iMedRAG,pna_all,pna,pt,pna_panel4_150_109,pna:2019:part_1A:45,183,medium,E,"{""E"": 1}",1,1.0,1.0,True,thesis_github/data/evals/failure_prediction/panel150_gpt_family_tts_v1/gpt54nano_medium/imedrag_medtext_medcpt_v1/imedrag_per_question.csv
main_panel150_gpt54nano,iMedRAG,pna_all,pna,pt,pna_panel4_150_110,pna:2019:part_1A:48,186,medium,C,"{""B"": 1}",1,0.0,0.0,True,thesis_github/data/evals/failure_prediction/panel150_gpt_family_tts_v1/gpt54nano_medium/imedrag_medtext_medcpt_v1/imedrag_per_question.csv
main_panel150_gpt54nano,iMedRAG,pna_all,pna,pt,pna_panel4_150_111,pna:2019:part_1A:54,192,medium,A,"{""D"": 1}",1,0.0,0.0,True,thesis_github/data/evals/failure_prediction/panel150_gpt_family_tts_v1/gpt54nano_medium/imedrag_medtext_medcpt_v1/imedrag_per_question.csv
main_panel150_gpt54nano,iMedRAG,pna_all,pna,pt,pna_panel4_150_057,pna:2019:part_1A:75,211,hard,E,"{""D"": 1}",1,0.0,0.0,True,thesis_github/data/evals/failure_prediction/panel150_gpt_family_tts_v1/gpt54nano_medium/imedrag_medtext_medcpt_v1/imedrag_per_question.csv
main_panel150_gpt54nano,iMedRAG,pna_all,pna,pt,pna_panel4_150_009,pna:2019:part_2A:100,236,easy,E,"{""E"": 1}",1,1.0,1.0,True,thesis_github/data/evals/failure_prediction/panel150_gpt_family_tts_v1/gpt54nano_medium/imedrag_medtext_medcpt_v1/imedrag_per_question.csv
main_panel150_gpt54nano,iMedRAG,pna_all,pna,pt,pna_panel4_150_112,pna:2019:part_2A:102,238,medium,C,"{""C"": 1}",1,1.0,1.0,True,thesis_github/data/evals/failure_prediction/panel150_gpt_family_tts_v1/gpt54nano_medium/imedrag_medtext_medcpt_v1/imedrag_per_question.csv
main_panel150_gpt54nano,iMedRAG,pna_all,pna,pt,pna_panel4_150_058,pna:2019:part_2A:103,239,hard,C,"{""B"": 1}",1,0.0,0.0,True,thesis_github/data/evals/failure_prediction/panel150_gpt_family_tts_v1/gpt54nano_medium/imedrag_medtext_medcpt_v1/imedrag_per_question.csv
main_panel150_gpt54nano,iMedRAG,pna_all,pna,pt,pna_panel4_150_010,pna:2019:part_2A:109,245,easy,C,"{""C"": 1}",1,1.0,1.0,True,thesis_github/data/evals/failure_prediction/panel150_gpt_family_tts_v1/gpt54nano_medium/imedrag_medtext_medcpt_v1/imedrag_per_question.csv
main_panel150_gpt54nano,iMedRAG,pna_all,pna,pt,pna_panel4_150_059,pna:2019:part_2A:122,254,hard,D,"{""D"": 1}",1,1.0,1.0,True,thesis_github/data/evals/failure_prediction/panel150_gpt_family_tts_v1/gpt54nano_medium/imedrag_medtext_medcpt_v1/imedrag_per_question.csv
main_panel150_gpt54nano,iMedRAG,pna_all,pna,pt,pna_panel4_150_011,pna:2019:part_2A:135,266,easy,B,"{""B"": 1}",1,1.0,1.0,True,thesis_github/data/evals/failure_prediction/panel150_gpt_family_tts_v1/gpt54nano_medium/imedrag_medtext_medcpt_v1/imedrag_per_question.csv
main_panel150_gpt54nano,iMedRAG,pna_all,pna,pt,pna_panel4_150_012,pna:2019:part_2A:138,269,easy,D,"{""D"": 1}",1,1.0,1.0,True,thesis_github/data/evals/failure_prediction/panel150_gpt_family_tts_v1/gpt54nano_medium/imedrag_medtext_medcpt_v1/imedrag_per_question.csv
main_panel150_gpt54nano,iMedRAG,pna_all,pna,pt,pna_panel4_150_060,pna:2020:part_1A:10,290,hard,A,"{""E"": 1}",1,0.0,0.0,True,thesis_github/data/evals/failure_prediction/panel150_gpt_family_tts_v1/gpt54nano_medium/imedrag_medtext_medcpt_v1/imedrag_per_question.csv
main_panel150_gpt54nano,iMedRAG,pna_all,pna,pt,pna_panel4_150_013,pna:2020:part_1A:14,294,easy,A,"{""A"": 1}",1,1.0,1.0,True,thesis_github/data/evals/failure_prediction/panel150_gpt_family_tts_v1/gpt54nano_medium/imedrag_medtext_medcpt_v1/imedrag_per_question.csv
main_panel150_gpt54nano,iMedRAG,pna_all,pna,pt,pna_panel4_150_014,pna:2020:part_1A:16,296,easy,A,"{""A"": 1}",1,1.0,1.0,True,thesis_github/data/evals/failure_prediction/panel150_gpt_family_tts_v1/gpt54nano_medium/imedrag_medtext_medcpt_v1/imedrag_per_question.csv
main_panel150_gpt54nano,iMedRAG,pna_all,pna,pt,pna_panel4_150_061,pna:2020:part_1A:2,282,hard,A,"{""B"": 1}",1,0.0,0.0,True,thesis_github/data/evals/failure_prediction/panel150_gpt_family_tts_v1/gpt54nano_medium/imedrag_medtext_medcpt_v1/imedrag_per_question.csv
main_panel150_gpt54nano,iMedRAG,pna_all,pna,pt,pna_panel4_150_113,pna:2020:part_1A:21,301,medium,D,"{""D"": 1}",1,1.0,1.0,True,thesis_github/data/evals/failure_prediction/panel150_gpt_family_tts_v1/gpt54nano_medium/imedrag_medtext_medcpt_v1/imedrag_per_question.csv
main_panel150_gpt54nano,iMedRAG,pna_all,pna,pt,pna_panel4_150_062,pna:2020:part_1A:27,306,hard,A,"{""B"": 1}",1,0.0,0.0,True,thesis_github/data/evals/failure_prediction/panel150_gpt_family_tts_v1/gpt54nano_medium/imedrag_medtext_medcpt_v1/imedrag_per_question.csv
main_panel150_gpt54nano,iMedRAG,pna_all,pna,pt,pna_panel4_150_114,pna:2020:part_1A:30,309,medium,A,"{""A"": 1}",1,1.0,1.0,True,thesis_github/data/evals/failure_prediction/panel150_gpt_family_tts_v1/gpt54nano_medium/imedrag_medtext_medcpt_v1/imedrag_per_question.csv
main_panel150_gpt54nano,iMedRAG,pna_all,pna,pt,pna_panel4_150_015,pna:2020:part_1A:31,310,easy,E,"{""E"": 1}",1,1.0,1.0,True,thesis_github/data/evals/failure_prediction/panel150_gpt_family_tts_v1/gpt54nano_medium/imedrag_medtext_medcpt_v1/imedrag_per_question.csv
main_panel150_gpt54nano,iMedRAG,pna_all,pna,pt,pna_panel4_150_016,pna:2020:part_1A:52,329,easy,B,"{""B"": 1}",1,1.0,1.0,True,thesis_github/data/evals/failure_prediction/panel150_gpt_family_tts_v1/gpt54nano_medium/imedrag_medtext_medcpt_v1/imedrag_per_question.csv
main_panel150_gpt54nano,iMedRAG,pna_all,pna,pt,pna_panel4_150_017,pna:2020:part_1A:64,339,easy,A,"{""A"": 1}",1,1.0,1.0,True,thesis_github/data/evals/failure_prediction/panel150_gpt_family_tts_v1/gpt54nano_medium/imedrag_medtext_medcpt_v1/imedrag_per_question.csv
main_panel150_gpt54nano,iMedRAG,pna_all,pna,pt,pna_panel4_150_063,pna:2020:part_1A:70,345,hard,D,"{""D"": 1}",1,1.0,1.0,True,thesis_github/data/evals/failure_prediction/panel150_gpt_family_tts_v1/gpt54nano_medium/imedrag_medtext_medcpt_v1/imedrag_per_question.csv
main_panel150_gpt54nano,iMedRAG,pna_all,pna,pt,pna_panel4_150_018,pna:2020:part_1A:73,348,easy,B,"{""B"": 1}",1,1.0,1.0,True,thesis_github/data/evals/failure_prediction/panel150_gpt_family_tts_v1/gpt54nano_medium/imedrag_medtext_medcpt_v1/imedrag_per_question.csv
main_panel150_gpt54nano,iMedRAG,pna_all,pna,pt,pna_panel4_150_019,pna:2020:part_1A:9,289,easy,D,"{""D"": 1}",1,1.0,1.0,True,thesis_github/data/evals/failure_prediction/panel150_gpt_family_tts_v1/gpt54nano_medium/imedrag_medtext_medcpt_v1/imedrag_per_question.csv
main_panel150_gpt54nano,iMedRAG,pna_all,pna,pt,pna_panel4_150_064,pna:2020:part_2A:105,377,hard,C,"{""D"": 1}",1,0.0,0.0,True,thesis_github/data/evals/failure_prediction/panel150_gpt_family_tts_v1/gpt54nano_medium/imedrag_medtext_medcpt_v1/imedrag_per_question.csv
main_panel150_gpt54nano,iMedRAG,pna_all,pna,pt,pna_panel4_150_020,pna:2020:part_2A:123,394,easy,B,"{""B"": 1}",1,1.0,1.0,True,thesis_github/data/evals/failure_prediction/panel150_gpt_family_tts_v1/gpt54nano_medium/imedrag_medtext_medcpt_v1/imedrag_per_question.csv
main_panel150_gpt54nano,iMedRAG,pna_all,pna,pt,pna_panel4_150_115,pna:2020:part_2A:130,400,medium,A,"{""A"": 1}",1,1.0,1.0,True,thesis_github/data/evals/failure_prediction/panel150_gpt_family_tts_v1/gpt54nano_medium/imedrag_medtext_medcpt_v1/imedrag_per_question.csv
main_panel150_gpt54nano,iMedRAG,pna_all,pna,pt,pna_panel4_150_021,pna:2020:part_2A:94,367,easy,B,"{""B"": 1}",1,1.0,1.0,True,thesis_github/data/evals/failure_prediction/panel150_gpt_family_tts_v1/gpt54nano_medium/imedrag_medtext_medcpt_v1/imedrag_per_question.csv
main_panel150_gpt54nano,iMedRAG,pna_all,pna,pt,pna_panel4_150_065,pna:2021:part_1A:18,437,hard,D,"{""C"": 1}",1,0.0,0.0,True,thesis_github/data/evals/failure_prediction/panel150_gpt_family_tts_v1/gpt54nano_medium/imedrag_medtext_medcpt_v1/imedrag_per_question.csv
main_panel150_gpt54nano,iMedRAG,pna_all,pna,pt,pna_panel4_150_022,pna:2021:part_1A:22,441,easy,E,"{""E"": 1}",1,1.0,1.0,True,thesis_github/data/evals/failure_prediction/panel150_gpt_family_tts_v1/gpt54nano_medium/imedrag_medtext_medcpt_v1/imedrag_per_question.csv
main_panel150_gpt54nano,iMedRAG,pna_all,pna,pt,pna_panel4_150_116,pna:2021:part_1A:26,445,medium,E,"{""E"": 1}",1,1.0,1.0,True,thesis_github/data/evals/failure_prediction/panel150_gpt_family_tts_v1/gpt54nano_medium/imedrag_medtext_medcpt_v1/imedrag_per_question.csv
main_panel150_gpt54nano,iMedRAG,pna_all,pna,pt,pna_panel4_150_023,pna:2021:part_1A:30,449,easy,A,"{""A"": 1}",1,1.0,1.0,True,thesis_github/data/evals/failure_prediction/panel150_gpt_family_tts_v1/gpt54nano_medium/imedrag_medtext_medcpt_v1/imedrag_per_question.csv
main_panel150_gpt54nano,iMedRAG,pna_all,pna,pt,pna_panel4_150_117,pna:2021:part_1A:4,423,medium,A,"{""A"": 1}",1,1.0,1.0,True,thesis_github/data/evals/failure_prediction/panel150_gpt_family_tts_v1/gpt54nano_medium/imedrag_medtext_medcpt_v1/imedrag_per_question.csv
main_panel150_gpt54nano,iMedRAG,pna_all,pna,pt,pna_panel4_150_118,pna:2021:part_1A:44,462,medium,C,"{""C"": 1}",1,1.0,1.0,True,thesis_github/data/evals/failure_prediction/panel150_gpt_family_tts_v1/gpt54nano_medium/imedrag_medtext_medcpt_v1/imedrag_per_question.csv
main_panel150_gpt54nano,iMedRAG,pna_all,pna,pt,pna_panel4_150_066,pna:2021:part_1A:46,464,hard,C,"{""A"": 1}",1,0.0,0.0,True,thesis_github/data/evals/failure_prediction/panel150_gpt_family_tts_v1/gpt54nano_medium/imedrag_medtext_medcpt_v1/imedrag_per_question.csv
main_panel150_gpt54nano,iMedRAG,pna_all,pna,pt,pna_panel4_150_067,pna:2021:part_1A:5,424,hard,D,"{""E"": 1}",1,0.0,0.0,True,thesis_github/data/evals/failure_prediction/panel150_gpt_family_tts_v1/gpt54nano_medium/imedrag_medtext_medcpt_v1/imedrag_per_question.csv
main_panel150_gpt54nano,iMedRAG,pna_all,pna,pt,pna_panel4_150_119,pna:2021:part_1A:57,474,medium,C,"{""C"": 1}",1,1.0,1.0,True,thesis_github/data/evals/failure_prediction/panel150_gpt_family_tts_v1/gpt54nano_medium/imedrag_medtext_medcpt_v1/imedrag_per_question.csv
main_panel150_gpt54nano,iMedRAG,pna_all,pna,pt,pna_panel4_150_024,pna:2021:part_1A:60,477,easy,E,"{""E"": 1}",1,1.0,1.0,True,thesis_github/data/evals/failure_prediction/panel150_gpt_family_tts_v1/gpt54nano_medium/imedrag_medtext_medcpt_v1/imedrag_per_question.csv
main_panel150_gpt54nano,iMedRAG,pna_all,pna,pt,pna_panel4_150_068,pna:2021:part_1A:61,478,hard,D,"{""A"": 1}",1,0.0,0.0,True,thesis_github/data/evals/failure_prediction/panel150_gpt_family_tts_v1/gpt54nano_medium/imedrag_medtext_medcpt_v1/imedrag_per_question.csv
main_panel150_gpt54nano,iMedRAG,pna_all,pna,pt,pna_panel4_150_025,pna:2021:part_1A:66,483,easy,B,"{""B"": 1}",1,1.0,1.0,True,thesis_github/data/evals/failure_prediction/panel150_gpt_family_tts_v1/gpt54nano_medium/imedrag_medtext_medcpt_v1/imedrag_per_question.csv
main_panel150_gpt54nano,iMedRAG,pna_all,pna,pt,pna_panel4_150_069,pna:2021:part_1A:68,485,hard,C,"{""D"": 1}",1,0.0,0.0,True,thesis_github/data/evals/failure_prediction/panel150_gpt_family_tts_v1/gpt54nano_medium/imedrag_medtext_medcpt_v1/imedrag_per_question.csv
main_panel150_gpt54nano,iMedRAG,pna_all,pna,pt,pna_panel4_150_070,pna:2021:part_1A:71,488,hard,A,"{""A"": 1}",1,1.0,1.0,True,thesis_github/data/evals/failure_prediction/panel150_gpt_family_tts_v1/gpt54nano_medium/imedrag_medtext_medcpt_v1/imedrag_per_question.csv
main_panel150_gpt54nano,iMedRAG,pna_all,pna,pt,pna_panel4_150_071,pna:2021:part_2A:100,514,hard,E,"{""E"": 1}",1,1.0,1.0,True,thesis_github/data/evals/failure_prediction/panel150_gpt_family_tts_v1/gpt54nano_medium/imedrag_medtext_medcpt_v1/imedrag_per_question.csv
main_panel150_gpt54nano,iMedRAG,pna_all,pna,pt,pna_panel4_150_120,pna:2021:part_2A:105,518,medium,E,"{""E"": 1}",1,1.0,1.0,True,thesis_github/data/evals/failure_prediction/panel150_gpt_family_tts_v1/gpt54nano_medium/imedrag_medtext_medcpt_v1/imedrag_per_question.csv
main_panel150_gpt54nano,iMedRAG,pna_all,pna,pt,pna_panel4_150_072,pna:2021:part_2A:113,525,hard,A,"{""E"": 1}",1,0.0,0.0,True,thesis_github/data/evals/failure_prediction/panel150_gpt_family_tts_v1/gpt54nano_medium/imedrag_medtext_medcpt_v1/imedrag_per_question.csv
main_panel150_gpt54nano,iMedRAG,pna_all,pna,pt,pna_panel4_150_073,pna:2021:part_2A:116,528,hard,C,"{""B"": 1}",1,0.0,0.0,True,thesis_github/data/evals/failure_prediction/panel150_gpt_family_tts_v1/gpt54nano_medium/imedrag_medtext_medcpt_v1/imedrag_per_question.csv
main_panel150_gpt54nano,iMedRAG,pna_all,pna,pt,pna_panel4_150_121,pna:2021:part_2A:118,530,medium,A,"{""A"": 1}",1,1.0,1.0,True,thesis_github/data/evals/failure_prediction/panel150_gpt_family_tts_v1/gpt54nano_medium/imedrag_medtext_medcpt_v1/imedrag_per_question.csv
main_panel150_gpt54nano,iMedRAG,pna_all,pna,pt,pna_panel4_150_026,pna:2021:part_2A:125,537,easy,B,"{""B"": 1}",1,1.0,1.0,True,thesis_github/data/evals/failure_prediction/panel150_gpt_family_tts_v1/gpt54nano_medium/imedrag_medtext_medcpt_v1/imedrag_per_question.csv
main_panel150_gpt54nano,iMedRAG,pna_all,pna,pt,pna_panel4_150_074,pna:2021:part_2A:129,541,hard,A,"{""D"": 1}",1,0.0,0.0,True,thesis_github/data/evals/failure_prediction/panel150_gpt_family_tts_v1/gpt54nano_medium/imedrag_medtext_medcpt_v1/imedrag_per_question.csv
main_panel150_gpt54nano,iMedRAG,pna_all,pna,pt,pna_panel4_150_027,pna:2021:part_2A:137,549,easy,C,"{""C"": 1}",1,1.0,1.0,True,thesis_github/data/evals/failure_prediction/panel150_gpt_family_tts_v1/gpt54nano_medium/imedrag_medtext_medcpt_v1/imedrag_per_question.csv
main_panel150_gpt54nano,iMedRAG,pna_all,pna,pt,pna_panel4_150_122,pna:2021:part_2A:145,557,medium,E,"{""E"": 1}",1,1.0,1.0,True,thesis_github/data/evals/failure_prediction/panel150_gpt_family_tts_v1/gpt54nano_medium/imedrag_medtext_medcpt_v1/imedrag_per_question.csv
main_panel150_gpt54nano,iMedRAG,pna_all,pna,pt,pna_panel4_150_123,pna:2021:part_2A:82,498,medium,A,"{""A"": 1}",1,1.0,1.0,True,thesis_github/data/evals/failure_prediction/panel150_gpt_family_tts_v1/gpt54nano_medium/imedrag_medtext_medcpt_v1/imedrag_per_question.csv
main_panel150_gpt54nano,iMedRAG,pna_all,pna,pt,pna_panel4_150_075,pna:2021:part_2A:90,505,hard,D,"{""D"": 1}",1,1.0,1.0,True,thesis_github/data/evals/failure_prediction/panel150_gpt_family_tts_v1/gpt54nano_medium/imedrag_medtext_medcpt_v1/imedrag_per_question.csv
main_panel150_gpt54nano,iMedRAG,pna_all,pna,pt,pna_panel4_150_076,pna:2021:part_2A:95,509,hard,B,"{""B"": 1}",1,1.0,1.0,True,thesis_github/data/evals/failure_prediction/panel150_gpt_family_tts_v1/gpt54nano_medium/imedrag_medtext_medcpt_v1/imedrag_per_question.csv
main_panel150_gpt54nano,iMedRAG,pna_all,pna,pt,pna_panel4_150_077,pna:2022:part_1A:11,571,hard,C,"{""C"": 1}",1,1.0,1.0,True,thesis_github/data/evals/failure_prediction/panel150_gpt_family_tts_v1/gpt54nano_medium/imedrag_medtext_medcpt_v1/imedrag_per_question.csv
main_panel150_gpt54nano,iMedRAG,pna_all,pna,pt,pna_panel4_150_124,pna:2022:part_1A:15,575,medium,B,"{""C"": 1}",1,0.0,0.0,True,thesis_github/data/evals/failure_prediction/panel150_gpt_family_tts_v1/gpt54nano_medium/imedrag_medtext_medcpt_v1/imedrag_per_question.csv
main_panel150_gpt54nano,iMedRAG,pna_all,pna,pt,pna_panel4_150_078,pna:2022:part_1A:17,577,hard,D,"{""D"": 1}",1,1.0,1.0,True,thesis_github/data/evals/failure_prediction/panel150_gpt_family_tts_v1/gpt54nano_medium/imedrag_medtext_medcpt_v1/imedrag_per_question.csv
main_panel150_gpt54nano,iMedRAG,pna_all,pna,pt,pna_panel4_150_125,pna:2022:part_1A:18,578,medium,B,"{""A"": 1}",1,0.0,0.0,True,thesis_github/data/evals/failure_prediction/panel150_gpt_family_tts_v1/gpt54nano_medium/imedrag_medtext_medcpt_v1/imedrag_per_question.csv
main_panel150_gpt54nano,iMedRAG,pna_all,pna,pt,pna_panel4_150_079,pna:2022:part_1A:19,579,hard,B,"{""A"": 1}",1,0.0,0.0,True,thesis_github/data/evals/failure_prediction/panel150_gpt_family_tts_v1/gpt54nano_medium/imedrag_medtext_medcpt_v1/imedrag_per_question.csv
main_panel150_gpt54nano,iMedRAG,pna_all,pna,pt,pna_panel4_150_080,pna:2022:part_1A:23,583,hard,E,"{""A"": 1}",1,0.0,0.0,True,thesis_github/data/evals/failure_prediction/panel150_gpt_family_tts_v1/gpt54nano_medium/imedrag_medtext_medcpt_v1/imedrag_per_question.csv
main_panel150_gpt54nano,iMedRAG,pna_all,pna,pt,pna_panel4_150_028,pna:2022:part_1A:24,584,easy,B,"{""B"": 1}",1,1.0,1.0,True,thesis_github/data/evals/failure_prediction/panel150_gpt_family_tts_v1/gpt54nano_medium/imedrag_medtext_medcpt_v1/imedrag_per_question.csv
main_panel150_gpt54nano,iMedRAG,pna_all,pna,pt,pna_panel4_150_126,pna:2022:part_1A:25,585,medium,C,"{""C"": 1}",1,1.0,1.0,True,thesis_github/data/evals/failure_prediction/panel150_gpt_family_tts_v1/gpt54nano_medium/imedrag_medtext_medcpt_v1/imedrag_per_question.csv
main_panel150_gpt54nano,iMedRAG,pna_all,pna,pt,pna_panel4_150_029,pna:2022:part_1A:27,587,easy,B,"{""B"": 1}",1,1.0,1.0,True,thesis_github/data/evals/failure_prediction/panel150_gpt_family_tts_v1/gpt54nano_medium/imedrag_medtext_medcpt_v1/imedrag_per_question.csv
main_panel150_gpt54nano,iMedRAG,pna_all,pna,pt,pna_panel4_150_127,pna:2022:part_1A:29,589,medium,A,"{""A"": 1}",1,1.0,1.0,True,thesis_github/data/evals/failure_prediction/panel150_gpt_family_tts_v1/gpt54nano_medium/imedrag_medtext_medcpt_v1/imedrag_per_question.csv
main_panel150_gpt54nano,iMedRAG,pna_all,pna,pt,pna_panel4_150_128,pna:2022:part_1A:33,592,medium,C,"{""C"": 1}",1,1.0,1.0,True,thesis_github/data/evals/failure_prediction/panel150_gpt_family_tts_v1/gpt54nano_medium/imedrag_medtext_medcpt_v1/imedrag_per_question.csv
main_panel150_gpt54nano,iMedRAG,pna_all,pna,pt,pna_panel4_150_129,pna:2022:part_1A:46,604,medium,C,"{""B"": 1}",1,0.0,0.0,True,thesis_github/data/evals/failure_prediction/panel150_gpt_family_tts_v1/gpt54nano_medium/imedrag_medtext_medcpt_v1/imedrag_per_question.csv
main_panel150_gpt54nano,iMedRAG,pna_all,pna,pt,pna_panel4_150_081,pna:2022:part_1A:51,609,hard,C,"{""C"": 1}",1,1.0,1.0,True,thesis_github/data/evals/failure_prediction/panel150_gpt_family_tts_v1/gpt54nano_medium/imedrag_medtext_medcpt_v1/imedrag_per_question.csv
main_panel150_gpt54nano,iMedRAG,pna_all,pna,pt,pna_panel4_150_030,pna:2022:part_1A:59,617,easy,D,"{""D"": 1}",1,1.0,1.0,True,thesis_github/data/evals/failure_prediction/panel150_gpt_family_tts_v1/gpt54nano_medium/imedrag_medtext_medcpt_v1/imedrag_per_question.csv
main_panel150_gpt54nano,iMedRAG,pna_all,pna,pt,pna_panel4_150_082,pna:2022:part_1A:64,622,hard,A,"{""E"": 1}",1,0.0,0.0,True,thesis_github/data/evals/failure_prediction/panel150_gpt_family_tts_v1/gpt54nano_medium/imedrag_medtext_medcpt_v1/imedrag_per_question.csv
main_panel150_gpt54nano,iMedRAG,pna_all,pna,pt,pna_panel4_150_083,pna:2022:part_2A:100,657,hard,A,"{""A"": 1}",1,1.0,1.0,True,thesis_github/data/evals/failure_prediction/panel150_gpt_family_tts_v1/gpt54nano_medium/imedrag_medtext_medcpt_v1/imedrag_per_question.csv
main_panel150_gpt54nano,iMedRAG,pna_all,pna,pt,pna_panel4_150_031,pna:2022:part_2A:113,670,easy,C,"{""C"": 1}",1,1.0,1.0,True,thesis_github/data/evals/failure_prediction/panel150_gpt_family_tts_v1/gpt54nano_medium/imedrag_medtext_medcpt_v1/imedrag_per_question.csv
main_panel150_gpt54nano,iMedRAG,pna_all,pna,pt,pna_panel4_150_130,pna:2022:part_2A:129,686,medium,D,"{""D"": 1}",1,1.0,1.0,True,thesis_github/data/evals/failure_prediction/panel150_gpt_family_tts_v1/gpt54nano_medium/imedrag_medtext_medcpt_v1/imedrag_per_question.csv
main_panel150_gpt54nano,iMedRAG,pna_all,pna,pt,pna_panel4_150_084,pna:2022:part_2A:132,689,hard,A,"{""A"": 1}",1,1.0,1.0,True,thesis_github/data/evals/failure_prediction/panel150_gpt_family_tts_v1/gpt54nano_medium/imedrag_medtext_medcpt_v1/imedrag_per_question.csv
main_panel150_gpt54nano,iMedRAG,pna_all,pna,pt,pna_panel4_150_085,pna:2022:part_2A:138,695,hard,A,"{""C"": 1}",1,0.0,0.0,True,thesis_github/data/evals/failure_prediction/panel150_gpt_family_tts_v1/gpt54nano_medium/imedrag_medtext_medcpt_v1/imedrag_per_question.csv
main_panel150_gpt54nano,iMedRAG,pna_all,pna,pt,pna_panel4_150_131,pna:2022:part_2A:79,636,medium,B,"{""B"": 1}",1,1.0,1.0,True,thesis_github/data/evals/failure_prediction/panel150_gpt_family_tts_v1/gpt54nano_medium/imedrag_medtext_medcpt_v1/imedrag_per_question.csv
main_panel150_gpt54nano,iMedRAG,pna_all,pna,pt,pna_panel4_150_032,pna:2022:part_2A:83,640,easy,A,"{""A"": 1}",1,1.0,1.0,True,thesis_github/data/evals/failure_prediction/panel150_gpt_family_tts_v1/gpt54nano_medium/imedrag_medtext_medcpt_v1/imedrag_per_question.csv
main_panel150_gpt54nano,iMedRAG,pna_all,pna,pt,pna_panel4_150_132,pna:2023:part_1A:11,715,medium,A,"{""A"": 1}",1,1.0,1.0,True,thesis_github/data/evals/failure_prediction/panel150_gpt_family_tts_v1/gpt54nano_medium/imedrag_medtext_medcpt_v1/imedrag_per_question.csv
main_panel150_gpt54nano,iMedRAG,pna_all,pna,pt,pna_panel4_150_086,pna:2023:part_1A:31,735,hard,D,"{""D"": 1}",1,1.0,1.0,True,thesis_github/data/evals/failure_prediction/panel150_gpt_family_tts_v1/gpt54nano_medium/imedrag_medtext_medcpt_v1/imedrag_per_question.csv
main_panel150_gpt54nano,iMedRAG,pna_all,pna,pt,pna_panel4_150_087,pna:2023:part_1A:34,738,hard,E,"{""E"": 1}",1,1.0,1.0,True,thesis_github/data/evals/failure_prediction/panel150_gpt_family_tts_v1/gpt54nano_medium/imedrag_medtext_medcpt_v1/imedrag_per_question.csv
main_panel150_gpt54nano,iMedRAG,pna_all,pna,pt,pna_panel4_150_033,pna:2023:part_1A:36,740,easy,B,"{""B"": 1}",1,1.0,1.0,True,thesis_github/data/evals/failure_prediction/panel150_gpt_family_tts_v1/gpt54nano_medium/imedrag_medtext_medcpt_v1/imedrag_per_question.csv
main_panel150_gpt54nano,iMedRAG,pna_all,pna,pt,pna_panel4_150_133,pna:2023:part_1A:5,710,medium,E,"{""D"": 1}",1,0.0,0.0,True,thesis_github/data/evals/failure_prediction/panel150_gpt_family_tts_v1/gpt54nano_medium/imedrag_medtext_medcpt_v1/imedrag_per_question.csv
main_panel150_gpt54nano,iMedRAG,pna_all,pna,pt,pna_panel4_150_134,pna:2023:part_1A:50,754,medium,E,"{""E"": 1}",1,1.0,1.0,True,thesis_github/data/evals/failure_prediction/panel150_gpt_family_tts_v1/gpt54nano_medium/imedrag_medtext_medcpt_v1/imedrag_per_question.csv
main_panel150_gpt54nano,iMedRAG,pna_all,pna,pt,pna_panel4_150_088,pna:2023:part_1A:52,756,hard,C,"{""B"": 1}",1,0.0,0.0,True,thesis_github/data/evals/failure_prediction/panel150_gpt_family_tts_v1/gpt54nano_medium/imedrag_medtext_medcpt_v1/imedrag_per_question.csv
main_panel150_gpt54nano,iMedRAG,pna_all,pna,pt,pna_panel4_150_135,pna:2023:part_1A:55,759,medium,E,"{""E"": 1}",1,1.0,1.0,True,thesis_github/data/evals/failure_prediction/panel150_gpt_family_tts_v1/gpt54nano_medium/imedrag_medtext_medcpt_v1/imedrag_per_question.csv
main_panel150_gpt54nano,iMedRAG,pna_all,pna,pt,pna_panel4_150_034,pna:2023:part_1A:68,772,easy,C,"{""C"": 1}",1,1.0,1.0,True,thesis_github/data/evals/failure_prediction/panel150_gpt_family_tts_v1/gpt54nano_medium/imedrag_medtext_medcpt_v1/imedrag_per_question.csv
main_panel150_gpt54nano,iMedRAG,pna_all,pna,pt,pna_panel4_150_035,pna:2023:part_1A:71,775,easy,C,"{""C"": 1}",1,1.0,1.0,True,thesis_github/data/evals/failure_prediction/panel150_gpt_family_tts_v1/gpt54nano_medium/imedrag_medtext_medcpt_v1/imedrag_per_question.csv
main_panel150_gpt54nano,iMedRAG,pna_all,pna,pt,pna_panel4_150_136,pna:2023:part_2A:103,805,medium,E,"{""E"": 1}",1,1.0,1.0,True,thesis_github/data/evals/failure_prediction/panel150_gpt_family_tts_v1/gpt54nano_medium/imedrag_medtext_medcpt_v1/imedrag_per_question.csv
main_panel150_gpt54nano,iMedRAG,pna_all,pna,pt,pna_panel4_150_137,pna:2023:part_2A:105,807,medium,B,"{""B"": 1}",1,1.0,1.0,True,thesis_github/data/evals/failure_prediction/panel150_gpt_family_tts_v1/gpt54nano_medium/imedrag_medtext_medcpt_v1/imedrag_per_question.csv
main_panel150_gpt54nano,iMedRAG,pna_all,pna,pt,pna_panel4_150_036,pna:2023:part_2A:124,824,easy,E,"{""E"": 1}",1,1.0,1.0,True,thesis_github/data/evals/failure_prediction/panel150_gpt_family_tts_v1/gpt54nano_medium/imedrag_medtext_medcpt_v1/imedrag_per_question.csv
main_panel150_gpt54nano,iMedRAG,pna_all,pna,pt,pna_panel4_150_037,pna:2023:part_2A:141,841,easy,B,"{""B"": 1}",1,1.0,1.0,True,thesis_github/data/evals/failure_prediction/panel150_gpt_family_tts_v1/gpt54nano_medium/imedrag_medtext_medcpt_v1/imedrag_per_question.csv
main_panel150_gpt54nano,iMedRAG,pna_all,pna,pt,pna_panel4_150_089,pna:2023:part_2A:81,784,hard,E,"{""E"": 1}",1,1.0,1.0,True,thesis_github/data/evals/failure_prediction/panel150_gpt_family_tts_v1/gpt54nano_medium/imedrag_medtext_medcpt_v1/imedrag_per_question.csv
main_panel150_gpt54nano,iMedRAG,pna_all,pna,pt,pna_panel4_150_090,pna:2023:part_2A:87,790,hard,B,"{""A"": 1}",1,0.0,0.0,True,thesis_github/data/evals/failure_prediction/panel150_gpt_family_tts_v1/gpt54nano_medium/imedrag_medtext_medcpt_v1/imedrag_per_question.csv
main_panel150_gpt54nano,iMedRAG,pna_all,pna,pt,pna_panel4_150_138,pna:2023:part_2A:90,793,medium,D,"{""D"": 1}",1,1.0,1.0,True,thesis_github/data/evals/failure_prediction/panel150_gpt_family_tts_v1/gpt54nano_medium/imedrag_medtext_medcpt_v1/imedrag_per_question.csv
main_panel150_gpt54nano,iMedRAG,pna_all,pna,pt,pna_panel4_150_038,pna:2023:part_2A:91,794,easy,A,"{""B"": 1}",1,0.0,0.0,True,thesis_github/data/evals/failure_prediction/panel150_gpt_family_tts_v1/gpt54nano_medium/imedrag_medtext_medcpt_v1/imedrag_per_question.csv
main_panel150_gpt54nano,iMedRAG,pna_all,pna,pt,pna_panel4_150_139,pna:2024:part_1A:11,860,medium,D,"{""D"": 1}",1,1.0,1.0,True,thesis_github/data/evals/failure_prediction/panel150_gpt_family_tts_v1/gpt54nano_medium/imedrag_medtext_medcpt_v1/imedrag_per_question.csv
main_panel150_gpt54nano,iMedRAG,pna_all,pna,pt,pna_panel4_150_091,pna:2024:part_1A:12,861,hard,B,"{""B"": 1}",1,1.0,1.0,True,thesis_github/data/evals/failure_prediction/panel150_gpt_family_tts_v1/gpt54nano_medium/imedrag_medtext_medcpt_v1/imedrag_per_question.csv
main_panel150_gpt54nano,iMedRAG,pna_all,pna,pt,pna_panel4_150_092,pna:2024:part_1A:31,879,hard,C,"{""C"": 1}",1,1.0,1.0,True,thesis_github/data/evals/failure_prediction/panel150_gpt_family_tts_v1/gpt54nano_medium/imedrag_medtext_medcpt_v1/imedrag_per_question.csv
main_panel150_gpt54nano,iMedRAG,pna_all,pna,pt,pna_panel4_150_140,pna:2024:part_1A:35,883,medium,C,"{""C"": 1}",1,1.0,1.0,True,thesis_github/data/evals/failure_prediction/panel150_gpt_family_tts_v1/gpt54nano_medium/imedrag_medtext_medcpt_v1/imedrag_per_question.csv
main_panel150_gpt54nano,iMedRAG,pna_all,pna,pt,pna_panel4_150_093,pna:2024:part_1A:44,892,hard,E,"{""B"": 1}",1,0.0,0.0,True,thesis_github/data/evals/failure_prediction/panel150_gpt_family_tts_v1/gpt54nano_medium/imedrag_medtext_medcpt_v1/imedrag_per_question.csv
main_panel150_gpt54nano,iMedRAG,pna_all,pna,pt,pna_panel4_150_039,pna:2024:part_1A:57,905,easy,E,"{""E"": 1}",1,1.0,1.0,True,thesis_github/data/evals/failure_prediction/panel150_gpt_family_tts_v1/gpt54nano_medium/imedrag_medtext_medcpt_v1/imedrag_per_question.csv
main_panel150_gpt54nano,iMedRAG,pna_all,pna,pt,pna_panel4_150_141,pna:2024:part_1A:58,906,medium,E,"{""E"": 1}",1,1.0,1.0,True,thesis_github/data/evals/failure_prediction/panel150_gpt_family_tts_v1/gpt54nano_medium/imedrag_medtext_medcpt_v1/imedrag_per_question.csv
main_panel150_gpt54nano,iMedRAG,pna_all,pna,pt,pna_panel4_150_094,pna:2024:part_1A:9,858,hard,A,"{""D"": 1}",1,0.0,0.0,True,thesis_github/data/evals/failure_prediction/panel150_gpt_family_tts_v1/gpt54nano_medium/imedrag_medtext_medcpt_v1/imedrag_per_question.csv
main_panel150_gpt54nano,iMedRAG,pna_all,pna,pt,pna_panel4_150_142,pna:2024:part_2A:119,960,medium,D,"{""B"": 1}",1,0.0,0.0,True,thesis_github/data/evals/failure_prediction/panel150_gpt_family_tts_v1/gpt54nano_medium/imedrag_medtext_medcpt_v1/imedrag_per_question.csv
main_panel150_gpt54nano,iMedRAG,pna_all,pna,pt,pna_panel4_150_040,pna:2024:part_2A:129,970,easy,B,"{""A"": 1}",1,0.0,0.0,True,thesis_github/data/evals/failure_prediction/panel150_gpt_family_tts_v1/gpt54nano_medium/imedrag_medtext_medcpt_v1/imedrag_per_question.csv
main_panel150_gpt54nano,iMedRAG,pna_all,pna,pt,pna_panel4_150_041,pna:2024:part_2A:134,975,easy,E,"{""E"": 1}",1,1.0,1.0,True,thesis_github/data/evals/failure_prediction/panel150_gpt_family_tts_v1/gpt54nano_medium/imedrag_medtext_medcpt_v1/imedrag_per_question.csv
main_panel150_gpt54nano,iMedRAG,pna_all,pna,pt,pna_panel4_150_042,pna:2024:part_2A:138,979,easy,A,"{""A"": 1}",1,1.0,1.0,True,thesis_github/data/evals/failure_prediction/panel150_gpt_family_tts_v1/gpt54nano_medium/imedrag_medtext_medcpt_v1/imedrag_per_question.csv
main_panel150_gpt54nano,iMedRAG,pna_all,pna,pt,pna_panel4_150_043,pna:2024:part_2A:150,991,easy,A,"{""A"": 1}",1,1.0,1.0,True,thesis_github/data/evals/failure_prediction/panel150_gpt_family_tts_v1/gpt54nano_medium/imedrag_medtext_medcpt_v1/imedrag_per_question.csv
main_panel150_gpt54nano,iMedRAG,pna_all,pna,pt,pna_panel4_150_095,pna:2024:part_2A:92,936,hard,C,"{""C"": 1}",1,1.0,1.0,True,thesis_github/data/evals/failure_prediction/panel150_gpt_family_tts_v1/gpt54nano_medium/imedrag_medtext_medcpt_v1/imedrag_per_question.csv
main_panel150_gpt54nano,iMedRAG,pna_all,pna,pt,pna_panel4_150_096,pna:2024:part_2A:93,937,hard,A,"{""B"": 1}",1,0.0,0.0,True,thesis_github/data/evals/failure_prediction/panel150_gpt_family_tts_v1/gpt54nano_medium/imedrag_medtext_medcpt_v1/imedrag_per_question.csv
main_panel150_gpt54nano,iMedRAG,pna_all,pna,pt,pna_panel4_150_044,pna:2024:part_2A:96,940,easy,A,"{""A"": 1}",1,1.0,1.0,True,thesis_github/data/evals/failure_prediction/panel150_gpt_family_tts_v1/gpt54nano_medium/imedrag_medtext_medcpt_v1/imedrag_per_question.csv
main_panel150_gpt54nano,iMedRAG,pna_all,pna,pt,pna_panel4_150_143,pna:2024:part_2A:97,941,medium,D,"{""D"": 1}",1,1.0,1.0,True,thesis_github/data/evals/failure_prediction/panel150_gpt_family_tts_v1/gpt54nano_medium/imedrag_medtext_medcpt_v1/imedrag_per_question.csv
main_panel150_gpt54nano,iMedRAG,pna_all,pna,pt,pna_panel4_150_144,pna:2025:part_1A:10,1001,medium,D,"{""B"": 1}",1,0.0,0.0,True,thesis_github/data/evals/failure_prediction/panel150_gpt_family_tts_v1/gpt54nano_medium/imedrag_medtext_medcpt_v1/imedrag_per_question.csv
main_panel150_gpt54nano,iMedRAG,pna_all,pna,pt,pna_panel4_150_145,pna:2025:part_1A:22,1013,medium,A,"{""B"": 1}",1,0.0,0.0,True,thesis_github/data/evals/failure_prediction/panel150_gpt_family_tts_v1/gpt54nano_medium/imedrag_medtext_medcpt_v1/imedrag_per_question.csv
main_panel150_gpt54nano,iMedRAG,pna_all,pna,pt,pna_panel4_150_045,pna:2025:part_1A:23,1014,easy,B,"{""B"": 1}",1,1.0,1.0,True,thesis_github/data/evals/failure_prediction/panel150_gpt_family_tts_v1/gpt54nano_medium/imedrag_medtext_medcpt_v1/imedrag_per_question.csv
main_panel150_gpt54nano,iMedRAG,pna_all,pna,pt,pna_panel4_150_146,pna:2025:part_1A:35,1025,medium,A,"{""A"": 1}",1,1.0,1.0,True,thesis_github/data/evals/failure_prediction/panel150_gpt_family_tts_v1/gpt54nano_medium/imedrag_medtext_medcpt_v1/imedrag_per_question.csv
main_panel150_gpt54nano,iMedRAG,pna_all,pna,pt,pna_panel4_150_046,pna:2025:part_1A:4,995,easy,A,"{""A"": 1}",1,1.0,1.0,True,thesis_github/data/evals/failure_prediction/panel150_gpt_family_tts_v1/gpt54nano_medium/imedrag_medtext_medcpt_v1/imedrag_per_question.csv
main_panel150_gpt54nano,iMedRAG,pna_all,pna,pt,pna_panel4_150_097,pna:2025:part_1A:42,1031,hard,E,"{""C"": 1}",1,0.0,0.0,True,thesis_github/data/evals/failure_prediction/panel150_gpt_family_tts_v1/gpt54nano_medium/imedrag_medtext_medcpt_v1/imedrag_per_question.csv
main_panel150_gpt54nano,iMedRAG,pna_all,pna,pt,pna_panel4_150_047,pna:2025:part_1A:59,1048,easy,D,"{""D"": 1}",1,1.0,1.0,True,thesis_github/data/evals/failure_prediction/panel150_gpt_family_tts_v1/gpt54nano_medium/imedrag_medtext_medcpt_v1/imedrag_per_question.csv
main_panel150_gpt54nano,iMedRAG,pna_all,pna,pt,pna_panel4_150_147,pna:2025:part_1A:60,1049,medium,A,"{""A"": 1}",1,1.0,1.0,True,thesis_github/data/evals/failure_prediction/panel150_gpt_family_tts_v1/gpt54nano_medium/imedrag_medtext_medcpt_v1/imedrag_per_question.csv
main_panel150_gpt54nano,iMedRAG,pna_all,pna,pt,pna_panel4_150_098,pna:2025:part_1A:72,1058,hard,C,"{""A"": 1}",1,0.0,0.0,True,thesis_github/data/evals/failure_prediction/panel150_gpt_family_tts_v1/gpt54nano_medium/imedrag_medtext_medcpt_v1/imedrag_per_question.csv
main_panel150_gpt54nano,iMedRAG,pna_all,pna,pt,pna_panel4_150_048,pna:2025:part_1A:8,999,easy,A,"{""B"": 1}",1,0.0,0.0,True,thesis_github/data/evals/failure_prediction/panel150_gpt_family_tts_v1/gpt54nano_medium/imedrag_medtext_medcpt_v1/imedrag_per_question.csv
main_panel150_gpt54nano,iMedRAG,pna_all,pna,pt,pna_panel4_150_049,pna:2025:part_2A:106,1089,easy,B,"{""B"": 1}",1,1.0,1.0,True,thesis_github/data/evals/failure_prediction/panel150_gpt_family_tts_v1/gpt54nano_medium/imedrag_medtext_medcpt_v1/imedrag_per_question.csv
main_panel150_gpt54nano,iMedRAG,pna_all,pna,pt,pna_panel4_150_148,pna:2025:part_2A:107,1090,medium,D,"{""D"": 1}",1,1.0,1.0,True,thesis_github/data/evals/failure_prediction/panel150_gpt_family_tts_v1/gpt54nano_medium/imedrag_medtext_medcpt_v1/imedrag_per_question.csv
main_panel150_gpt54nano,iMedRAG,pna_all,pna,pt,pna_panel4_150_149,pna:2025:part_2A:113,1096,medium,E,"{""E"": 1}",1,1.0,1.0,True,thesis_github/data/evals/failure_prediction/panel150_gpt_family_tts_v1/gpt54nano_medium/imedrag_medtext_medcpt_v1/imedrag_per_question.csv
main_panel150_gpt54nano,iMedRAG,pna_all,pna,pt,pna_panel4_150_099,pna:2025:part_2A:118,1101,hard,E,"{""B"": 1}",1,0.0,0.0,True,thesis_github/data/evals/failure_prediction/panel150_gpt_family_tts_v1/gpt54nano_medium/imedrag_medtext_medcpt_v1/imedrag_per_question.csv
main_panel150_gpt54nano,iMedRAG,pna_all,pna,pt,pna_panel4_150_100,pna:2025:part_2A:130,1113,hard,B,"{""B"": 1}",1,1.0,1.0,True,thesis_github/data/evals/failure_prediction/panel150_gpt_family_tts_v1/gpt54nano_medium/imedrag_medtext_medcpt_v1/imedrag_per_question.csv
main_panel150_gpt54nano,iMedRAG,pna_all,pna,pt,pna_panel4_150_050,pna:2025:part_2A:148,1130,easy,C,"{""C"": 1}",1,1.0,1.0,True,thesis_github/data/evals/failure_prediction/panel150_gpt_family_tts_v1/gpt54nano_medium/imedrag_medtext_medcpt_v1/imedrag_per_question.csv
main_panel150_gpt54nano,iMedRAG,pna_all,pna,pt,pna_panel4_150_150,pna:2025:part_2A:85,1069,medium,C,"{""C"": 1}",1,1.0,1.0,True,thesis_github/data/evals/failure_prediction/panel150_gpt_family_tts_v1/gpt54nano_medium/imedrag_medtext_medcpt_v1/imedrag_per_question.csv
main_panel150_gpt54nano,CoT (maximum reasoning),medqa_test,medqa,en,medqa_panel4_150_116,test:100,100,medium,E,,3,3.0,1.0,False,thesis_github/data/evals/failure_prediction/panel150_gpt54nano_delta_ci_plot_v1/panel150_gpt54nano_per_question_method_accuracy_with_difficulty.csv
main_panel150_gpt54nano,CoT (maximum reasoning),medqa_test,medqa,en,medqa_panel4_150_016,test:1000,1000,easy,C,,3,3.0,1.0,False,thesis_github/data/evals/failure_prediction/panel150_gpt54nano_delta_ci_plot_v1/panel150_gpt54nano_per_question_method_accuracy_with_difficulty.csv
main_panel150_gpt54nano,CoT (maximum reasoning),medqa_test,medqa,en,medqa_panel4_150_117,test:1008,1008,medium,E,,3,3.0,1.0,False,thesis_github/data/evals/failure_prediction/panel150_gpt54nano_delta_ci_plot_v1/panel150_gpt54nano_per_question_method_accuracy_with_difficulty.csv
main_panel150_gpt54nano,CoT (maximum reasoning),medqa_test,medqa,en,medqa_panel4_150_101,test:1010,1010,medium,C,,3,3.0,1.0,False,thesis_github/data/evals/failure_prediction/panel150_gpt54nano_delta_ci_plot_v1/panel150_gpt54nano_per_question_method_accuracy_with_difficulty.csv
main_panel150_gpt54nano,CoT (maximum reasoning),medqa_test,medqa,en,medqa_panel4_150_118,test:1030,1030,medium,A,,3,3.0,1.0,False,thesis_github/data/evals/failure_prediction/panel150_gpt54nano_delta_ci_plot_v1/panel150_gpt54nano_per_question_method_accuracy_with_difficulty.csv
main_panel150_gpt54nano,CoT (maximum reasoning),medqa_test,medqa,en,medqa_panel4_150_017,test:105,105,easy,B,,3,3.0,1.0,False,thesis_github/data/evals/failure_prediction/panel150_gpt54nano_delta_ci_plot_v1/panel150_gpt54nano_per_question_method_accuracy_with_difficulty.csv
main_panel150_gpt54nano,CoT (maximum reasoning),medqa_test,medqa,en,medqa_panel4_150_119,test:1054,1054,medium,A,,3,3.0,1.0,False,thesis_github/data/evals/failure_prediction/panel150_gpt54nano_delta_ci_plot_v1/panel150_gpt54nano_per_question_method_accuracy_with_difficulty.csv
main_panel150_gpt54nano,CoT (maximum reasoning),medqa_test,medqa,en,medqa_panel4_150_102,test:1057,1057,medium,B,,3,1.0,0.3333333333333333,False,thesis_github/data/evals/failure_prediction/panel150_gpt54nano_delta_ci_plot_v1/panel150_gpt54nano_per_question_method_accuracy_with_difficulty.csv
main_panel150_gpt54nano,CoT (maximum reasoning),medqa_test,medqa,en,medqa_panel4_150_066,test:106,106,hard,C,,3,1.0,0.3333333333333333,False,thesis_github/data/evals/failure_prediction/panel150_gpt54nano_delta_ci_plot_v1/panel150_gpt54nano_per_question_method_accuracy_with_difficulty.csv
main_panel150_gpt54nano,CoT (maximum reasoning),medqa_test,medqa,en,medqa_panel4_150_120,test:1074,1074,medium,C,,3,3.0,1.0,False,thesis_github/data/evals/failure_prediction/panel150_gpt54nano_delta_ci_plot_v1/panel150_gpt54nano_per_question_method_accuracy_with_difficulty.csv
main_panel150_gpt54nano,CoT (maximum reasoning),medqa_test,medqa,en,medqa_panel4_150_051,test:1076,1076,hard,B,,3,0.0,0.0,False,thesis_github/data/evals/failure_prediction/panel150_gpt54nano_delta_ci_plot_v1/panel150_gpt54nano_per_question_method_accuracy_with_difficulty.csv
main_panel150_gpt54nano,CoT (maximum reasoning),medqa_test,medqa,en,medqa_panel4_150_018,test:1083,1083,easy,A,,3,3.0,1.0,False,thesis_github/data/evals/failure_prediction/panel150_gpt54nano_delta_ci_plot_v1/panel150_gpt54nano_per_question_method_accuracy_with_difficulty.csv
main_panel150_gpt54nano,CoT (maximum reasoning),medqa_test,medqa,en,medqa_panel4_150_052,test:1100,1100,hard,B,,3,3.0,1.0,False,thesis_github/data/evals/failure_prediction/panel150_gpt54nano_delta_ci_plot_v1/panel150_gpt54nano_per_question_method_accuracy_with_difficulty.csv
main_panel150_gpt54nano,CoT (maximum reasoning),medqa_test,medqa,en,medqa_panel4_150_053,test:1106,1106,hard,C,,3,0.0,0.0,False,thesis_github/data/evals/failure_prediction/panel150_gpt54nano_delta_ci_plot_v1/panel150_gpt54nano_per_question_method_accuracy_with_difficulty.csv
main_panel150_gpt54nano,CoT (maximum reasoning),medqa_test,medqa,en,medqa_panel4_150_001,test:1108,1108,easy,D,,3,3.0,1.0,False,thesis_github/data/evals/failure_prediction/panel150_gpt54nano_delta_ci_plot_v1/panel150_gpt54nano_per_question_method_accuracy_with_difficulty.csv
main_panel150_gpt54nano,CoT (maximum reasoning),medqa_test,medqa,en,medqa_panel4_150_054,test:1135,1135,hard,E,,3,0.0,0.0,False,thesis_github/data/evals/failure_prediction/panel150_gpt54nano_delta_ci_plot_v1/panel150_gpt54nano_per_question_method_accuracy_with_difficulty.csv
main_panel150_gpt54nano,CoT (maximum reasoning),medqa_test,medqa,en,medqa_panel4_150_103,test:1140,1140,medium,C,,3,2.0,0.6666666666666666,False,thesis_github/data/evals/failure_prediction/panel150_gpt54nano_delta_ci_plot_v1/panel150_gpt54nano_per_question_method_accuracy_with_difficulty.csv
main_panel150_gpt54nano,CoT (maximum reasoning),medqa_test,medqa,en,medqa_panel4_150_121,test:1149,1149,medium,B,,3,3.0,1.0,False,thesis_github/data/evals/failure_prediction/panel150_gpt54nano_delta_ci_plot_v1/panel150_gpt54nano_per_question_method_accuracy_with_difficulty.csv
main_panel150_gpt54nano,CoT (maximum reasoning),medqa_test,medqa,en,medqa_panel4_150_104,test:1153,1153,medium,A,,3,3.0,1.0,False,thesis_github/data/evals/failure_prediction/panel150_gpt54nano_delta_ci_plot_v1/panel150_gpt54nano_per_question_method_accuracy_with_difficulty.csv
main_panel150_gpt54nano,CoT (maximum reasoning),medqa_test,medqa,en,medqa_panel4_150_002,test:1155,1155,easy,E,,3,3.0,1.0,False,thesis_github/data/evals/failure_prediction/panel150_gpt54nano_delta_ci_plot_v1/panel150_gpt54nano_per_question_method_accuracy_with_difficulty.csv
main_panel150_gpt54nano,CoT (maximum reasoning),medqa_test,medqa,en,medqa_panel4_150_055,test:1161,1161,hard,B,,3,3.0,1.0,False,thesis_github/data/evals/failure_prediction/panel150_gpt54nano_delta_ci_plot_v1/panel150_gpt54nano_per_question_method_accuracy_with_difficulty.csv
main_panel150_gpt54nano,CoT (maximum reasoning),medqa_test,medqa,en,medqa_panel4_150_067,test:1164,1164,hard,A,,3,1.0,0.3333333333333333,False,thesis_github/data/evals/failure_prediction/panel150_gpt54nano_delta_ci_plot_v1/panel150_gpt54nano_per_question_method_accuracy_with_difficulty.csv
main_panel150_gpt54nano,CoT (maximum reasoning),medqa_test,medqa,en,medqa_panel4_150_122,test:117,117,medium,D,,3,3.0,1.0,False,thesis_github/data/evals/failure_prediction/panel150_gpt54nano_delta_ci_plot_v1/panel150_gpt54nano_per_question_method_accuracy_with_difficulty.csv
main_panel150_gpt54nano,CoT (maximum reasoning),medqa_test,medqa,en,medqa_panel4_150_123,test:1179,1179,medium,C,,3,3.0,1.0,False,thesis_github/data/evals/failure_prediction/panel150_gpt54nano_delta_ci_plot_v1/panel150_gpt54nano_per_question_method_accuracy_with_difficulty.csv
main_panel150_gpt54nano,CoT (maximum reasoning),medqa_test,medqa,en,medqa_panel4_150_003,test:1182,1182,easy,A,,3,3.0,1.0,False,thesis_github/data/evals/failure_prediction/panel150_gpt54nano_delta_ci_plot_v1/panel150_gpt54nano_per_question_method_accuracy_with_difficulty.csv
main_panel150_gpt54nano,CoT (maximum reasoning),medqa_test,medqa,en,medqa_panel4_150_004,test:1194,1194,easy,E,,3,3.0,1.0,False,thesis_github/data/evals/failure_prediction/panel150_gpt54nano_delta_ci_plot_v1/panel150_gpt54nano_per_question_method_accuracy_with_difficulty.csv
main_panel150_gpt54nano,CoT (maximum reasoning),medqa_test,medqa,en,medqa_panel4_150_124,test:1203,1203,medium,C,,3,3.0,1.0,False,thesis_github/data/evals/failure_prediction/panel150_gpt54nano_delta_ci_plot_v1/panel150_gpt54nano_per_question_method_accuracy_with_difficulty.csv
main_panel150_gpt54nano,CoT (maximum reasoning),medqa_test,medqa,en,medqa_panel4_150_005,test:1207,1207,easy,B,,3,3.0,1.0,False,thesis_github/data/evals/failure_prediction/panel150_gpt54nano_delta_ci_plot_v1/panel150_gpt54nano_per_question_method_accuracy_with_difficulty.csv
main_panel150_gpt54nano,CoT (maximum reasoning),medqa_test,medqa,en,medqa_panel4_150_056,test:1220,1220,hard,A,,3,2.0,0.6666666666666666,False,thesis_github/data/evals/failure_prediction/panel150_gpt54nano_delta_ci_plot_v1/panel150_gpt54nano_per_question_method_accuracy_with_difficulty.csv
main_panel150_gpt54nano,CoT (maximum reasoning),medqa_test,medqa,en,medqa_panel4_150_068,test:1233,1233,hard,B,,3,0.0,0.0,False,thesis_github/data/evals/failure_prediction/panel150_gpt54nano_delta_ci_plot_v1/panel150_gpt54nano_per_question_method_accuracy_with_difficulty.csv
main_panel150_gpt54nano,CoT (maximum reasoning),medqa_test,medqa,en,medqa_panel4_150_019,test:1259,1259,easy,C,,3,3.0,1.0,False,thesis_github/data/evals/failure_prediction/panel150_gpt54nano_delta_ci_plot_v1/panel150_gpt54nano_per_question_method_accuracy_with_difficulty.csv
main_panel150_gpt54nano,CoT (maximum reasoning),medqa_test,medqa,en,medqa_panel4_150_020,test:1264,1264,easy,B,,3,3.0,1.0,False,thesis_github/data/evals/failure_prediction/panel150_gpt54nano_delta_ci_plot_v1/panel150_gpt54nano_per_question_method_accuracy_with_difficulty.csv
main_panel150_gpt54nano,CoT (maximum reasoning),medqa_test,medqa,en,medqa_panel4_150_069,test:1269,1269,hard,E,,3,3.0,1.0,False,thesis_github/data/evals/failure_prediction/panel150_gpt54nano_delta_ci_plot_v1/panel150_gpt54nano_per_question_method_accuracy_with_difficulty.csv
main_panel150_gpt54nano,CoT (maximum reasoning),medqa_test,medqa,en,medqa_panel4_150_070,test:1270,1270,hard,C,,3,0.0,0.0,False,thesis_github/data/evals/failure_prediction/panel150_gpt54nano_delta_ci_plot_v1/panel150_gpt54nano_per_question_method_accuracy_with_difficulty.csv
main_panel150_gpt54nano,CoT (maximum reasoning),medqa_test,medqa,en,medqa_panel4_150_021,test:1271,1271,easy,C,,3,3.0,1.0,False,thesis_github/data/evals/failure_prediction/panel150_gpt54nano_delta_ci_plot_v1/panel150_gpt54nano_per_question_method_accuracy_with_difficulty.csv
main_panel150_gpt54nano,CoT (maximum reasoning),medqa_test,medqa,en,medqa_panel4_150_071,test:128,128,hard,A,,3,3.0,1.0,False,thesis_github/data/evals/failure_prediction/panel150_gpt54nano_delta_ci_plot_v1/panel150_gpt54nano_per_question_method_accuracy_with_difficulty.csv
main_panel150_gpt54nano,CoT (maximum reasoning),medqa_test,medqa,en,medqa_panel4_150_022,test:133,133,easy,B,,3,3.0,1.0,False,thesis_github/data/evals/failure_prediction/panel150_gpt54nano_delta_ci_plot_v1/panel150_gpt54nano_per_question_method_accuracy_with_difficulty.csv
main_panel150_gpt54nano,CoT (maximum reasoning),medqa_test,medqa,en,medqa_panel4_150_006,test:140,140,easy,D,,3,3.0,1.0,False,thesis_github/data/evals/failure_prediction/panel150_gpt54nano_delta_ci_plot_v1/panel150_gpt54nano_per_question_method_accuracy_with_difficulty.csv
main_panel150_gpt54nano,CoT (maximum reasoning),medqa_test,medqa,en,medqa_panel4_150_023,test:144,144,easy,D,,3,3.0,1.0,False,thesis_github/data/evals/failure_prediction/panel150_gpt54nano_delta_ci_plot_v1/panel150_gpt54nano_per_question_method_accuracy_with_difficulty.csv
main_panel150_gpt54nano,CoT (maximum reasoning),medqa_test,medqa,en,medqa_panel4_150_072,test:15,15,hard,B,,3,3.0,1.0,False,thesis_github/data/evals/failure_prediction/panel150_gpt54nano_delta_ci_plot_v1/panel150_gpt54nano_per_question_method_accuracy_with_difficulty.csv
main_panel150_gpt54nano,CoT (maximum reasoning),medqa_test,medqa,en,medqa_panel4_150_073,test:155,155,hard,E,,3,3.0,1.0,False,thesis_github/data/evals/failure_prediction/panel150_gpt54nano_delta_ci_plot_v1/panel150_gpt54nano_per_question_method_accuracy_with_difficulty.csv
main_panel150_gpt54nano,CoT (maximum reasoning),medqa_test,medqa,en,medqa_panel4_150_024,test:161,161,easy,B,,3,3.0,1.0,False,thesis_github/data/evals/failure_prediction/panel150_gpt54nano_delta_ci_plot_v1/panel150_gpt54nano_per_question_method_accuracy_with_difficulty.csv
main_panel150_gpt54nano,CoT (maximum reasoning),medqa_test,medqa,en,medqa_panel4_150_025,test:170,170,easy,C,,3,3.0,1.0,False,thesis_github/data/evals/failure_prediction/panel150_gpt54nano_delta_ci_plot_v1/panel150_gpt54nano_per_question_method_accuracy_with_difficulty.csv
main_panel150_gpt54nano,CoT (maximum reasoning),medqa_test,medqa,en,medqa_panel4_150_125,test:171,171,medium,D,,3,1.0,0.3333333333333333,False,thesis_github/data/evals/failure_prediction/panel150_gpt54nano_delta_ci_plot_v1/panel150_gpt54nano_per_question_method_accuracy_with_difficulty.csv
main_panel150_gpt54nano,CoT (maximum reasoning),medqa_test,medqa,en,medqa_panel4_150_126,test:185,185,medium,D,,3,3.0,1.0,False,thesis_github/data/evals/failure_prediction/panel150_gpt54nano_delta_ci_plot_v1/panel150_gpt54nano_per_question_method_accuracy_with_difficulty.csv
main_panel150_gpt54nano,CoT (maximum reasoning),medqa_test,medqa,en,medqa_panel4_150_074,test:19,19,hard,E,,3,0.0,0.0,False,thesis_github/data/evals/failure_prediction/panel150_gpt54nano_delta_ci_plot_v1/panel150_gpt54nano_per_question_method_accuracy_with_difficulty.csv
main_panel150_gpt54nano,CoT (maximum reasoning),medqa_test,medqa,en,medqa_panel4_150_026,test:192,192,easy,E,,3,3.0,1.0,False,thesis_github/data/evals/failure_prediction/panel150_gpt54nano_delta_ci_plot_v1/panel150_gpt54nano_per_question_method_accuracy_with_difficulty.csv
main_panel150_gpt54nano,CoT (maximum reasoning),medqa_test,medqa,en,medqa_panel4_150_105,test:196,196,medium,A,,3,0.0,0.0,False,thesis_github/data/evals/failure_prediction/panel150_gpt54nano_delta_ci_plot_v1/panel150_gpt54nano_per_question_method_accuracy_with_difficulty.csv
main_panel150_gpt54nano,CoT (maximum reasoning),medqa_test,medqa,en,medqa_panel4_150_106,test:198,198,medium,E,,3,3.0,1.0,False,thesis_github/data/evals/failure_prediction/panel150_gpt54nano_delta_ci_plot_v1/panel150_gpt54nano_per_question_method_accuracy_with_difficulty.csv
main_panel150_gpt54nano,CoT (maximum reasoning),medqa_test,medqa,en,medqa_panel4_150_027,test:2,2,easy,C,,3,3.0,1.0,False,thesis_github/data/evals/failure_prediction/panel150_gpt54nano_delta_ci_plot_v1/panel150_gpt54nano_per_question_method_accuracy_with_difficulty.csv
main_panel150_gpt54nano,CoT (maximum reasoning),medqa_test,medqa,en,medqa_panel4_150_107,test:204,204,medium,C,,3,3.0,1.0,False,thesis_github/data/evals/failure_prediction/panel150_gpt54nano_delta_ci_plot_v1/panel150_gpt54nano_per_question_method_accuracy_with_difficulty.csv
main_panel150_gpt54nano,CoT (maximum reasoning),medqa_test,medqa,en,medqa_panel4_150_075,test:211,211,hard,B,,3,0.0,0.0,False,thesis_github/data/evals/failure_prediction/panel150_gpt54nano_delta_ci_plot_v1/panel150_gpt54nano_per_question_method_accuracy_with_difficulty.csv
main_panel150_gpt54nano,CoT (maximum reasoning),medqa_test,medqa,en,medqa_panel4_150_028,test:232,232,easy,D,,3,3.0,1.0,False,thesis_github/data/evals/failure_prediction/panel150_gpt54nano_delta_ci_plot_v1/panel150_gpt54nano_per_question_method_accuracy_with_difficulty.csv
main_panel150_gpt54nano,CoT (maximum reasoning),medqa_test,medqa,en,medqa_panel4_150_127,test:241,241,medium,B,,3,3.0,1.0,False,thesis_github/data/evals/failure_prediction/panel150_gpt54nano_delta_ci_plot_v1/panel150_gpt54nano_per_question_method_accuracy_with_difficulty.csv
main_panel150_gpt54nano,CoT (maximum reasoning),medqa_test,medqa,en,medqa_panel4_150_076,test:250,250,hard,A,,3,0.0,0.0,False,thesis_github/data/evals/failure_prediction/panel150_gpt54nano_delta_ci_plot_v1/panel150_gpt54nano_per_question_method_accuracy_with_difficulty.csv
main_panel150_gpt54nano,CoT (maximum reasoning),medqa_test,medqa,en,medqa_panel4_150_029,test:260,260,easy,C,,3,3.0,1.0,False,thesis_github/data/evals/failure_prediction/panel150_gpt54nano_delta_ci_plot_v1/panel150_gpt54nano_per_question_method_accuracy_with_difficulty.csv
main_panel150_gpt54nano,CoT (maximum reasoning),medqa_test,medqa,en,medqa_panel4_150_030,test:261,261,easy,C,,3,3.0,1.0,False,thesis_github/data/evals/failure_prediction/panel150_gpt54nano_delta_ci_plot_v1/panel150_gpt54nano_per_question_method_accuracy_with_difficulty.csv
main_panel150_gpt54nano,CoT (maximum reasoning),medqa_test,medqa,en,medqa_panel4_150_077,test:271,271,hard,B,,3,3.0,1.0,False,thesis_github/data/evals/failure_prediction/panel150_gpt54nano_delta_ci_plot_v1/panel150_gpt54nano_per_question_method_accuracy_with_difficulty.csv
main_panel150_gpt54nano,CoT (maximum reasoning),medqa_test,medqa,en,medqa_panel4_150_031,test:279,279,easy,B,,3,3.0,1.0,False,thesis_github/data/evals/failure_prediction/panel150_gpt54nano_delta_ci_plot_v1/panel150_gpt54nano_per_question_method_accuracy_with_difficulty.csv
main_panel150_gpt54nano,CoT (maximum reasoning),medqa_test,medqa,en,medqa_panel4_150_078,test:285,285,hard,D,,3,0.0,0.0,False,thesis_github/data/evals/failure_prediction/panel150_gpt54nano_delta_ci_plot_v1/panel150_gpt54nano_per_question_method_accuracy_with_difficulty.csv
main_panel150_gpt54nano,CoT (maximum reasoning),medqa_test,medqa,en,medqa_panel4_150_079,test:29,29,hard,D,,3,2.0,0.6666666666666666,False,thesis_github/data/evals/failure_prediction/panel150_gpt54nano_delta_ci_plot_v1/panel150_gpt54nano_per_question_method_accuracy_with_difficulty.csv
main_panel150_gpt54nano,CoT (maximum reasoning),medqa_test,medqa,en,medqa_panel4_150_032,test:316,316,easy,A,,3,3.0,1.0,False,thesis_github/data/evals/failure_prediction/panel150_gpt54nano_delta_ci_plot_v1/panel150_gpt54nano_per_question_method_accuracy_with_difficulty.csv
main_panel150_gpt54nano,CoT (maximum reasoning),medqa_test,medqa,en,medqa_panel4_150_128,test:326,326,medium,B,,3,3.0,1.0,False,thesis_github/data/evals/failure_prediction/panel150_gpt54nano_delta_ci_plot_v1/panel150_gpt54nano_per_question_method_accuracy_with_difficulty.csv
main_panel150_gpt54nano,CoT (maximum reasoning),medqa_test,medqa,en,medqa_panel4_150_080,test:337,337,hard,C,,3,3.0,1.0,False,thesis_github/data/evals/failure_prediction/panel150_gpt54nano_delta_ci_plot_v1/panel150_gpt54nano_per_question_method_accuracy_with_difficulty.csv
main_panel150_gpt54nano,CoT (maximum reasoning),medqa_test,medqa,en,medqa_panel4_150_129,test:345,345,medium,C,,3,3.0,1.0,False,thesis_github/data/evals/failure_prediction/panel150_gpt54nano_delta_ci_plot_v1/panel150_gpt54nano_per_question_method_accuracy_with_difficulty.csv
main_panel150_gpt54nano,CoT (maximum reasoning),medqa_test,medqa,en,medqa_panel4_150_007,test:356,356,easy,A,,3,3.0,1.0,False,thesis_github/data/evals/failure_prediction/panel150_gpt54nano_delta_ci_plot_v1/panel150_gpt54nano_per_question_method_accuracy_with_difficulty.csv
main_panel150_gpt54nano,CoT (maximum reasoning),medqa_test,medqa,en,medqa_panel4_150_130,test:358,358,medium,B,,3,3.0,1.0,False,thesis_github/data/evals/failure_prediction/panel150_gpt54nano_delta_ci_plot_v1/panel150_gpt54nano_per_question_method_accuracy_with_difficulty.csv
main_panel150_gpt54nano,CoT (maximum reasoning),medqa_test,medqa,en,medqa_panel4_150_108,test:36,36,medium,E,,3,3.0,1.0,False,thesis_github/data/evals/failure_prediction/panel150_gpt54nano_delta_ci_plot_v1/panel150_gpt54nano_per_question_method_accuracy_with_difficulty.csv
main_panel150_gpt54nano,CoT (maximum reasoning),medqa_test,medqa,en,medqa_panel4_150_131,test:372,372,medium,E,,3,3.0,1.0,False,thesis_github/data/evals/failure_prediction/panel150_gpt54nano_delta_ci_plot_v1/panel150_gpt54nano_per_question_method_accuracy_with_difficulty.csv
main_panel150_gpt54nano,CoT (maximum reasoning),medqa_test,medqa,en,medqa_panel4_150_033,test:374,374,easy,D,,3,3.0,1.0,False,thesis_github/data/evals/failure_prediction/panel150_gpt54nano_delta_ci_plot_v1/panel150_gpt54nano_per_question_method_accuracy_with_difficulty.csv
main_panel150_gpt54nano,CoT (maximum reasoning),medqa_test,medqa,en,medqa_panel4_150_034,test:387,387,easy,B,,3,3.0,1.0,False,thesis_github/data/evals/failure_prediction/panel150_gpt54nano_delta_ci_plot_v1/panel150_gpt54nano_per_question_method_accuracy_with_difficulty.csv
main_panel150_gpt54nano,CoT (maximum reasoning),medqa_test,medqa,en,medqa_panel4_150_008,test:400,400,easy,B,,3,3.0,1.0,False,thesis_github/data/evals/failure_prediction/panel150_gpt54nano_delta_ci_plot_v1/panel150_gpt54nano_per_question_method_accuracy_with_difficulty.csv
main_panel150_gpt54nano,CoT (maximum reasoning),medqa_test,medqa,en,medqa_panel4_150_132,test:401,401,medium,C,,3,3.0,1.0,False,thesis_github/data/evals/failure_prediction/panel150_gpt54nano_delta_ci_plot_v1/panel150_gpt54nano_per_question_method_accuracy_with_difficulty.csv
main_panel150_gpt54nano,CoT (maximum reasoning),medqa_test,medqa,en,medqa_panel4_150_081,test:413,413,hard,B,,3,1.0,0.3333333333333333,False,thesis_github/data/evals/failure_prediction/panel150_gpt54nano_delta_ci_plot_v1/panel150_gpt54nano_per_question_method_accuracy_with_difficulty.csv
main_panel150_gpt54nano,CoT (maximum reasoning),medqa_test,medqa,en,medqa_panel4_150_133,test:42,42,medium,A,,3,3.0,1.0,False,thesis_github/data/evals/failure_prediction/panel150_gpt54nano_delta_ci_plot_v1/panel150_gpt54nano_per_question_method_accuracy_with_difficulty.csv
main_panel150_gpt54nano,CoT (maximum reasoning),medqa_test,medqa,en,medqa_panel4_150_134,test:422,422,medium,A,,3,3.0,1.0,False,thesis_github/data/evals/failure_prediction/panel150_gpt54nano_delta_ci_plot_v1/panel150_gpt54nano_per_question_method_accuracy_with_difficulty.csv
main_panel150_gpt54nano,CoT (maximum reasoning),medqa_test,medqa,en,medqa_panel4_150_082,test:423,423,hard,E,,3,1.0,0.3333333333333333,False,thesis_github/data/evals/failure_prediction/panel150_gpt54nano_delta_ci_plot_v1/panel150_gpt54nano_per_question_method_accuracy_with_difficulty.csv
main_panel150_gpt54nano,CoT (maximum reasoning),medqa_test,medqa,en,medqa_panel4_150_109,test:425,425,medium,C,,3,2.0,0.6666666666666666,False,thesis_github/data/evals/failure_prediction/panel150_gpt54nano_delta_ci_plot_v1/panel150_gpt54nano_per_question_method_accuracy_with_difficulty.csv
main_panel150_gpt54nano,CoT (maximum reasoning),medqa_test,medqa,en,medqa_panel4_150_009,test:436,436,easy,C,,3,3.0,1.0,False,thesis_github/data/evals/failure_prediction/panel150_gpt54nano_delta_ci_plot_v1/panel150_gpt54nano_per_question_method_accuracy_with_difficulty.csv
main_panel150_gpt54nano,CoT (maximum reasoning),medqa_test,medqa,en,medqa_panel4_150_083,test:44,44,hard,B,,3,3.0,1.0,False,thesis_github/data/evals/failure_prediction/panel150_gpt54nano_delta_ci_plot_v1/panel150_gpt54nano_per_question_method_accuracy_with_difficulty.csv
main_panel150_gpt54nano,CoT (maximum reasoning),medqa_test,medqa,en,medqa_panel4_150_010,test:451,451,easy,E,,3,3.0,1.0,False,thesis_github/data/evals/failure_prediction/panel150_gpt54nano_delta_ci_plot_v1/panel150_gpt54nano_per_question_method_accuracy_with_difficulty.csv
main_panel150_gpt54nano,CoT (maximum reasoning),medqa_test,medqa,en,medqa_panel4_150_057,test:452,452,hard,C,,3,3.0,1.0,False,thesis_github/data/evals/failure_prediction/panel150_gpt54nano_delta_ci_plot_v1/panel150_gpt54nano_per_question_method_accuracy_with_difficulty.csv
main_panel150_gpt54nano,CoT (maximum reasoning),medqa_test,medqa,en,medqa_panel4_150_135,test:460,460,medium,A,,3,3.0,1.0,False,thesis_github/data/evals/failure_prediction/panel150_gpt54nano_delta_ci_plot_v1/panel150_gpt54nano_per_question_method_accuracy_with_difficulty.csv
main_panel150_gpt54nano,CoT (maximum reasoning),medqa_test,medqa,en,medqa_panel4_150_084,test:461,461,hard,D,,3,0.0,0.0,False,thesis_github/data/evals/failure_prediction/panel150_gpt54nano_delta_ci_plot_v1/panel150_gpt54nano_per_question_method_accuracy_with_difficulty.csv
main_panel150_gpt54nano,CoT (maximum reasoning),medqa_test,medqa,en,medqa_panel4_150_136,test:471,471,medium,D,,3,3.0,1.0,False,thesis_github/data/evals/failure_prediction/panel150_gpt54nano_delta_ci_plot_v1/panel150_gpt54nano_per_question_method_accuracy_with_difficulty.csv
main_panel150_gpt54nano,CoT (maximum reasoning),medqa_test,medqa,en,medqa_panel4_150_058,test:480,480,hard,B,,3,3.0,1.0,False,thesis_github/data/evals/failure_prediction/panel150_gpt54nano_delta_ci_plot_v1/panel150_gpt54nano_per_question_method_accuracy_with_difficulty.csv
main_panel150_gpt54nano,CoT (maximum reasoning),medqa_test,medqa,en,medqa_panel4_150_085,test:483,483,hard,D,,3,0.0,0.0,False,thesis_github/data/evals/failure_prediction/panel150_gpt54nano_delta_ci_plot_v1/panel150_gpt54nano_per_question_method_accuracy_with_difficulty.csv
main_panel150_gpt54nano,CoT (maximum reasoning),medqa_test,medqa,en,medqa_panel4_150_137,test:486,486,medium,C,,3,3.0,1.0,False,thesis_github/data/evals/failure_prediction/panel150_gpt54nano_delta_ci_plot_v1/panel150_gpt54nano_per_question_method_accuracy_with_difficulty.csv
main_panel150_gpt54nano,CoT (maximum reasoning),medqa_test,medqa,en,medqa_panel4_150_011,test:488,488,easy,A,,3,3.0,1.0,False,thesis_github/data/evals/failure_prediction/panel150_gpt54nano_delta_ci_plot_v1/panel150_gpt54nano_per_question_method_accuracy_with_difficulty.csv
main_panel150_gpt54nano,CoT (maximum reasoning),medqa_test,medqa,en,medqa_panel4_150_086,test:5,5,hard,E,,3,0.0,0.0,False,thesis_github/data/evals/failure_prediction/panel150_gpt54nano_delta_ci_plot_v1/panel150_gpt54nano_per_question_method_accuracy_with_difficulty.csv
main_panel150_gpt54nano,CoT (maximum reasoning),medqa_test,medqa,en,medqa_panel4_150_035,test:504,504,easy,C,,3,3.0,1.0,False,thesis_github/data/evals/failure_prediction/panel150_gpt54nano_delta_ci_plot_v1/panel150_gpt54nano_per_question_method_accuracy_with_difficulty.csv
main_panel150_gpt54nano,CoT (maximum reasoning),medqa_test,medqa,en,medqa_panel4_150_036,test:51,51,easy,A,,3,3.0,1.0,False,thesis_github/data/evals/failure_prediction/panel150_gpt54nano_delta_ci_plot_v1/panel150_gpt54nano_per_question_method_accuracy_with_difficulty.csv
main_panel150_gpt54nano,CoT (maximum reasoning),medqa_test,medqa,en,medqa_panel4_150_087,test:514,514,hard,B,,3,0.0,0.0,False,thesis_github/data/evals/failure_prediction/panel150_gpt54nano_delta_ci_plot_v1/panel150_gpt54nano_per_question_method_accuracy_with_difficulty.csv
main_panel150_gpt54nano,CoT (maximum reasoning),medqa_test,medqa,en,medqa_panel4_150_110,test:524,524,medium,B,,3,1.0,0.3333333333333333,False,thesis_github/data/evals/failure_prediction/panel150_gpt54nano_delta_ci_plot_v1/panel150_gpt54nano_per_question_method_accuracy_with_difficulty.csv
main_panel150_gpt54nano,CoT (maximum reasoning),medqa_test,medqa,en,medqa_panel4_150_037,test:528,528,easy,D,,3,3.0,1.0,False,thesis_github/data/evals/failure_prediction/panel150_gpt54nano_delta_ci_plot_v1/panel150_gpt54nano_per_question_method_accuracy_with_difficulty.csv
main_panel150_gpt54nano,CoT (maximum reasoning),medqa_test,medqa,en,medqa_panel4_150_138,test:550,550,medium,A,,3,3.0,1.0,False,thesis_github/data/evals/failure_prediction/panel150_gpt54nano_delta_ci_plot_v1/panel150_gpt54nano_per_question_method_accuracy_with_difficulty.csv
main_panel150_gpt54nano,CoT (maximum reasoning),medqa_test,medqa,en,medqa_panel4_150_059,test:564,564,hard,A,,3,0.0,0.0,False,thesis_github/data/evals/failure_prediction/panel150_gpt54nano_delta_ci_plot_v1/panel150_gpt54nano_per_question_method_accuracy_with_difficulty.csv
main_panel150_gpt54nano,CoT (maximum reasoning),medqa_test,medqa,en,medqa_panel4_150_038,test:578,578,easy,B,,3,3.0,1.0,False,thesis_github/data/evals/failure_prediction/panel150_gpt54nano_delta_ci_plot_v1/panel150_gpt54nano_per_question_method_accuracy_with_difficulty.csv
main_panel150_gpt54nano,CoT (maximum reasoning),medqa_test,medqa,en,medqa_panel4_150_139,test:581,581,medium,D,,3,3.0,1.0,False,thesis_github/data/evals/failure_prediction/panel150_gpt54nano_delta_ci_plot_v1/panel150_gpt54nano_per_question_method_accuracy_with_difficulty.csv
main_panel150_gpt54nano,CoT (maximum reasoning),medqa_test,medqa,en,medqa_panel4_150_060,test:583,583,hard,E,,3,0.0,0.0,False,thesis_github/data/evals/failure_prediction/panel150_gpt54nano_delta_ci_plot_v1/panel150_gpt54nano_per_question_method_accuracy_with_difficulty.csv
main_panel150_gpt54nano,CoT (maximum reasoning),medqa_test,medqa,en,medqa_panel4_150_088,test:587,587,hard,E,,3,0.0,0.0,False,thesis_github/data/evals/failure_prediction/panel150_gpt54nano_delta_ci_plot_v1/panel150_gpt54nano_per_question_method_accuracy_with_difficulty.csv
main_panel150_gpt54nano,CoT (maximum reasoning),medqa_test,medqa,en,medqa_panel4_150_140,test:594,594,medium,D,,3,3.0,1.0,False,thesis_github/data/evals/failure_prediction/panel150_gpt54nano_delta_ci_plot_v1/panel150_gpt54nano_per_question_method_accuracy_with_difficulty.csv
main_panel150_gpt54nano,CoT (maximum reasoning),medqa_test,medqa,en,medqa_panel4_150_089,test:616,616,hard,E,,3,3.0,1.0,False,thesis_github/data/evals/failure_prediction/panel150_gpt54nano_delta_ci_plot_v1/panel150_gpt54nano_per_question_method_accuracy_with_difficulty.csv
main_panel150_gpt54nano,CoT (maximum reasoning),medqa_test,medqa,en,medqa_panel4_150_039,test:628,628,easy,C,,3,3.0,1.0,False,thesis_github/data/evals/failure_prediction/panel150_gpt54nano_delta_ci_plot_v1/panel150_gpt54nano_per_question_method_accuracy_with_difficulty.csv
main_panel150_gpt54nano,CoT (maximum reasoning),medqa_test,medqa,en,medqa_panel4_150_090,test:634,634,hard,A,,3,2.0,0.6666666666666666,False,thesis_github/data/evals/failure_prediction/panel150_gpt54nano_delta_ci_plot_v1/panel150_gpt54nano_per_question_method_accuracy_with_difficulty.csv
main_panel150_gpt54nano,CoT (maximum reasoning),medqa_test,medqa,en,medqa_panel4_150_061,test:64,64,hard,A,,3,3.0,1.0,False,thesis_github/data/evals/failure_prediction/panel150_gpt54nano_delta_ci_plot_v1/panel150_gpt54nano_per_question_method_accuracy_with_difficulty.csv
main_panel150_gpt54nano,CoT (maximum reasoning),medqa_test,medqa,en,medqa_panel4_150_141,test:652,652,medium,D,,3,3.0,1.0,False,thesis_github/data/evals/failure_prediction/panel150_gpt54nano_delta_ci_plot_v1/panel150_gpt54nano_per_question_method_accuracy_with_difficulty.csv
main_panel150_gpt54nano,CoT (maximum reasoning),medqa_test,medqa,en,medqa_panel4_150_012,test:655,655,easy,B,,3,3.0,1.0,False,thesis_github/data/evals/failure_prediction/panel150_gpt54nano_delta_ci_plot_v1/panel150_gpt54nano_per_question_method_accuracy_with_difficulty.csv
main_panel150_gpt54nano,CoT (maximum reasoning),medqa_test,medqa,en,medqa_panel4_150_091,test:659,659,hard,D,,3,3.0,1.0,False,thesis_github/data/evals/failure_prediction/panel150_gpt54nano_delta_ci_plot_v1/panel150_gpt54nano_per_question_method_accuracy_with_difficulty.csv
main_panel150_gpt54nano,CoT (maximum reasoning),medqa_test,medqa,en,medqa_panel4_150_040,test:66,66,easy,D,,3,3.0,1.0,False,thesis_github/data/evals/failure_prediction/panel150_gpt54nano_delta_ci_plot_v1/panel150_gpt54nano_per_question_method_accuracy_with_difficulty.csv
main_panel150_gpt54nano,CoT (maximum reasoning),medqa_test,medqa,en,medqa_panel4_150_111,test:673,673,medium,E,,3,3.0,1.0,False,thesis_github/data/evals/failure_prediction/panel150_gpt54nano_delta_ci_plot_v1/panel150_gpt54nano_per_question_method_accuracy_with_difficulty.csv
main_panel150_gpt54nano,CoT (maximum reasoning),medqa_test,medqa,en,medqa_panel4_150_092,test:677,677,hard,A,,3,1.0,0.3333333333333333,False,thesis_github/data/evals/failure_prediction/panel150_gpt54nano_delta_ci_plot_v1/panel150_gpt54nano_per_question_method_accuracy_with_difficulty.csv
main_panel150_gpt54nano,CoT (maximum reasoning),medqa_test,medqa,en,medqa_panel4_150_112,test:679,679,medium,C,,3,2.0,0.6666666666666666,False,thesis_github/data/evals/failure_prediction/panel150_gpt54nano_delta_ci_plot_v1/panel150_gpt54nano_per_question_method_accuracy_with_difficulty.csv
main_panel150_gpt54nano,CoT (maximum reasoning),medqa_test,medqa,en,medqa_panel4_150_041,test:684,684,easy,B,,3,3.0,1.0,False,thesis_github/data/evals/failure_prediction/panel150_gpt54nano_delta_ci_plot_v1/panel150_gpt54nano_per_question_method_accuracy_with_difficulty.csv
main_panel150_gpt54nano,CoT (maximum reasoning),medqa_test,medqa,en,medqa_panel4_150_062,test:69,69,hard,A,,3,2.0,0.6666666666666666,False,thesis_github/data/evals/failure_prediction/panel150_gpt54nano_delta_ci_plot_v1/panel150_gpt54nano_per_question_method_accuracy_with_difficulty.csv
main_panel150_gpt54nano,CoT (maximum reasoning),medqa_test,medqa,en,medqa_panel4_150_142,test:691,691,medium,C,,3,3.0,1.0,False,thesis_github/data/evals/failure_prediction/panel150_gpt54nano_delta_ci_plot_v1/panel150_gpt54nano_per_question_method_accuracy_with_difficulty.csv
main_panel150_gpt54nano,CoT (maximum reasoning),medqa_test,medqa,en,medqa_panel4_150_042,test:704,704,easy,E,,3,3.0,1.0,False,thesis_github/data/evals/failure_prediction/panel150_gpt54nano_delta_ci_plot_v1/panel150_gpt54nano_per_question_method_accuracy_with_difficulty.csv
main_panel150_gpt54nano,CoT (maximum reasoning),medqa_test,medqa,en,medqa_panel4_150_093,test:706,706,hard,C,,3,1.0,0.3333333333333333,False,thesis_github/data/evals/failure_prediction/panel150_gpt54nano_delta_ci_plot_v1/panel150_gpt54nano_per_question_method_accuracy_with_difficulty.csv
main_panel150_gpt54nano,CoT (maximum reasoning),medqa_test,medqa,en,medqa_panel4_150_043,test:729,729,easy,D,,3,3.0,1.0,False,thesis_github/data/evals/failure_prediction/panel150_gpt54nano_delta_ci_plot_v1/panel150_gpt54nano_per_question_method_accuracy_with_difficulty.csv
main_panel150_gpt54nano,CoT (maximum reasoning),medqa_test,medqa,en,medqa_panel4_150_143,test:745,745,medium,A,,3,3.0,1.0,False,thesis_github/data/evals/failure_prediction/panel150_gpt54nano_delta_ci_plot_v1/panel150_gpt54nano_per_question_method_accuracy_with_difficulty.csv
main_panel150_gpt54nano,CoT (maximum reasoning),medqa_test,medqa,en,medqa_panel4_150_113,test:752,752,medium,C,,3,3.0,1.0,False,thesis_github/data/evals/failure_prediction/panel150_gpt54nano_delta_ci_plot_v1/panel150_gpt54nano_per_question_method_accuracy_with_difficulty.csv
main_panel150_gpt54nano,CoT (maximum reasoning),medqa_test,medqa,en,medqa_panel4_150_094,test:755,755,hard,D,,3,0.0,0.0,False,thesis_github/data/evals/failure_prediction/panel150_gpt54nano_delta_ci_plot_v1/panel150_gpt54nano_per_question_method_accuracy_with_difficulty.csv
main_panel150_gpt54nano,CoT (maximum reasoning),medqa_test,medqa,en,medqa_panel4_150_114,test:758,758,medium,E,,3,3.0,1.0,False,thesis_github/data/evals/failure_prediction/panel150_gpt54nano_delta_ci_plot_v1/panel150_gpt54nano_per_question_method_accuracy_with_difficulty.csv
main_panel150_gpt54nano,CoT (maximum reasoning),medqa_test,medqa,en,medqa_panel4_150_044,test:782,782,easy,E,,3,3.0,1.0,False,thesis_github/data/evals/failure_prediction/panel150_gpt54nano_delta_ci_plot_v1/panel150_gpt54nano_per_question_method_accuracy_with_difficulty.csv
main_panel150_gpt54nano,CoT (maximum reasoning),medqa_test,medqa,en,medqa_panel4_150_115,test:798,798,medium,C,,3,3.0,1.0,False,thesis_github/data/evals/failure_prediction/panel150_gpt54nano_delta_ci_plot_v1/panel150_gpt54nano_per_question_method_accuracy_with_difficulty.csv
main_panel150_gpt54nano,CoT (maximum reasoning),medqa_test,medqa,en,medqa_panel4_150_013,test:801,801,easy,B,,3,3.0,1.0,False,thesis_github/data/evals/failure_prediction/panel150_gpt54nano_delta_ci_plot_v1/panel150_gpt54nano_per_question_method_accuracy_with_difficulty.csv
main_panel150_gpt54nano,CoT (maximum reasoning),medqa_test,medqa,en,medqa_panel4_150_095,test:803,803,hard,B,,3,0.0,0.0,False,thesis_github/data/evals/failure_prediction/panel150_gpt54nano_delta_ci_plot_v1/panel150_gpt54nano_per_question_method_accuracy_with_difficulty.csv
main_panel150_gpt54nano,CoT (maximum reasoning),medqa_test,medqa,en,medqa_panel4_150_045,test:804,804,easy,A,,3,3.0,1.0,False,thesis_github/data/evals/failure_prediction/panel150_gpt54nano_delta_ci_plot_v1/panel150_gpt54nano_per_question_method_accuracy_with_difficulty.csv
main_panel150_gpt54nano,CoT (maximum reasoning),medqa_test,medqa,en,medqa_panel4_150_096,test:807,807,hard,A,,3,3.0,1.0,False,thesis_github/data/evals/failure_prediction/panel150_gpt54nano_delta_ci_plot_v1/panel150_gpt54nano_per_question_method_accuracy_with_difficulty.csv
main_panel150_gpt54nano,CoT (maximum reasoning),medqa_test,medqa,en,medqa_panel4_150_014,test:811,811,easy,E,,3,3.0,1.0,False,thesis_github/data/evals/failure_prediction/panel150_gpt54nano_delta_ci_plot_v1/panel150_gpt54nano_per_question_method_accuracy_with_difficulty.csv
main_panel150_gpt54nano,CoT (maximum reasoning),medqa_test,medqa,en,medqa_panel4_150_097,test:829,829,hard,E,,3,0.0,0.0,False,thesis_github/data/evals/failure_prediction/panel150_gpt54nano_delta_ci_plot_v1/panel150_gpt54nano_per_question_method_accuracy_with_difficulty.csv
main_panel150_gpt54nano,CoT (maximum reasoning),medqa_test,medqa,en,medqa_panel4_150_046,test:846,846,easy,D,,3,3.0,1.0,False,thesis_github/data/evals/failure_prediction/panel150_gpt54nano_delta_ci_plot_v1/panel150_gpt54nano_per_question_method_accuracy_with_difficulty.csv
main_panel150_gpt54nano,CoT (maximum reasoning),medqa_test,medqa,en,medqa_panel4_150_063,test:850,850,hard,C,,3,0.0,0.0,False,thesis_github/data/evals/failure_prediction/panel150_gpt54nano_delta_ci_plot_v1/panel150_gpt54nano_per_question_method_accuracy_with_difficulty.csv
main_panel150_gpt54nano,CoT (maximum reasoning),medqa_test,medqa,en,medqa_panel4_150_064,test:856,856,hard,D,,3,0.0,0.0,False,thesis_github/data/evals/failure_prediction/panel150_gpt54nano_delta_ci_plot_v1/panel150_gpt54nano_per_question_method_accuracy_with_difficulty.csv
main_panel150_gpt54nano,CoT (maximum reasoning),medqa_test,medqa,en,medqa_panel4_150_015,test:857,857,easy,D,,3,3.0,1.0,False,thesis_github/data/evals/failure_prediction/panel150_gpt54nano_delta_ci_plot_v1/panel150_gpt54nano_per_question_method_accuracy_with_difficulty.csv
main_panel150_gpt54nano,CoT (maximum reasoning),medqa_test,medqa,en,medqa_panel4_150_047,test:86,86,easy,C,,3,3.0,1.0,False,thesis_github/data/evals/failure_prediction/panel150_gpt54nano_delta_ci_plot_v1/panel150_gpt54nano_per_question_method_accuracy_with_difficulty.csv
main_panel150_gpt54nano,CoT (maximum reasoning),medqa_test,medqa,en,medqa_panel4_150_098,test:880,880,hard,C,,3,0.0,0.0,False,thesis_github/data/evals/failure_prediction/panel150_gpt54nano_delta_ci_plot_v1/panel150_gpt54nano_per_question_method_accuracy_with_difficulty.csv
main_panel150_gpt54nano,CoT (maximum reasoning),medqa_test,medqa,en,medqa_panel4_150_099,test:885,885,hard,C,,3,3.0,1.0,False,thesis_github/data/evals/failure_prediction/panel150_gpt54nano_delta_ci_plot_v1/panel150_gpt54nano_per_question_method_accuracy_with_difficulty.csv
main_panel150_gpt54nano,CoT (maximum reasoning),medqa_test,medqa,en,medqa_panel4_150_100,test:887,887,hard,A,,3,0.0,0.0,False,thesis_github/data/evals/failure_prediction/panel150_gpt54nano_delta_ci_plot_v1/panel150_gpt54nano_per_question_method_accuracy_with_difficulty.csv
main_panel150_gpt54nano,CoT (maximum reasoning),medqa_test,medqa,en,medqa_panel4_150_144,test:908,908,medium,C,,3,3.0,1.0,False,thesis_github/data/evals/failure_prediction/panel150_gpt54nano_delta_ci_plot_v1/panel150_gpt54nano_per_question_method_accuracy_with_difficulty.csv
main_panel150_gpt54nano,CoT (maximum reasoning),medqa_test,medqa,en,medqa_panel4_150_145,test:934,934,medium,B,,3,3.0,1.0,False,thesis_github/data/evals/failure_prediction/panel150_gpt54nano_delta_ci_plot_v1/panel150_gpt54nano_per_question_method_accuracy_with_difficulty.csv
main_panel150_gpt54nano,CoT (maximum reasoning),medqa_test,medqa,en,medqa_panel4_150_146,test:936,936,medium,B,,3,3.0,1.0,False,thesis_github/data/evals/failure_prediction/panel150_gpt54nano_delta_ci_plot_v1/panel150_gpt54nano_per_question_method_accuracy_with_difficulty.csv
main_panel150_gpt54nano,CoT (maximum reasoning),medqa_test,medqa,en,medqa_panel4_150_147,test:944,944,medium,E,,3,1.0,0.3333333333333333,False,thesis_github/data/evals/failure_prediction/panel150_gpt54nano_delta_ci_plot_v1/panel150_gpt54nano_per_question_method_accuracy_with_difficulty.csv
main_panel150_gpt54nano,CoT (maximum reasoning),medqa_test,medqa,en,medqa_panel4_150_048,test:946,946,easy,D,,3,3.0,1.0,False,thesis_github/data/evals/failure_prediction/panel150_gpt54nano_delta_ci_plot_v1/panel150_gpt54nano_per_question_method_accuracy_with_difficulty.csv
main_panel150_gpt54nano,CoT (maximum reasoning),medqa_test,medqa,en,medqa_panel4_150_049,test:956,956,easy,B,,3,3.0,1.0,False,thesis_github/data/evals/failure_prediction/panel150_gpt54nano_delta_ci_plot_v1/panel150_gpt54nano_per_question_method_accuracy_with_difficulty.csv
main_panel150_gpt54nano,CoT (maximum reasoning),medqa_test,medqa,en,medqa_panel4_150_148,test:961,961,medium,A,,3,2.0,0.6666666666666666,False,thesis_github/data/evals/failure_prediction/panel150_gpt54nano_delta_ci_plot_v1/panel150_gpt54nano_per_question_method_accuracy_with_difficulty.csv
main_panel150_gpt54nano,CoT (maximum reasoning),medqa_test,medqa,en,medqa_panel4_150_149,test:980,980,medium,C,,3,3.0,1.0,False,thesis_github/data/evals/failure_prediction/panel150_gpt54nano_delta_ci_plot_v1/panel150_gpt54nano_per_question_method_accuracy_with_difficulty.csv
main_panel150_gpt54nano,CoT (maximum reasoning),medqa_test,medqa,en,medqa_panel4_150_150,test:983,983,medium,D,,3,3.0,1.0,False,thesis_github/data/evals/failure_prediction/panel150_gpt54nano_delta_ci_plot_v1/panel150_gpt54nano_per_question_method_accuracy_with_difficulty.csv
main_panel150_gpt54nano,CoT (maximum reasoning),medqa_test,medqa,en,medqa_panel4_150_050,test:991,991,easy,D,,3,3.0,1.0,False,thesis_github/data/evals/failure_prediction/panel150_gpt54nano_delta_ci_plot_v1/panel150_gpt54nano_per_question_method_accuracy_with_difficulty.csv
main_panel150_gpt54nano,CoT (maximum reasoning),medqa_test,medqa,en,medqa_panel4_150_065,test:993,993,hard,A,,3,1.0,0.3333333333333333,False,thesis_github/data/evals/failure_prediction/panel150_gpt54nano_delta_ci_plot_v1/panel150_gpt54nano_per_question_method_accuracy_with_difficulty.csv
main_panel150_gpt54nano,CoT (maximum reasoning),pna_all,pna,pt,pna_panel4_150_101,pna:2018:part_1A:20,17,medium,A,,3,0.0,0.0,False,thesis_github/data/evals/failure_prediction/panel150_gpt54nano_delta_ci_plot_v1/panel150_gpt54nano_per_question_method_accuracy_with_difficulty.csv
main_panel150_gpt54nano,CoT (maximum reasoning),pna_all,pna,pt,pna_panel4_150_001,pna:2018:part_1A:28,25,easy,C,,3,3.0,1.0,False,thesis_github/data/evals/failure_prediction/panel150_gpt54nano_delta_ci_plot_v1/panel150_gpt54nano_per_question_method_accuracy_with_difficulty.csv
main_panel150_gpt54nano,CoT (maximum reasoning),pna_all,pna,pt,pna_panel4_150_102,pna:2018:part_1A:3,2,medium,C,,3,0.0,0.0,False,thesis_github/data/evals/failure_prediction/panel150_gpt54nano_delta_ci_plot_v1/panel150_gpt54nano_per_question_method_accuracy_with_difficulty.csv
main_panel150_gpt54nano,CoT (maximum reasoning),pna_all,pna,pt,pna_panel4_150_103,pna:2018:part_1A:36,33,medium,D,,3,0.0,0.0,False,thesis_github/data/evals/failure_prediction/panel150_gpt54nano_delta_ci_plot_v1/panel150_gpt54nano_per_question_method_accuracy_with_difficulty.csv
main_panel150_gpt54nano,CoT (maximum reasoning),pna_all,pna,pt,pna_panel4_150_051,pna:2018:part_1A:42,39,hard,D,,3,0.0,0.0,False,thesis_github/data/evals/failure_prediction/panel150_gpt54nano_delta_ci_plot_v1/panel150_gpt54nano_per_question_method_accuracy_with_difficulty.csv
main_panel150_gpt54nano,CoT (maximum reasoning),pna_all,pna,pt,pna_panel4_150_002,pna:2018:part_1A:52,49,easy,D,,3,3.0,1.0,False,thesis_github/data/evals/failure_prediction/panel150_gpt54nano_delta_ci_plot_v1/panel150_gpt54nano_per_question_method_accuracy_with_difficulty.csv
main_panel150_gpt54nano,CoT (maximum reasoning),pna_all,pna,pt,pna_panel4_150_052,pna:2018:part_1A:59,56,hard,A,,3,1.0,0.3333333333333333,False,thesis_github/data/evals/failure_prediction/panel150_gpt54nano_delta_ci_plot_v1/panel150_gpt54nano_per_question_method_accuracy_with_difficulty.csv
main_panel150_gpt54nano,CoT (maximum reasoning),pna_all,pna,pt,pna_panel4_150_053,pna:2018:part_1A:6,5,hard,C,,3,0.0,0.0,False,thesis_github/data/evals/failure_prediction/panel150_gpt54nano_delta_ci_plot_v1/panel150_gpt54nano_per_question_method_accuracy_with_difficulty.csv
main_panel150_gpt54nano,CoT (maximum reasoning),pna_all,pna,pt,pna_panel4_150_003,pna:2018:part_1A:63,60,easy,E,,3,3.0,1.0,False,thesis_github/data/evals/failure_prediction/panel150_gpt54nano_delta_ci_plot_v1/panel150_gpt54nano_per_question_method_accuracy_with_difficulty.csv
main_panel150_gpt54nano,CoT (maximum reasoning),pna_all,pna,pt,pna_panel4_150_004,pna:2018:part_1A:64,61,easy,C,,3,3.0,1.0,False,thesis_github/data/evals/failure_prediction/panel150_gpt54nano_delta_ci_plot_v1/panel150_gpt54nano_per_question_method_accuracy_with_difficulty.csv
main_panel150_gpt54nano,CoT (maximum reasoning),pna_all,pna,pt,pna_panel4_150_005,pna:2018:part_1A:68,65,easy,A,,3,3.0,1.0,False,thesis_github/data/evals/failure_prediction/panel150_gpt54nano_delta_ci_plot_v1/panel150_gpt54nano_per_question_method_accuracy_with_difficulty.csv
main_panel150_gpt54nano,CoT (maximum reasoning),pna_all,pna,pt,pna_panel4_150_054,pna:2018:part_1A:74,71,hard,E,,3,1.0,0.3333333333333333,False,thesis_github/data/evals/failure_prediction/panel150_gpt54nano_delta_ci_plot_v1/panel150_gpt54nano_per_question_method_accuracy_with_difficulty.csv
main_panel150_gpt54nano,CoT (maximum reasoning),pna_all,pna,pt,pna_panel4_150_006,pna:2018:part_1A:9,8,easy,A,,3,3.0,1.0,False,thesis_github/data/evals/failure_prediction/panel150_gpt54nano_delta_ci_plot_v1/panel150_gpt54nano_per_question_method_accuracy_with_difficulty.csv
main_panel150_gpt54nano,CoT (maximum reasoning),pna_all,pna,pt,pna_panel4_150_104,pna:2018:part_2A:109,103,medium,B,,3,3.0,1.0,False,thesis_github/data/evals/failure_prediction/panel150_gpt54nano_delta_ci_plot_v1/panel150_gpt54nano_per_question_method_accuracy_with_difficulty.csv
main_panel150_gpt54nano,CoT (maximum reasoning),pna_all,pna,pt,pna_panel4_150_055,pna:2018:part_2A:113,107,hard,E,,3,0.0,0.0,False,thesis_github/data/evals/failure_prediction/panel150_gpt54nano_delta_ci_plot_v1/panel150_gpt54nano_per_question_method_accuracy_with_difficulty.csv
main_panel150_gpt54nano,CoT (maximum reasoning),pna_all,pna,pt,pna_panel4_150_105,pna:2018:part_2A:143,136,medium,D,,3,3.0,1.0,False,thesis_github/data/evals/failure_prediction/panel150_gpt54nano_delta_ci_plot_v1/panel150_gpt54nano_per_question_method_accuracy_with_difficulty.csv
main_panel150_gpt54nano,CoT (maximum reasoning),pna_all,pna,pt,pna_panel4_150_007,pna:2018:part_2A:144,137,easy,B,,3,3.0,1.0,False,thesis_github/data/evals/failure_prediction/panel150_gpt54nano_delta_ci_plot_v1/panel150_gpt54nano_per_question_method_accuracy_with_difficulty.csv
main_panel150_gpt54nano,CoT (maximum reasoning),pna_all,pna,pt,pna_panel4_150_106,pna:2018:part_2A:84,80,medium,A,,3,0.0,0.0,False,thesis_github/data/evals/failure_prediction/panel150_gpt54nano_delta_ci_plot_v1/panel150_gpt54nano_per_question_method_accuracy_with_difficulty.csv
main_panel150_gpt54nano,CoT (maximum reasoning),pna_all,pna,pt,pna_panel4_150_107,pna:2018:part_2A:94,89,medium,A,,3,2.0,0.6666666666666666,False,thesis_github/data/evals/failure_prediction/panel150_gpt54nano_delta_ci_plot_v1/panel150_gpt54nano_per_question_method_accuracy_with_difficulty.csv
main_panel150_gpt54nano,CoT (maximum reasoning),pna_all,pna,pt,pna_panel4_150_008,pna:2019:part_1A:11,152,easy,A,,3,3.0,1.0,False,thesis_github/data/evals/failure_prediction/panel150_gpt54nano_delta_ci_plot_v1/panel150_gpt54nano_per_question_method_accuracy_with_difficulty.csv
main_panel150_gpt54nano,CoT (maximum reasoning),pna_all,pna,pt,pna_panel4_150_108,pna:2019:part_1A:25,164,medium,D,,3,3.0,1.0,False,thesis_github/data/evals/failure_prediction/panel150_gpt54nano_delta_ci_plot_v1/panel150_gpt54nano_per_question_method_accuracy_with_difficulty.csv
main_panel150_gpt54nano,CoT (maximum reasoning),pna_all,pna,pt,pna_panel4_150_056,pna:2019:part_1A:44,182,hard,A,,3,2.0,0.6666666666666666,False,thesis_github/data/evals/failure_prediction/panel150_gpt54nano_delta_ci_plot_v1/panel150_gpt54nano_per_question_method_accuracy_with_difficulty.csv
main_panel150_gpt54nano,CoT (maximum reasoning),pna_all,pna,pt,pna_panel4_150_109,pna:2019:part_1A:45,183,medium,E,,3,3.0,1.0,False,thesis_github/data/evals/failure_prediction/panel150_gpt54nano_delta_ci_plot_v1/panel150_gpt54nano_per_question_method_accuracy_with_difficulty.csv
main_panel150_gpt54nano,CoT (maximum reasoning),pna_all,pna,pt,pna_panel4_150_110,pna:2019:part_1A:48,186,medium,C,,3,3.0,1.0,False,thesis_github/data/evals/failure_prediction/panel150_gpt54nano_delta_ci_plot_v1/panel150_gpt54nano_per_question_method_accuracy_with_difficulty.csv
main_panel150_gpt54nano,CoT (maximum reasoning),pna_all,pna,pt,pna_panel4_150_111,pna:2019:part_1A:54,192,medium,A,,3,1.0,0.3333333333333333,False,thesis_github/data/evals/failure_prediction/panel150_gpt54nano_delta_ci_plot_v1/panel150_gpt54nano_per_question_method_accuracy_with_difficulty.csv
main_panel150_gpt54nano,CoT (maximum reasoning),pna_all,pna,pt,pna_panel4_150_057,pna:2019:part_1A:75,211,hard,E,,3,3.0,1.0,False,thesis_github/data/evals/failure_prediction/panel150_gpt54nano_delta_ci_plot_v1/panel150_gpt54nano_per_question_method_accuracy_with_difficulty.csv
main_panel150_gpt54nano,CoT (maximum reasoning),pna_all,pna,pt,pna_panel4_150_009,pna:2019:part_2A:100,236,easy,E,,3,3.0,1.0,False,thesis_github/data/evals/failure_prediction/panel150_gpt54nano_delta_ci_plot_v1/panel150_gpt54nano_per_question_method_accuracy_with_difficulty.csv
main_panel150_gpt54nano,CoT (maximum reasoning),pna_all,pna,pt,pna_panel4_150_112,pna:2019:part_2A:102,238,medium,C,,3,3.0,1.0,False,thesis_github/data/evals/failure_prediction/panel150_gpt54nano_delta_ci_plot_v1/panel150_gpt54nano_per_question_method_accuracy_with_difficulty.csv
main_panel150_gpt54nano,CoT (maximum reasoning),pna_all,pna,pt,pna_panel4_150_058,pna:2019:part_2A:103,239,hard,C,,3,0.0,0.0,False,thesis_github/data/evals/failure_prediction/panel150_gpt54nano_delta_ci_plot_v1/panel150_gpt54nano_per_question_method_accuracy_with_difficulty.csv
main_panel150_gpt54nano,CoT (maximum reasoning),pna_all,pna,pt,pna_panel4_150_010,pna:2019:part_2A:109,245,easy,C,,3,3.0,1.0,False,thesis_github/data/evals/failure_prediction/panel150_gpt54nano_delta_ci_plot_v1/panel150_gpt54nano_per_question_method_accuracy_with_difficulty.csv
main_panel150_gpt54nano,CoT (maximum reasoning),pna_all,pna,pt,pna_panel4_150_059,pna:2019:part_2A:122,254,hard,D,,3,1.0,0.3333333333333333,False,thesis_github/data/evals/failure_prediction/panel150_gpt54nano_delta_ci_plot_v1/panel150_gpt54nano_per_question_method_accuracy_with_difficulty.csv
main_panel150_gpt54nano,CoT (maximum reasoning),pna_all,pna,pt,pna_panel4_150_011,pna:2019:part_2A:135,266,easy,B,,3,3.0,1.0,False,thesis_github/data/evals/failure_prediction/panel150_gpt54nano_delta_ci_plot_v1/panel150_gpt54nano_per_question_method_accuracy_with_difficulty.csv
main_panel150_gpt54nano,CoT (maximum reasoning),pna_all,pna,pt,pna_panel4_150_012,pna:2019:part_2A:138,269,easy,D,,3,3.0,1.0,False,thesis_github/data/evals/failure_prediction/panel150_gpt54nano_delta_ci_plot_v1/panel150_gpt54nano_per_question_method_accuracy_with_difficulty.csv
main_panel150_gpt54nano,CoT (maximum reasoning),pna_all,pna,pt,pna_panel4_150_060,pna:2020:part_1A:10,290,hard,A,,3,0.0,0.0,False,thesis_github/data/evals/failure_prediction/panel150_gpt54nano_delta_ci_plot_v1/panel150_gpt54nano_per_question_method_accuracy_with_difficulty.csv
main_panel150_gpt54nano,CoT (maximum reasoning),pna_all,pna,pt,pna_panel4_150_013,pna:2020:part_1A:14,294,easy,A,,3,3.0,1.0,False,thesis_github/data/evals/failure_prediction/panel150_gpt54nano_delta_ci_plot_v1/panel150_gpt54nano_per_question_method_accuracy_with_difficulty.csv
main_panel150_gpt54nano,CoT (maximum reasoning),pna_all,pna,pt,pna_panel4_150_014,pna:2020:part_1A:16,296,easy,A,,3,3.0,1.0,False,thesis_github/data/evals/failure_prediction/panel150_gpt54nano_delta_ci_plot_v1/panel150_gpt54nano_per_question_method_accuracy_with_difficulty.csv
main_panel150_gpt54nano,CoT (maximum reasoning),pna_all,pna,pt,pna_panel4_150_061,pna:2020:part_1A:2,282,hard,A,,3,0.0,0.0,False,thesis_github/data/evals/failure_prediction/panel150_gpt54nano_delta_ci_plot_v1/panel150_gpt54nano_per_question_method_accuracy_with_difficulty.csv
main_panel150_gpt54nano,CoT (maximum reasoning),pna_all,pna,pt,pna_panel4_150_113,pna:2020:part_1A:21,301,medium,D,,3,2.0,0.6666666666666666,False,thesis_github/data/evals/failure_prediction/panel150_gpt54nano_delta_ci_plot_v1/panel150_gpt54nano_per_question_method_accuracy_with_difficulty.csv
main_panel150_gpt54nano,CoT (maximum reasoning),pna_all,pna,pt,pna_panel4_150_062,pna:2020:part_1A:27,306,hard,A,,3,0.0,0.0,False,thesis_github/data/evals/failure_prediction/panel150_gpt54nano_delta_ci_plot_v1/panel150_gpt54nano_per_question_method_accuracy_with_difficulty.csv
main_panel150_gpt54nano,CoT (maximum reasoning),pna_all,pna,pt,pna_panel4_150_114,pna:2020:part_1A:30,309,medium,A,,3,3.0,1.0,False,thesis_github/data/evals/failure_prediction/panel150_gpt54nano_delta_ci_plot_v1/panel150_gpt54nano_per_question_method_accuracy_with_difficulty.csv
main_panel150_gpt54nano,CoT (maximum reasoning),pna_all,pna,pt,pna_panel4_150_015,pna:2020:part_1A:31,310,easy,E,,3,3.0,1.0,False,thesis_github/data/evals/failure_prediction/panel150_gpt54nano_delta_ci_plot_v1/panel150_gpt54nano_per_question_method_accuracy_with_difficulty.csv
main_panel150_gpt54nano,CoT (maximum reasoning),pna_all,pna,pt,pna_panel4_150_016,pna:2020:part_1A:52,329,easy,B,,3,3.0,1.0,False,thesis_github/data/evals/failure_prediction/panel150_gpt54nano_delta_ci_plot_v1/panel150_gpt54nano_per_question_method_accuracy_with_difficulty.csv
main_panel150_gpt54nano,CoT (maximum reasoning),pna_all,pna,pt,pna_panel4_150_017,pna:2020:part_1A:64,339,easy,A,,3,3.0,1.0,False,thesis_github/data/evals/failure_prediction/panel150_gpt54nano_delta_ci_plot_v1/panel150_gpt54nano_per_question_method_accuracy_with_difficulty.csv
main_panel150_gpt54nano,CoT (maximum reasoning),pna_all,pna,pt,pna_panel4_150_063,pna:2020:part_1A:70,345,hard,D,,3,0.0,0.0,False,thesis_github/data/evals/failure_prediction/panel150_gpt54nano_delta_ci_plot_v1/panel150_gpt54nano_per_question_method_accuracy_with_difficulty.csv
main_panel150_gpt54nano,CoT (maximum reasoning),pna_all,pna,pt,pna_panel4_150_018,pna:2020:part_1A:73,348,easy,B,,3,3.0,1.0,False,thesis_github/data/evals/failure_prediction/panel150_gpt54nano_delta_ci_plot_v1/panel150_gpt54nano_per_question_method_accuracy_with_difficulty.csv
main_panel150_gpt54nano,CoT (maximum reasoning),pna_all,pna,pt,pna_panel4_150_019,pna:2020:part_1A:9,289,easy,D,,3,3.0,1.0,False,thesis_github/data/evals/failure_prediction/panel150_gpt54nano_delta_ci_plot_v1/panel150_gpt54nano_per_question_method_accuracy_with_difficulty.csv
main_panel150_gpt54nano,CoT (maximum reasoning),pna_all,pna,pt,pna_panel4_150_064,pna:2020:part_2A:105,377,hard,C,,3,0.0,0.0,False,thesis_github/data/evals/failure_prediction/panel150_gpt54nano_delta_ci_plot_v1/panel150_gpt54nano_per_question_method_accuracy_with_difficulty.csv
main_panel150_gpt54nano,CoT (maximum reasoning),pna_all,pna,pt,pna_panel4_150_020,pna:2020:part_2A:123,394,easy,B,,3,3.0,1.0,False,thesis_github/data/evals/failure_prediction/panel150_gpt54nano_delta_ci_plot_v1/panel150_gpt54nano_per_question_method_accuracy_with_difficulty.csv
main_panel150_gpt54nano,CoT (maximum reasoning),pna_all,pna,pt,pna_panel4_150_115,pna:2020:part_2A:130,400,medium,A,,3,3.0,1.0,False,thesis_github/data/evals/failure_prediction/panel150_gpt54nano_delta_ci_plot_v1/panel150_gpt54nano_per_question_method_accuracy_with_difficulty.csv
main_panel150_gpt54nano,CoT (maximum reasoning),pna_all,pna,pt,pna_panel4_150_021,pna:2020:part_2A:94,367,easy,B,,3,3.0,1.0,False,thesis_github/data/evals/failure_prediction/panel150_gpt54nano_delta_ci_plot_v1/panel150_gpt54nano_per_question_method_accuracy_with_difficulty.csv
main_panel150_gpt54nano,CoT (maximum reasoning),pna_all,pna,pt,pna_panel4_150_065,pna:2021:part_1A:18,437,hard,D,,3,1.0,0.3333333333333333,False,thesis_github/data/evals/failure_prediction/panel150_gpt54nano_delta_ci_plot_v1/panel150_gpt54nano_per_question_method_accuracy_with_difficulty.csv
main_panel150_gpt54nano,CoT (maximum reasoning),pna_all,pna,pt,pna_panel4_150_022,pna:2021:part_1A:22,441,easy,E,,3,3.0,1.0,False,thesis_github/data/evals/failure_prediction/panel150_gpt54nano_delta_ci_plot_v1/panel150_gpt54nano_per_question_method_accuracy_with_difficulty.csv
main_panel150_gpt54nano,CoT (maximum reasoning),pna_all,pna,pt,pna_panel4_150_116,pna:2021:part_1A:26,445,medium,E,,3,3.0,1.0,False,thesis_github/data/evals/failure_prediction/panel150_gpt54nano_delta_ci_plot_v1/panel150_gpt54nano_per_question_method_accuracy_with_difficulty.csv
main_panel150_gpt54nano,CoT (maximum reasoning),pna_all,pna,pt,pna_panel4_150_023,pna:2021:part_1A:30,449,easy,A,,3,3.0,1.0,False,thesis_github/data/evals/failure_prediction/panel150_gpt54nano_delta_ci_plot_v1/panel150_gpt54nano_per_question_method_accuracy_with_difficulty.csv
main_panel150_gpt54nano,CoT (maximum reasoning),pna_all,pna,pt,pna_panel4_150_117,pna:2021:part_1A:4,423,medium,A,,3,3.0,1.0,False,thesis_github/data/evals/failure_prediction/panel150_gpt54nano_delta_ci_plot_v1/panel150_gpt54nano_per_question_method_accuracy_with_difficulty.csv
main_panel150_gpt54nano,CoT (maximum reasoning),pna_all,pna,pt,pna_panel4_150_118,pna:2021:part_1A:44,462,medium,C,,3,1.0,0.3333333333333333,False,thesis_github/data/evals/failure_prediction/panel150_gpt54nano_delta_ci_plot_v1/panel150_gpt54nano_per_question_method_accuracy_with_difficulty.csv
main_panel150_gpt54nano,CoT (maximum reasoning),pna_all,pna,pt,pna_panel4_150_066,pna:2021:part_1A:46,464,hard,C,,3,0.0,0.0,False,thesis_github/data/evals/failure_prediction/panel150_gpt54nano_delta_ci_plot_v1/panel150_gpt54nano_per_question_method_accuracy_with_difficulty.csv
main_panel150_gpt54nano,CoT (maximum reasoning),pna_all,pna,pt,pna_panel4_150_067,pna:2021:part_1A:5,424,hard,D,,3,1.0,0.3333333333333333,False,thesis_github/data/evals/failure_prediction/panel150_gpt54nano_delta_ci_plot_v1/panel150_gpt54nano_per_question_method_accuracy_with_difficulty.csv
main_panel150_gpt54nano,CoT (maximum reasoning),pna_all,pna,pt,pna_panel4_150_119,pna:2021:part_1A:57,474,medium,C,,3,3.0,1.0,False,thesis_github/data/evals/failure_prediction/panel150_gpt54nano_delta_ci_plot_v1/panel150_gpt54nano_per_question_method_accuracy_with_difficulty.csv
main_panel150_gpt54nano,CoT (maximum reasoning),pna_all,pna,pt,pna_panel4_150_024,pna:2021:part_1A:60,477,easy,E,,3,3.0,1.0,False,thesis_github/data/evals/failure_prediction/panel150_gpt54nano_delta_ci_plot_v1/panel150_gpt54nano_per_question_method_accuracy_with_difficulty.csv
main_panel150_gpt54nano,CoT (maximum reasoning),pna_all,pna,pt,pna_panel4_150_068,pna:2021:part_1A:61,478,hard,D,,3,0.0,0.0,False,thesis_github/data/evals/failure_prediction/panel150_gpt54nano_delta_ci_plot_v1/panel150_gpt54nano_per_question_method_accuracy_with_difficulty.csv
main_panel150_gpt54nano,CoT (maximum reasoning),pna_all,pna,pt,pna_panel4_150_025,pna:2021:part_1A:66,483,easy,B,,3,3.0,1.0,False,thesis_github/data/evals/failure_prediction/panel150_gpt54nano_delta_ci_plot_v1/panel150_gpt54nano_per_question_method_accuracy_with_difficulty.csv
main_panel150_gpt54nano,CoT (maximum reasoning),pna_all,pna,pt,pna_panel4_150_069,pna:2021:part_1A:68,485,hard,C,,3,0.0,0.0,False,thesis_github/data/evals/failure_prediction/panel150_gpt54nano_delta_ci_plot_v1/panel150_gpt54nano_per_question_method_accuracy_with_difficulty.csv
main_panel150_gpt54nano,CoT (maximum reasoning),pna_all,pna,pt,pna_panel4_150_070,pna:2021:part_1A:71,488,hard,A,,3,2.0,0.6666666666666666,False,thesis_github/data/evals/failure_prediction/panel150_gpt54nano_delta_ci_plot_v1/panel150_gpt54nano_per_question_method_accuracy_with_difficulty.csv
main_panel150_gpt54nano,CoT (maximum reasoning),pna_all,pna,pt,pna_panel4_150_071,pna:2021:part_2A:100,514,hard,E,,3,0.0,0.0,False,thesis_github/data/evals/failure_prediction/panel150_gpt54nano_delta_ci_plot_v1/panel150_gpt54nano_per_question_method_accuracy_with_difficulty.csv
main_panel150_gpt54nano,CoT (maximum reasoning),pna_all,pna,pt,pna_panel4_150_120,pna:2021:part_2A:105,518,medium,E,,3,3.0,1.0,False,thesis_github/data/evals/failure_prediction/panel150_gpt54nano_delta_ci_plot_v1/panel150_gpt54nano_per_question_method_accuracy_with_difficulty.csv
main_panel150_gpt54nano,CoT (maximum reasoning),pna_all,pna,pt,pna_panel4_150_072,pna:2021:part_2A:113,525,hard,A,,3,0.0,0.0,False,thesis_github/data/evals/failure_prediction/panel150_gpt54nano_delta_ci_plot_v1/panel150_gpt54nano_per_question_method_accuracy_with_difficulty.csv
main_panel150_gpt54nano,CoT (maximum reasoning),pna_all,pna,pt,pna_panel4_150_073,pna:2021:part_2A:116,528,hard,C,,3,0.0,0.0,False,thesis_github/data/evals/failure_prediction/panel150_gpt54nano_delta_ci_plot_v1/panel150_gpt54nano_per_question_method_accuracy_with_difficulty.csv
main_panel150_gpt54nano,CoT (maximum reasoning),pna_all,pna,pt,pna_panel4_150_121,pna:2021:part_2A:118,530,medium,A,,3,3.0,1.0,False,thesis_github/data/evals/failure_prediction/panel150_gpt54nano_delta_ci_plot_v1/panel150_gpt54nano_per_question_method_accuracy_with_difficulty.csv
main_panel150_gpt54nano,CoT (maximum reasoning),pna_all,pna,pt,pna_panel4_150_026,pna:2021:part_2A:125,537,easy,B,,3,3.0,1.0,False,thesis_github/data/evals/failure_prediction/panel150_gpt54nano_delta_ci_plot_v1/panel150_gpt54nano_per_question_method_accuracy_with_difficulty.csv
main_panel150_gpt54nano,CoT (maximum reasoning),pna_all,pna,pt,pna_panel4_150_074,pna:2021:part_2A:129,541,hard,A,,3,3.0,1.0,False,thesis_github/data/evals/failure_prediction/panel150_gpt54nano_delta_ci_plot_v1/panel150_gpt54nano_per_question_method_accuracy_with_difficulty.csv
main_panel150_gpt54nano,CoT (maximum reasoning),pna_all,pna,pt,pna_panel4_150_027,pna:2021:part_2A:137,549,easy,C,,3,3.0,1.0,False,thesis_github/data/evals/failure_prediction/panel150_gpt54nano_delta_ci_plot_v1/panel150_gpt54nano_per_question_method_accuracy_with_difficulty.csv
main_panel150_gpt54nano,CoT (maximum reasoning),pna_all,pna,pt,pna_panel4_150_122,pna:2021:part_2A:145,557,medium,E,,3,3.0,1.0,False,thesis_github/data/evals/failure_prediction/panel150_gpt54nano_delta_ci_plot_v1/panel150_gpt54nano_per_question_method_accuracy_with_difficulty.csv
main_panel150_gpt54nano,CoT (maximum reasoning),pna_all,pna,pt,pna_panel4_150_123,pna:2021:part_2A:82,498,medium,A,,3,3.0,1.0,False,thesis_github/data/evals/failure_prediction/panel150_gpt54nano_delta_ci_plot_v1/panel150_gpt54nano_per_question_method_accuracy_with_difficulty.csv
main_panel150_gpt54nano,CoT (maximum reasoning),pna_all,pna,pt,pna_panel4_150_075,pna:2021:part_2A:90,505,hard,D,,3,2.0,0.6666666666666666,False,thesis_github/data/evals/failure_prediction/panel150_gpt54nano_delta_ci_plot_v1/panel150_gpt54nano_per_question_method_accuracy_with_difficulty.csv
main_panel150_gpt54nano,CoT (maximum reasoning),pna_all,pna,pt,pna_panel4_150_076,pna:2021:part_2A:95,509,hard,B,,3,3.0,1.0,False,thesis_github/data/evals/failure_prediction/panel150_gpt54nano_delta_ci_plot_v1/panel150_gpt54nano_per_question_method_accuracy_with_difficulty.csv
main_panel150_gpt54nano,CoT (maximum reasoning),pna_all,pna,pt,pna_panel4_150_077,pna:2022:part_1A:11,571,hard,C,,3,3.0,1.0,False,thesis_github/data/evals/failure_prediction/panel150_gpt54nano_delta_ci_plot_v1/panel150_gpt54nano_per_question_method_accuracy_with_difficulty.csv
main_panel150_gpt54nano,CoT (maximum reasoning),pna_all,pna,pt,pna_panel4_150_124,pna:2022:part_1A:15,575,medium,B,,3,0.0,0.0,False,thesis_github/data/evals/failure_prediction/panel150_gpt54nano_delta_ci_plot_v1/panel150_gpt54nano_per_question_method_accuracy_with_difficulty.csv
main_panel150_gpt54nano,CoT (maximum reasoning),pna_all,pna,pt,pna_panel4_150_078,pna:2022:part_1A:17,577,hard,D,,3,2.0,0.6666666666666666,False,thesis_github/data/evals/failure_prediction/panel150_gpt54nano_delta_ci_plot_v1/panel150_gpt54nano_per_question_method_accuracy_with_difficulty.csv
main_panel150_gpt54nano,CoT (maximum reasoning),pna_all,pna,pt,pna_panel4_150_125,pna:2022:part_1A:18,578,medium,B,,3,2.0,0.6666666666666666,False,thesis_github/data/evals/failure_prediction/panel150_gpt54nano_delta_ci_plot_v1/panel150_gpt54nano_per_question_method_accuracy_with_difficulty.csv
main_panel150_gpt54nano,CoT (maximum reasoning),pna_all,pna,pt,pna_panel4_150_079,pna:2022:part_1A:19,579,hard,B,,3,0.0,0.0,False,thesis_github/data/evals/failure_prediction/panel150_gpt54nano_delta_ci_plot_v1/panel150_gpt54nano_per_question_method_accuracy_with_difficulty.csv
main_panel150_gpt54nano,CoT (maximum reasoning),pna_all,pna,pt,pna_panel4_150_080,pna:2022:part_1A:23,583,hard,E,,3,1.0,0.3333333333333333,False,thesis_github/data/evals/failure_prediction/panel150_gpt54nano_delta_ci_plot_v1/panel150_gpt54nano_per_question_method_accuracy_with_difficulty.csv
main_panel150_gpt54nano,CoT (maximum reasoning),pna_all,pna,pt,pna_panel4_150_028,pna:2022:part_1A:24,584,easy,B,,3,3.0,1.0,False,thesis_github/data/evals/failure_prediction/panel150_gpt54nano_delta_ci_plot_v1/panel150_gpt54nano_per_question_method_accuracy_with_difficulty.csv
main_panel150_gpt54nano,CoT (maximum reasoning),pna_all,pna,pt,pna_panel4_150_126,pna:2022:part_1A:25,585,medium,C,,3,3.0,1.0,False,thesis_github/data/evals/failure_prediction/panel150_gpt54nano_delta_ci_plot_v1/panel150_gpt54nano_per_question_method_accuracy_with_difficulty.csv
main_panel150_gpt54nano,CoT (maximum reasoning),pna_all,pna,pt,pna_panel4_150_029,pna:2022:part_1A:27,587,easy,B,,3,3.0,1.0,False,thesis_github/data/evals/failure_prediction/panel150_gpt54nano_delta_ci_plot_v1/panel150_gpt54nano_per_question_method_accuracy_with_difficulty.csv
main_panel150_gpt54nano,CoT (maximum reasoning),pna_all,pna,pt,pna_panel4_150_127,pna:2022:part_1A:29,589,medium,A,,3,3.0,1.0,False,thesis_github/data/evals/failure_prediction/panel150_gpt54nano_delta_ci_plot_v1/panel150_gpt54nano_per_question_method_accuracy_with_difficulty.csv
main_panel150_gpt54nano,CoT (maximum reasoning),pna_all,pna,pt,pna_panel4_150_128,pna:2022:part_1A:33,592,medium,C,,3,3.0,1.0,False,thesis_github/data/evals/failure_prediction/panel150_gpt54nano_delta_ci_plot_v1/panel150_gpt54nano_per_question_method_accuracy_with_difficulty.csv
main_panel150_gpt54nano,CoT (maximum reasoning),pna_all,pna,pt,pna_panel4_150_129,pna:2022:part_1A:46,604,medium,C,,3,0.0,0.0,False,thesis_github/data/evals/failure_prediction/panel150_gpt54nano_delta_ci_plot_v1/panel150_gpt54nano_per_question_method_accuracy_with_difficulty.csv
main_panel150_gpt54nano,CoT (maximum reasoning),pna_all,pna,pt,pna_panel4_150_081,pna:2022:part_1A:51,609,hard,C,,3,3.0,1.0,False,thesis_github/data/evals/failure_prediction/panel150_gpt54nano_delta_ci_plot_v1/panel150_gpt54nano_per_question_method_accuracy_with_difficulty.csv
main_panel150_gpt54nano,CoT (maximum reasoning),pna_all,pna,pt,pna_panel4_150_030,pna:2022:part_1A:59,617,easy,D,,3,3.0,1.0,False,thesis_github/data/evals/failure_prediction/panel150_gpt54nano_delta_ci_plot_v1/panel150_gpt54nano_per_question_method_accuracy_with_difficulty.csv
main_panel150_gpt54nano,CoT (maximum reasoning),pna_all,pna,pt,pna_panel4_150_082,pna:2022:part_1A:64,622,hard,A,,3,0.0,0.0,False,thesis_github/data/evals/failure_prediction/panel150_gpt54nano_delta_ci_plot_v1/panel150_gpt54nano_per_question_method_accuracy_with_difficulty.csv
main_panel150_gpt54nano,CoT (maximum reasoning),pna_all,pna,pt,pna_panel4_150_083,pna:2022:part_2A:100,657,hard,A,,3,0.0,0.0,False,thesis_github/data/evals/failure_prediction/panel150_gpt54nano_delta_ci_plot_v1/panel150_gpt54nano_per_question_method_accuracy_with_difficulty.csv
main_panel150_gpt54nano,CoT (maximum reasoning),pna_all,pna,pt,pna_panel4_150_031,pna:2022:part_2A:113,670,easy,C,,3,3.0,1.0,False,thesis_github/data/evals/failure_prediction/panel150_gpt54nano_delta_ci_plot_v1/panel150_gpt54nano_per_question_method_accuracy_with_difficulty.csv
main_panel150_gpt54nano,CoT (maximum reasoning),pna_all,pna,pt,pna_panel4_150_130,pna:2022:part_2A:129,686,medium,D,,3,3.0,1.0,False,thesis_github/data/evals/failure_prediction/panel150_gpt54nano_delta_ci_plot_v1/panel150_gpt54nano_per_question_method_accuracy_with_difficulty.csv
main_panel150_gpt54nano,CoT (maximum reasoning),pna_all,pna,pt,pna_panel4_150_084,pna:2022:part_2A:132,689,hard,A,,3,3.0,1.0,False,thesis_github/data/evals/failure_prediction/panel150_gpt54nano_delta_ci_plot_v1/panel150_gpt54nano_per_question_method_accuracy_with_difficulty.csv
main_panel150_gpt54nano,CoT (maximum reasoning),pna_all,pna,pt,pna_panel4_150_085,pna:2022:part_2A:138,695,hard,A,,3,0.0,0.0,False,thesis_github/data/evals/failure_prediction/panel150_gpt54nano_delta_ci_plot_v1/panel150_gpt54nano_per_question_method_accuracy_with_difficulty.csv
main_panel150_gpt54nano,CoT (maximum reasoning),pna_all,pna,pt,pna_panel4_150_131,pna:2022:part_2A:79,636,medium,B,,3,3.0,1.0,False,thesis_github/data/evals/failure_prediction/panel150_gpt54nano_delta_ci_plot_v1/panel150_gpt54nano_per_question_method_accuracy_with_difficulty.csv
main_panel150_gpt54nano,CoT (maximum reasoning),pna_all,pna,pt,pna_panel4_150_032,pna:2022:part_2A:83,640,easy,A,,3,3.0,1.0,False,thesis_github/data/evals/failure_prediction/panel150_gpt54nano_delta_ci_plot_v1/panel150_gpt54nano_per_question_method_accuracy_with_difficulty.csv
main_panel150_gpt54nano,CoT (maximum reasoning),pna_all,pna,pt,pna_panel4_150_132,pna:2023:part_1A:11,715,medium,A,,3,3.0,1.0,False,thesis_github/data/evals/failure_prediction/panel150_gpt54nano_delta_ci_plot_v1/panel150_gpt54nano_per_question_method_accuracy_with_difficulty.csv
main_panel150_gpt54nano,CoT (maximum reasoning),pna_all,pna,pt,pna_panel4_150_086,pna:2023:part_1A:31,735,hard,D,,3,2.0,0.6666666666666666,False,thesis_github/data/evals/failure_prediction/panel150_gpt54nano_delta_ci_plot_v1/panel150_gpt54nano_per_question_method_accuracy_with_difficulty.csv
main_panel150_gpt54nano,CoT (maximum reasoning),pna_all,pna,pt,pna_panel4_150_087,pna:2023:part_1A:34,738,hard,E,,3,3.0,1.0,False,thesis_github/data/evals/failure_prediction/panel150_gpt54nano_delta_ci_plot_v1/panel150_gpt54nano_per_question_method_accuracy_with_difficulty.csv
main_panel150_gpt54nano,CoT (maximum reasoning),pna_all,pna,pt,pna_panel4_150_033,pna:2023:part_1A:36,740,easy,B,,3,3.0,1.0,False,thesis_github/data/evals/failure_prediction/panel150_gpt54nano_delta_ci_plot_v1/panel150_gpt54nano_per_question_method_accuracy_with_difficulty.csv
main_panel150_gpt54nano,CoT (maximum reasoning),pna_all,pna,pt,pna_panel4_150_133,pna:2023:part_1A:5,710,medium,E,,3,2.0,0.6666666666666666,False,thesis_github/data/evals/failure_prediction/panel150_gpt54nano_delta_ci_plot_v1/panel150_gpt54nano_per_question_method_accuracy_with_difficulty.csv
main_panel150_gpt54nano,CoT (maximum reasoning),pna_all,pna,pt,pna_panel4_150_134,pna:2023:part_1A:50,754,medium,E,,3,3.0,1.0,False,thesis_github/data/evals/failure_prediction/panel150_gpt54nano_delta_ci_plot_v1/panel150_gpt54nano_per_question_method_accuracy_with_difficulty.csv
main_panel150_gpt54nano,CoT (maximum reasoning),pna_all,pna,pt,pna_panel4_150_088,pna:2023:part_1A:52,756,hard,C,,3,0.0,0.0,False,thesis_github/data/evals/failure_prediction/panel150_gpt54nano_delta_ci_plot_v1/panel150_gpt54nano_per_question_method_accuracy_with_difficulty.csv
main_panel150_gpt54nano,CoT (maximum reasoning),pna_all,pna,pt,pna_panel4_150_135,pna:2023:part_1A:55,759,medium,E,,3,3.0,1.0,False,thesis_github/data/evals/failure_prediction/panel150_gpt54nano_delta_ci_plot_v1/panel150_gpt54nano_per_question_method_accuracy_with_difficulty.csv
main_panel150_gpt54nano,CoT (maximum reasoning),pna_all,pna,pt,pna_panel4_150_034,pna:2023:part_1A:68,772,easy,C,,3,3.0,1.0,False,thesis_github/data/evals/failure_prediction/panel150_gpt54nano_delta_ci_plot_v1/panel150_gpt54nano_per_question_method_accuracy_with_difficulty.csv
main_panel150_gpt54nano,CoT (maximum reasoning),pna_all,pna,pt,pna_panel4_150_035,pna:2023:part_1A:71,775,easy,C,,3,3.0,1.0,False,thesis_github/data/evals/failure_prediction/panel150_gpt54nano_delta_ci_plot_v1/panel150_gpt54nano_per_question_method_accuracy_with_difficulty.csv
main_panel150_gpt54nano,CoT (maximum reasoning),pna_all,pna,pt,pna_panel4_150_136,pna:2023:part_2A:103,805,medium,E,,3,3.0,1.0,False,thesis_github/data/evals/failure_prediction/panel150_gpt54nano_delta_ci_plot_v1/panel150_gpt54nano_per_question_method_accuracy_with_difficulty.csv
main_panel150_gpt54nano,CoT (maximum reasoning),pna_all,pna,pt,pna_panel4_150_137,pna:2023:part_2A:105,807,medium,B,,3,3.0,1.0,False,thesis_github/data/evals/failure_prediction/panel150_gpt54nano_delta_ci_plot_v1/panel150_gpt54nano_per_question_method_accuracy_with_difficulty.csv
main_panel150_gpt54nano,CoT (maximum reasoning),pna_all,pna,pt,pna_panel4_150_036,pna:2023:part_2A:124,824,easy,E,,3,3.0,1.0,False,thesis_github/data/evals/failure_prediction/panel150_gpt54nano_delta_ci_plot_v1/panel150_gpt54nano_per_question_method_accuracy_with_difficulty.csv
main_panel150_gpt54nano,CoT (maximum reasoning),pna_all,pna,pt,pna_panel4_150_037,pna:2023:part_2A:141,841,easy,B,,3,3.0,1.0,False,thesis_github/data/evals/failure_prediction/panel150_gpt54nano_delta_ci_plot_v1/panel150_gpt54nano_per_question_method_accuracy_with_difficulty.csv
main_panel150_gpt54nano,CoT (maximum reasoning),pna_all,pna,pt,pna_panel4_150_089,pna:2023:part_2A:81,784,hard,E,,3,2.0,0.6666666666666666,False,thesis_github/data/evals/failure_prediction/panel150_gpt54nano_delta_ci_plot_v1/panel150_gpt54nano_per_question_method_accuracy_with_difficulty.csv
main_panel150_gpt54nano,CoT (maximum reasoning),pna_all,pna,pt,pna_panel4_150_090,pna:2023:part_2A:87,790,hard,B,,3,0.0,0.0,False,thesis_github/data/evals/failure_prediction/panel150_gpt54nano_delta_ci_plot_v1/panel150_gpt54nano_per_question_method_accuracy_with_difficulty.csv
main_panel150_gpt54nano,CoT (maximum reasoning),pna_all,pna,pt,pna_panel4_150_138,pna:2023:part_2A:90,793,medium,D,,3,3.0,1.0,False,thesis_github/data/evals/failure_prediction/panel150_gpt54nano_delta_ci_plot_v1/panel150_gpt54nano_per_question_method_accuracy_with_difficulty.csv
main_panel150_gpt54nano,CoT (maximum reasoning),pna_all,pna,pt,pna_panel4_150_038,pna:2023:part_2A:91,794,easy,A,,3,3.0,1.0,False,thesis_github/data/evals/failure_prediction/panel150_gpt54nano_delta_ci_plot_v1/panel150_gpt54nano_per_question_method_accuracy_with_difficulty.csv
main_panel150_gpt54nano,CoT (maximum reasoning),pna_all,pna,pt,pna_panel4_150_139,pna:2024:part_1A:11,860,medium,D,,3,3.0,1.0,False,thesis_github/data/evals/failure_prediction/panel150_gpt54nano_delta_ci_plot_v1/panel150_gpt54nano_per_question_method_accuracy_with_difficulty.csv
main_panel150_gpt54nano,CoT (maximum reasoning),pna_all,pna,pt,pna_panel4_150_091,pna:2024:part_1A:12,861,hard,B,,3,3.0,1.0,False,thesis_github/data/evals/failure_prediction/panel150_gpt54nano_delta_ci_plot_v1/panel150_gpt54nano_per_question_method_accuracy_with_difficulty.csv
main_panel150_gpt54nano,CoT (maximum reasoning),pna_all,pna,pt,pna_panel4_150_092,pna:2024:part_1A:31,879,hard,C,,3,0.0,0.0,False,thesis_github/data/evals/failure_prediction/panel150_gpt54nano_delta_ci_plot_v1/panel150_gpt54nano_per_question_method_accuracy_with_difficulty.csv
main_panel150_gpt54nano,CoT (maximum reasoning),pna_all,pna,pt,pna_panel4_150_140,pna:2024:part_1A:35,883,medium,C,,3,3.0,1.0,False,thesis_github/data/evals/failure_prediction/panel150_gpt54nano_delta_ci_plot_v1/panel150_gpt54nano_per_question_method_accuracy_with_difficulty.csv
main_panel150_gpt54nano,CoT (maximum reasoning),pna_all,pna,pt,pna_panel4_150_093,pna:2024:part_1A:44,892,hard,E,,3,0.0,0.0,False,thesis_github/data/evals/failure_prediction/panel150_gpt54nano_delta_ci_plot_v1/panel150_gpt54nano_per_question_method_accuracy_with_difficulty.csv
main_panel150_gpt54nano,CoT (maximum reasoning),pna_all,pna,pt,pna_panel4_150_039,pna:2024:part_1A:57,905,easy,E,,3,3.0,1.0,False,thesis_github/data/evals/failure_prediction/panel150_gpt54nano_delta_ci_plot_v1/panel150_gpt54nano_per_question_method_accuracy_with_difficulty.csv
main_panel150_gpt54nano,CoT (maximum reasoning),pna_all,pna,pt,pna_panel4_150_141,pna:2024:part_1A:58,906,medium,E,,3,3.0,1.0,False,thesis_github/data/evals/failure_prediction/panel150_gpt54nano_delta_ci_plot_v1/panel150_gpt54nano_per_question_method_accuracy_with_difficulty.csv
main_panel150_gpt54nano,CoT (maximum reasoning),pna_all,pna,pt,pna_panel4_150_094,pna:2024:part_1A:9,858,hard,A,,3,0.0,0.0,False,thesis_github/data/evals/failure_prediction/panel150_gpt54nano_delta_ci_plot_v1/panel150_gpt54nano_per_question_method_accuracy_with_difficulty.csv
main_panel150_gpt54nano,CoT (maximum reasoning),pna_all,pna,pt,pna_panel4_150_142,pna:2024:part_2A:119,960,medium,D,,3,3.0,1.0,False,thesis_github/data/evals/failure_prediction/panel150_gpt54nano_delta_ci_plot_v1/panel150_gpt54nano_per_question_method_accuracy_with_difficulty.csv
main_panel150_gpt54nano,CoT (maximum reasoning),pna_all,pna,pt,pna_panel4_150_040,pna:2024:part_2A:129,970,easy,B,,3,3.0,1.0,False,thesis_github/data/evals/failure_prediction/panel150_gpt54nano_delta_ci_plot_v1/panel150_gpt54nano_per_question_method_accuracy_with_difficulty.csv
main_panel150_gpt54nano,CoT (maximum reasoning),pna_all,pna,pt,pna_panel4_150_041,pna:2024:part_2A:134,975,easy,E,,3,3.0,1.0,False,thesis_github/data/evals/failure_prediction/panel150_gpt54nano_delta_ci_plot_v1/panel150_gpt54nano_per_question_method_accuracy_with_difficulty.csv
main_panel150_gpt54nano,CoT (maximum reasoning),pna_all,pna,pt,pna_panel4_150_042,pna:2024:part_2A:138,979,easy,A,,3,3.0,1.0,False,thesis_github/data/evals/failure_prediction/panel150_gpt54nano_delta_ci_plot_v1/panel150_gpt54nano_per_question_method_accuracy_with_difficulty.csv
main_panel150_gpt54nano,CoT (maximum reasoning),pna_all,pna,pt,pna_panel4_150_043,pna:2024:part_2A:150,991,easy,A,,3,3.0,1.0,False,thesis_github/data/evals/failure_prediction/panel150_gpt54nano_delta_ci_plot_v1/panel150_gpt54nano_per_question_method_accuracy_with_difficulty.csv
main_panel150_gpt54nano,CoT (maximum reasoning),pna_all,pna,pt,pna_panel4_150_095,pna:2024:part_2A:92,936,hard,C,,3,0.0,0.0,False,thesis_github/data/evals/failure_prediction/panel150_gpt54nano_delta_ci_plot_v1/panel150_gpt54nano_per_question_method_accuracy_with_difficulty.csv
main_panel150_gpt54nano,CoT (maximum reasoning),pna_all,pna,pt,pna_panel4_150_096,pna:2024:part_2A:93,937,hard,A,,3,0.0,0.0,False,thesis_github/data/evals/failure_prediction/panel150_gpt54nano_delta_ci_plot_v1/panel150_gpt54nano_per_question_method_accuracy_with_difficulty.csv
main_panel150_gpt54nano,CoT (maximum reasoning),pna_all,pna,pt,pna_panel4_150_044,pna:2024:part_2A:96,940,easy,A,,3,3.0,1.0,False,thesis_github/data/evals/failure_prediction/panel150_gpt54nano_delta_ci_plot_v1/panel150_gpt54nano_per_question_method_accuracy_with_difficulty.csv
main_panel150_gpt54nano,CoT (maximum reasoning),pna_all,pna,pt,pna_panel4_150_143,pna:2024:part_2A:97,941,medium,D,,3,3.0,1.0,False,thesis_github/data/evals/failure_prediction/panel150_gpt54nano_delta_ci_plot_v1/panel150_gpt54nano_per_question_method_accuracy_with_difficulty.csv
main_panel150_gpt54nano,CoT (maximum reasoning),pna_all,pna,pt,pna_panel4_150_144,pna:2025:part_1A:10,1001,medium,D,,3,0.0,0.0,False,thesis_github/data/evals/failure_prediction/panel150_gpt54nano_delta_ci_plot_v1/panel150_gpt54nano_per_question_method_accuracy_with_difficulty.csv
main_panel150_gpt54nano,CoT (maximum reasoning),pna_all,pna,pt,pna_panel4_150_145,pna:2025:part_1A:22,1013,medium,A,,3,3.0,1.0,False,thesis_github/data/evals/failure_prediction/panel150_gpt54nano_delta_ci_plot_v1/panel150_gpt54nano_per_question_method_accuracy_with_difficulty.csv
main_panel150_gpt54nano,CoT (maximum reasoning),pna_all,pna,pt,pna_panel4_150_045,pna:2025:part_1A:23,1014,easy,B,,3,3.0,1.0,False,thesis_github/data/evals/failure_prediction/panel150_gpt54nano_delta_ci_plot_v1/panel150_gpt54nano_per_question_method_accuracy_with_difficulty.csv
main_panel150_gpt54nano,CoT (maximum reasoning),pna_all,pna,pt,pna_panel4_150_146,pna:2025:part_1A:35,1025,medium,A,,3,3.0,1.0,False,thesis_github/data/evals/failure_prediction/panel150_gpt54nano_delta_ci_plot_v1/panel150_gpt54nano_per_question_method_accuracy_with_difficulty.csv
main_panel150_gpt54nano,CoT (maximum reasoning),pna_all,pna,pt,pna_panel4_150_046,pna:2025:part_1A:4,995,easy,A,,3,3.0,1.0,False,thesis_github/data/evals/failure_prediction/panel150_gpt54nano_delta_ci_plot_v1/panel150_gpt54nano_per_question_method_accuracy_with_difficulty.csv
main_panel150_gpt54nano,CoT (maximum reasoning),pna_all,pna,pt,pna_panel4_150_097,pna:2025:part_1A:42,1031,hard,E,,3,0.0,0.0,False,thesis_github/data/evals/failure_prediction/panel150_gpt54nano_delta_ci_plot_v1/panel150_gpt54nano_per_question_method_accuracy_with_difficulty.csv
main_panel150_gpt54nano,CoT (maximum reasoning),pna_all,pna,pt,pna_panel4_150_047,pna:2025:part_1A:59,1048,easy,D,,3,3.0,1.0,False,thesis_github/data/evals/failure_prediction/panel150_gpt54nano_delta_ci_plot_v1/panel150_gpt54nano_per_question_method_accuracy_with_difficulty.csv
main_panel150_gpt54nano,CoT (maximum reasoning),pna_all,pna,pt,pna_panel4_150_147,pna:2025:part_1A:60,1049,medium,A,,3,3.0,1.0,False,thesis_github/data/evals/failure_prediction/panel150_gpt54nano_delta_ci_plot_v1/panel150_gpt54nano_per_question_method_accuracy_with_difficulty.csv
main_panel150_gpt54nano,CoT (maximum reasoning),pna_all,pna,pt,pna_panel4_150_098,pna:2025:part_1A:72,1058,hard,C,,3,0.0,0.0,False,thesis_github/data/evals/failure_prediction/panel150_gpt54nano_delta_ci_plot_v1/panel150_gpt54nano_per_question_method_accuracy_with_difficulty.csv
main_panel150_gpt54nano,CoT (maximum reasoning),pna_all,pna,pt,pna_panel4_150_048,pna:2025:part_1A:8,999,easy,A,,3,2.0,0.6666666666666666,False,thesis_github/data/evals/failure_prediction/panel150_gpt54nano_delta_ci_plot_v1/panel150_gpt54nano_per_question_method_accuracy_with_difficulty.csv
main_panel150_gpt54nano,CoT (maximum reasoning),pna_all,pna,pt,pna_panel4_150_049,pna:2025:part_2A:106,1089,easy,B,,3,3.0,1.0,False,thesis_github/data/evals/failure_prediction/panel150_gpt54nano_delta_ci_plot_v1/panel150_gpt54nano_per_question_method_accuracy_with_difficulty.csv
main_panel150_gpt54nano,CoT (maximum reasoning),pna_all,pna,pt,pna_panel4_150_148,pna:2025:part_2A:107,1090,medium,D,,3,3.0,1.0,False,thesis_github/data/evals/failure_prediction/panel150_gpt54nano_delta_ci_plot_v1/panel150_gpt54nano_per_question_method_accuracy_with_difficulty.csv
main_panel150_gpt54nano,CoT (maximum reasoning),pna_all,pna,pt,pna_panel4_150_149,pna:2025:part_2A:113,1096,medium,E,,3,3.0,1.0,False,thesis_github/data/evals/failure_prediction/panel150_gpt54nano_delta_ci_plot_v1/panel150_gpt54nano_per_question_method_accuracy_with_difficulty.csv
main_panel150_gpt54nano,CoT (maximum reasoning),pna_all,pna,pt,pna_panel4_150_099,pna:2025:part_2A:118,1101,hard,E,,3,0.0,0.0,False,thesis_github/data/evals/failure_prediction/panel150_gpt54nano_delta_ci_plot_v1/panel150_gpt54nano_per_question_method_accuracy_with_difficulty.csv
main_panel150_gpt54nano,CoT (maximum reasoning),pna_all,pna,pt,pna_panel4_150_100,pna:2025:part_2A:130,1113,hard,B,,3,3.0,1.0,False,thesis_github/data/evals/failure_prediction/panel150_gpt54nano_delta_ci_plot_v1/panel150_gpt54nano_per_question_method_accuracy_with_difficulty.csv
main_panel150_gpt54nano,CoT (maximum reasoning),pna_all,pna,pt,pna_panel4_150_050,pna:2025:part_2A:148,1130,easy,C,,3,3.0,1.0,False,thesis_github/data/evals/failure_prediction/panel150_gpt54nano_delta_ci_plot_v1/panel150_gpt54nano_per_question_method_accuracy_with_difficulty.csv
main_panel150_gpt54nano,CoT (maximum reasoning),pna_all,pna,pt,pna_panel4_150_150,pna:2025:part_2A:85,1069,medium,C,,3,3.0,1.0,False,thesis_github/data/evals/failure_prediction/panel150_gpt54nano_delta_ci_plot_v1/panel150_gpt54nano_per_question_method_accuracy_with_difficulty.csv
